date,sku_id,on_hand_units,on_order_units,lead_time_days,reorder_point
2024-01-01,SKU-BED-001,2696,0,21,674
2024-01-01,SKU-BED-002,110,293,14,367
2024-01-01,SKU-BED-003,406,464,21,581
2024-01-01,SKU-BED-004,108,0,7,90
2024-01-01,SKU-BED-005,80,92,7,115
2024-01-01,SKU-BED-006,144,384,21,480
2024-01-01,SKU-BED-007,525,0,14,438
2024-01-01,SKU-BED-008,765,0,28,638
2024-01-01,SKU-BED-009,193,516,21,646
2024-01-01,SKU-BED-010,630,0,14,252
2024-01-01,SKU-BED-011,132,353,14,442
2024-01-01,SKU-BED-012,768,0,14,192
2024-01-01,SKU-BED-013,810,0,14,324
2024-01-01,SKU-BED-014,728,0,21,607
2024-01-01,SKU-BED-015,248,0,14,207
2024-01-01,SKU-BED-016,378,432,21,540
2024-01-01,SKU-BED-017,850,0,21,340
2024-01-01,SKU-BED-018,442,0,7,177
2024-01-01,SKU-BED-019,237,634,28,793
2024-01-01,SKU-BED-020,784,0,7,196
2024-01-01,SKU-BED-021,94,252,14,316
2024-01-01,SKU-BED-022,82,0,7,69
2024-01-01,SKU-BED-023,1142,0,21,457
2024-01-01,SKU-BED-024,52,139,7,174
2024-01-01,SKU-BED-025,357,0,28,298
2024-01-01,SKU-BED-026,206,549,28,687
2024-01-01,SKU-BED-027,45,52,7,65
2024-01-01,SKU-BED-028,373,427,28,534
2024-01-01,SKU-BED-029,174,0,7,145
2024-01-01,SKU-BED-030,81,216,14,271
2024-01-01,SKU-BED-031,172,197,14,247
2024-01-01,SKU-BED-032,510,0,14,425
2024-01-01,SKU-BED-033,84,224,14,280
2024-01-01,SKU-BED-034,123,141,14,177
2024-01-01,SKU-BED-035,332,0,21,277
2024-01-01,SKU-BED-036,375,0,7,150
2024-01-01,SKU-BED-037,482,551,28,689
2024-01-01,SKU-BED-038,415,0,7,166
2024-01-01,SKU-BED-039,1085,0,14,434
2024-01-01,SKU-BED-040,2316,0,21,579
2024-01-01,SKU-FUR-041,197,225,14,282
2024-01-01,SKU-FUR-042,120,322,14,403
2024-01-01,SKU-FUR-043,146,389,21,487
2024-01-01,SKU-FUR-044,1170,0,28,468
2024-01-01,SKU-FUR-045,520,0,14,208
2024-01-01,SKU-FUR-046,264,0,7,220
2024-01-01,SKU-FUR-047,1097,0,28,439
2024-01-01,SKU-FUR-048,499,0,21,416
2024-01-01,SKU-FUR-049,907,0,28,756
2024-01-01,SKU-FUR-050,792,0,14,317
2024-01-01,SKU-FUR-051,157,420,21,525
2024-01-01,SKU-FUR-052,1432,0,21,358
2024-01-01,SKU-FUR-053,1752,0,21,438
2024-01-01,SKU-FUR-054,140,0,7,117
2024-01-01,SKU-FUR-055,202,231,14,289
2024-01-01,SKU-FUR-056,85,97,7,122
2024-01-01,SKU-FUR-057,254,0,14,212
2024-01-01,SKU-FUR-058,547,0,14,219
2024-01-01,SKU-FUR-059,342,391,21,489
2024-01-01,SKU-FUR-060,1052,0,14,421
2024-01-01,SKU-FUR-061,1562,0,28,625
2024-01-01,SKU-FUR-062,596,0,7,149
2024-01-01,SKU-FUR-063,85,228,21,285
2024-01-01,SKU-FUR-064,144,165,14,207
2024-01-01,SKU-FUR-065,39,104,7,131
2024-01-01,SKU-FUR-066,374,0,14,312
2024-01-01,SKU-FUR-067,61,164,14,206
2024-01-01,SKU-FUR-068,355,0,7,142
2024-01-01,SKU-FUR-069,382,437,21,547
2024-01-01,SKU-FUR-070,345,0,7,138
2024-01-01,SKU-FUR-071,162,0,7,65
2024-01-01,SKU-FUR-072,1122,0,28,449
2024-01-01,SKU-FUR-073,117,313,21,392
2024-01-01,SKU-FUR-074,257,0,7,103
2024-01-01,SKU-FUR-075,435,0,7,174
2024-01-01,SKU-FUR-076,448,0,21,374
2024-01-01,SKU-FUR-077,620,0,7,155
2024-01-01,SKU-FUR-078,144,386,28,483
2024-01-01,SKU-FUR-079,2764,0,21,691
2024-01-01,SKU-FUR-080,1552,0,28,621
2024-01-01,SKU-DEC-081,146,0,7,122
2024-01-01,SKU-DEC-082,1668,0,21,417
2024-01-01,SKU-DEC-083,1832,0,28,458
2024-01-01,SKU-DEC-084,404,0,7,101
2024-01-01,SKU-DEC-085,460,0,7,184
2024-01-01,SKU-DEC-086,417,0,21,348
2024-01-01,SKU-DEC-087,1877,0,28,751
2024-01-01,SKU-DEC-088,267,712,28,890
2024-01-01,SKU-DEC-089,643,0,21,536
2024-01-01,SKU-DEC-090,1520,0,28,380
2024-01-01,SKU-DEC-091,467,0,7,187
2024-01-01,SKU-DEC-092,130,0,7,109
2024-01-01,SKU-DEC-093,2592,0,28,648
2024-01-01,SKU-DEC-094,1905,0,28,762
2024-01-01,SKU-DEC-095,2612,0,28,653
2024-01-01,SKU-DEC-096,318,364,14,455
2024-01-01,SKU-DEC-097,973,0,28,811
2024-01-01,SKU-DEC-098,562,0,14,225
2024-01-01,SKU-DEC-099,74,197,14,247
2024-01-01,SKU-DEC-100,452,0,7,113
2024-01-01,SKU-DEC-101,724,0,7,181
2024-01-01,SKU-DEC-102,210,0,7,84
2024-01-01,SKU-DEC-103,175,0,7,70
2024-01-01,SKU-DEC-104,86,230,28,288
2024-01-01,SKU-DEC-105,134,358,28,448
2024-01-01,SKU-DEC-106,199,531,21,664
2024-01-01,SKU-DEC-107,425,0,7,170
2024-01-01,SKU-DEC-108,1420,0,21,568
2024-01-01,SKU-DEC-109,960,0,21,240
2024-01-01,SKU-DEC-110,156,0,14,130
2024-01-01,SKU-DEC-111,884,0,14,221
2024-01-01,SKU-DEC-112,357,0,7,143
2024-01-01,SKU-DEC-113,336,384,28,480
2024-01-01,SKU-DEC-114,1125,0,14,450
2024-01-01,SKU-DEC-115,262,0,7,105
2024-01-01,SKU-DEC-116,1557,0,21,623
2024-01-01,SKU-DEC-117,205,0,7,82
2024-01-01,SKU-DEC-118,588,0,14,147
2024-01-01,SKU-DEC-119,727,0,14,291
2024-01-01,SKU-DEC-120,382,0,14,319
2024-01-01,SKU-LIG-121,712,0,7,178
2024-01-01,SKU-LIG-122,423,0,28,353
2024-01-01,SKU-LIG-123,139,159,7,199
2024-01-01,SKU-LIG-124,310,355,14,444
2024-01-01,SKU-LIG-125,577,0,21,231
2024-01-01,SKU-LIG-126,250,0,14,209
2024-01-01,SKU-LIG-127,219,250,14,313
2024-01-01,SKU-LIG-128,1592,0,21,398
2024-01-01,SKU-LIG-129,586,0,21,489
2024-01-01,SKU-LIG-130,49,132,7,166
2024-01-01,SKU-LIG-131,463,0,14,386
2024-01-01,SKU-LIG-132,114,304,21,380
2024-01-01,SKU-LIG-133,193,516,21,646
2024-01-01,SKU-LIG-134,900,0,14,225
2024-01-01,SKU-LIG-135,402,0,7,161
2024-01-01,SKU-LIG-136,162,432,28,540
2024-01-01,SKU-LIG-137,632,0,7,158
2024-01-01,SKU-LIG-138,65,175,21,219
2024-01-01,SKU-LIG-139,67,179,7,224
2024-01-01,SKU-LIG-140,111,127,14,159
2024-01-01,SKU-LIG-141,1528,0,14,382
2024-01-01,SKU-LIG-142,151,403,21,504
2024-01-01,SKU-LIG-143,514,0,28,429
2024-01-01,SKU-LIG-144,214,244,28,306
2024-01-01,SKU-LIG-145,123,0,7,103
2024-01-01,SKU-LIG-146,108,124,7,155
2024-01-01,SKU-LIG-147,26,71,7,89
2024-01-01,SKU-LIG-148,275,315,21,394
2024-01-01,SKU-LIG-149,160,428,21,536
2024-01-01,SKU-LIG-150,1700,0,21,425
2024-01-01,SKU-LIG-151,40,108,14,136
2024-01-01,SKU-LIG-152,100,267,21,334
2024-01-01,SKU-LIG-153,1102,0,28,441
2024-01-01,SKU-LIG-154,2488,0,21,622
2024-01-01,SKU-LIG-155,185,0,7,74
2024-01-01,SKU-LIG-156,255,0,7,102
2024-01-01,SKU-LIG-157,128,0,7,107
2024-01-01,SKU-LIG-158,58,156,7,195
2024-01-01,SKU-LIG-159,194,0,7,162
2024-01-01,SKU-LIG-160,415,475,21,594
2024-01-01,SKU-SMA-161,115,0,7,96
2024-01-01,SKU-SMA-162,57,65,7,82
2024-01-01,SKU-SMA-163,1208,0,21,302
2024-01-01,SKU-SMA-164,422,0,28,352
2024-01-01,SKU-SMA-165,516,0,28,430
2024-01-01,SKU-SMA-166,312,0,21,260
2024-01-01,SKU-SMA-167,43,116,14,146
2024-01-01,SKU-SMA-168,980,0,14,392
2024-01-01,SKU-SMA-169,455,520,28,651
2024-01-01,SKU-SMA-170,966,0,28,805
2024-01-01,SKU-SMA-171,151,173,7,217
2024-01-01,SKU-SMA-172,81,218,14,273
2024-01-01,SKU-SMA-173,1132,0,14,283
2024-01-01,SKU-SMA-174,1824,0,28,456
2024-01-01,SKU-SMA-175,156,0,7,130
2024-01-01,SKU-SMA-176,32,86,7,108
2024-01-01,SKU-SMA-177,2456,0,28,614
2024-01-01,SKU-SMA-178,95,108,7,136
2024-01-01,SKU-SMA-179,147,392,21,490
2024-01-01,SKU-SMA-180,63,169,7,212
2024-01-01,SKU-SMA-181,55,148,7,186
2024-01-01,SKU-SMA-182,1312,0,14,328
2024-01-01,SKU-SMA-183,505,0,21,202
2024-01-01,SKU-SMA-184,91,243,21,304
2024-01-01,SKU-SMA-185,440,0,7,176
2024-01-01,SKU-SMA-186,581,664,28,830
2024-01-01,SKU-SMA-187,580,0,21,484
2024-01-01,SKU-SMA-188,39,105,14,132
2024-01-01,SKU-SMA-189,229,612,28,765
2024-01-01,SKU-SMA-190,500,0,7,200
2024-01-01,SKU-SMA-191,1597,0,28,639
2024-01-01,SKU-SMA-192,955,0,14,382
2024-01-01,SKU-SMA-193,193,221,21,277
2024-01-01,SKU-SMA-194,105,120,7,150
2024-01-01,SKU-SMA-195,384,439,28,549
2024-01-01,SKU-SMA-196,306,350,28,438
2024-01-01,SKU-SMA-197,575,0,7,230
2024-01-01,SKU-SMA-198,1020,0,21,408
2024-01-01,SKU-SMA-199,559,639,28,799
2024-01-01,SKU-SMA-200,562,0,7,225
2024-01-08,SKU-BED-001,268,0,7,224
2024-01-08,SKU-BED-002,1835,0,28,734
2024-01-08,SKU-BED-003,2324,0,21,581
2024-01-08,SKU-BED-004,225,0,7,90
2024-01-08,SKU-BED-005,575,0,14,230
2024-01-08,SKU-BED-006,800,0,14,320
2024-01-08,SKU-BED-007,459,525,21,657
2024-01-08,SKU-BED-008,574,0,21,479
2024-01-08,SKU-BED-009,258,689,28,862
2024-01-08,SKU-BED-010,1008,0,14,252
2024-01-08,SKU-BED-011,66,176,7,221
2024-01-08,SKU-BED-012,240,0,7,96
2024-01-08,SKU-BED-013,584,0,21,487
2024-01-08,SKU-BED-014,242,0,7,202
2024-01-08,SKU-BED-015,1037,0,28,415
2024-01-08,SKU-BED-016,216,576,28,720
2024-01-08,SKU-BED-017,850,0,21,340
2024-01-08,SKU-BED-018,123,141,7,177
2024-01-08,SKU-BED-019,495,0,7,198
2024-01-08,SKU-BED-020,1967,0,28,787
2024-01-08,SKU-BED-021,379,0,14,316
2024-01-08,SKU-BED-022,1116,0,28,279
2024-01-08,SKU-BED-023,380,0,7,152
2024-01-08,SKU-BED-024,1392,0,14,348
2024-01-08,SKU-BED-025,357,0,28,298
2024-01-08,SKU-BED-026,857,0,14,343
2024-01-08,SKU-BED-027,487,0,21,195
2024-01-08,SKU-BED-028,640,0,28,534
2024-01-08,SKU-BED-029,130,348,21,436
2024-01-08,SKU-BED-030,1628,0,21,407
2024-01-08,SKU-BED-031,148,396,28,495
2024-01-08,SKU-BED-032,297,340,14,425
2024-01-08,SKU-BED-033,560,0,7,140
2024-01-08,SKU-BED-034,105,0,7,88
2024-01-08,SKU-BED-035,222,0,14,185
2024-01-08,SKU-BED-036,180,481,28,602
2024-01-08,SKU-BED-037,1290,0,21,516
2024-01-08,SKU-BED-038,830,0,14,332
2024-01-08,SKU-BED-039,456,521,21,652
2024-01-08,SKU-BED-040,965,0,14,386
2024-01-08,SKU-FUR-041,126,338,21,423
2024-01-08,SKU-FUR-042,241,0,7,201
2024-01-08,SKU-FUR-043,195,520,28,650
2024-01-08,SKU-FUR-044,81,93,7,117
2024-01-08,SKU-FUR-045,1040,0,28,416
2024-01-08,SKU-FUR-046,461,528,21,660
2024-01-08,SKU-FUR-047,1097,0,28,439
2024-01-08,SKU-FUR-048,332,0,14,277
2024-01-08,SKU-FUR-049,264,302,14,378
2024-01-08,SKU-FUR-050,47,126,7,158
2024-01-08,SKU-FUR-051,1400,0,14,350
2024-01-08,SKU-FUR-052,597,0,14,239
2024-01-08,SKU-FUR-053,87,233,14,292
2024-01-08,SKU-FUR-054,329,376,28,470
2024-01-08,SKU-FUR-055,130,347,21,434
2024-01-08,SKU-FUR-056,147,392,28,490
2024-01-08,SKU-FUR-057,1276,0,21,319
2024-01-08,SKU-FUR-058,65,175,14,219
2024-01-08,SKU-FUR-059,1304,0,14,326
2024-01-08,SKU-FUR-060,252,0,7,210
2024-01-08,SKU-FUR-061,46,124,7,156
2024-01-08,SKU-FUR-062,89,239,14,299
2024-01-08,SKU-FUR-063,266,304,28,380
2024-01-08,SKU-FUR-064,496,0,28,414
2024-01-08,SKU-FUR-065,1572,0,21,393
2024-01-08,SKU-FUR-066,374,0,14,312
2024-01-08,SKU-FUR-067,412,0,7,103
2024-01-08,SKU-FUR-068,171,456,28,571
2024-01-08,SKU-FUR-069,218,0,7,182
2024-01-08,SKU-FUR-070,387,442,28,553
2024-01-08,SKU-FUR-071,788,0,21,197
2024-01-08,SKU-FUR-072,33,89,7,112
2024-01-08,SKU-FUR-073,156,0,7,130
2024-01-08,SKU-FUR-074,1244,0,21,311
2024-01-08,SKU-FUR-075,1396,0,14,349
2024-01-08,SKU-FUR-076,622,0,14,249
2024-01-08,SKU-FUR-077,108,124,7,155
2024-01-08,SKU-FUR-078,168,192,14,241
2024-01-08,SKU-FUR-079,2764,0,21,691
2024-01-08,SKU-FUR-080,93,248,14,310
2024-01-08,SKU-DEC-081,1952,0,28,488
2024-01-08,SKU-DEC-082,333,0,14,278
2024-01-08,SKU-DEC-083,549,0,28,458
2024-01-08,SKU-DEC-084,1220,0,21,305
2024-01-08,SKU-DEC-085,460,0,7,184
2024-01-08,SKU-DEC-086,34,92,7,116
2024-01-08,SKU-DEC-087,224,0,7,187
2024-01-08,SKU-DEC-088,534,0,14,445
2024-01-08,SKU-DEC-089,1340,0,21,536
2024-01-08,SKU-DEC-090,1140,0,21,285
2024-01-08,SKU-DEC-091,2992,0,28,748
2024-01-08,SKU-DEC-092,76,87,7,109
2024-01-08,SKU-DEC-093,583,0,21,486
2024-01-08,SKU-DEC-094,952,0,14,381
2024-01-08,SKU-DEC-095,228,260,14,326
2024-01-08,SKU-DEC-096,68,181,7,227
2024-01-08,SKU-DEC-097,729,0,21,608
2024-01-08,SKU-DEC-098,236,270,21,338
2024-01-08,SKU-DEC-099,444,0,21,370
2024-01-08,SKU-DEC-100,852,0,21,341
2024-01-08,SKU-DEC-101,452,0,7,181
2024-01-08,SKU-DEC-102,117,134,14,168
2024-01-08,SKU-DEC-103,527,0,21,211
2024-01-08,SKU-DEC-104,720,0,28,288
2024-01-08,SKU-DEC-105,134,358,28,448
2024-01-08,SKU-DEC-106,2656,0,21,664
2024-01-08,SKU-DEC-107,850,0,14,340
2024-01-08,SKU-DEC-108,2272,0,21,568
2024-01-08,SKU-DEC-109,1280,0,28,320
2024-01-08,SKU-DEC-110,325,0,14,130
2024-01-08,SKU-DEC-111,154,176,14,221
2024-01-08,SKU-DEC-112,171,0,7,143
2024-01-08,SKU-DEC-113,600,0,14,240
2024-01-08,SKU-DEC-114,2700,0,21,675
2024-01-08,SKU-DEC-115,126,336,28,421
2024-01-08,SKU-DEC-116,124,332,14,415
2024-01-08,SKU-DEC-117,114,131,14,164
2024-01-08,SKU-DEC-118,102,117,14,147
2024-01-08,SKU-DEC-119,203,232,14,291
2024-01-08,SKU-DEC-120,447,511,28,639
2024-01-08,SKU-LIG-121,373,427,21,534
2024-01-08,SKU-LIG-122,185,212,21,265
2024-01-08,SKU-LIG-123,956,0,28,797
2024-01-08,SKU-LIG-124,266,711,28,889
2024-01-08,SKU-LIG-125,577,0,21,231
2024-01-08,SKU-LIG-126,1256,0,21,314
2024-01-08,SKU-LIG-127,188,501,28,627
2024-01-08,SKU-LIG-128,662,0,14,265
2024-01-08,SKU-LIG-129,1630,0,28,652
2024-01-08,SKU-LIG-130,150,400,21,500
2024-01-08,SKU-LIG-131,463,0,14,386
2024-01-08,SKU-LIG-132,37,100,7,126
2024-01-08,SKU-LIG-133,129,344,14,431
2024-01-08,SKU-LIG-134,541,0,28,451
2024-01-08,SKU-LIG-135,48,128,7,161
2024-01-08,SKU-LIG-136,40,108,7,135
2024-01-08,SKU-LIG-137,443,507,28,634
2024-01-08,SKU-LIG-138,51,58,7,73
2024-01-08,SKU-LIG-139,470,537,21,672
2024-01-08,SKU-LIG-140,197,0,7,79
2024-01-08,SKU-LIG-141,955,0,14,382
2024-01-08,SKU-LIG-142,100,268,14,336
2024-01-08,SKU-LIG-143,1072,0,28,429
2024-01-08,SKU-LIG-144,68,183,21,229
2024-01-08,SKU-LIG-145,1032,0,28,413
2024-01-08,SKU-LIG-146,746,0,28,622
2024-01-08,SKU-LIG-147,445,0,14,178
2024-01-08,SKU-LIG-148,1052,0,14,263
2024-01-08,SKU-LIG-149,214,572,28,715
2024-01-08,SKU-LIG-150,42,112,7,141
2024-01-08,SKU-LIG-151,163,0,14,136
2024-01-08,SKU-LIG-152,555,0,14,222
2024-01-08,SKU-LIG-153,132,352,28,441
2024-01-08,SKU-LIG-154,580,663,28,829
2024-01-08,SKU-LIG-155,178,0,14,149
2024-01-08,SKU-LIG-156,255,0,7,102
2024-01-08,SKU-LIG-157,535,0,14,214
2024-01-08,SKU-LIG-158,1467,0,21,587
2024-01-08,SKU-LIG-159,1215,0,21,486
2024-01-08,SKU-LIG-160,1584,0,14,396
2024-01-08,SKU-SMA-161,460,0,28,384
2024-01-08,SKU-SMA-162,73,196,21,246
2024-01-08,SKU-SMA-163,90,241,21,302
2024-01-08,SKU-SMA-164,52,140,14,176
2024-01-08,SKU-SMA-165,129,344,28,430
2024-01-08,SKU-SMA-166,60,68,7,86
2024-01-08,SKU-SMA-167,292,0,7,73
2024-01-08,SKU-SMA-168,235,627,28,784
2024-01-08,SKU-SMA-169,97,260,14,325
2024-01-08,SKU-SMA-170,60,160,7,201
2024-01-08,SKU-SMA-171,195,522,21,653
2024-01-08,SKU-SMA-172,1092,0,14,273
2024-01-08,SKU-SMA-173,1415,0,28,566
2024-01-08,SKU-SMA-174,1824,0,28,456
2024-01-08,SKU-SMA-175,626,0,28,522
2024-01-08,SKU-SMA-176,542,0,14,217
2024-01-08,SKU-SMA-177,382,0,7,153
2024-01-08,SKU-SMA-178,95,108,7,136
2024-01-08,SKU-SMA-179,407,0,7,163
2024-01-08,SKU-SMA-180,1018,0,28,849
2024-01-08,SKU-SMA-181,111,297,14,372
2024-01-08,SKU-SMA-182,591,0,21,493
2024-01-08,SKU-SMA-183,46,53,7,67
2024-01-08,SKU-SMA-184,121,0,7,101
2024-01-08,SKU-SMA-185,493,564,28,705
2024-01-08,SKU-SMA-186,62,165,7,207
2024-01-08,SKU-SMA-187,1936,0,21,484
2024-01-08,SKU-SMA-188,79,0,7,66
2024-01-08,SKU-SMA-189,1435,0,21,574
2024-01-08,SKU-SMA-190,1604,0,14,401
2024-01-08,SKU-SMA-191,1916,0,21,479
2024-01-08,SKU-SMA-192,2292,0,21,573
2024-01-08,SKU-SMA-193,83,221,21,277
2024-01-08,SKU-SMA-194,180,480,28,600
2024-01-08,SKU-SMA-195,384,439,28,549
2024-01-08,SKU-SMA-196,1316,0,21,329
2024-01-08,SKU-SMA-197,276,736,28,921
2024-01-08,SKU-SMA-198,326,0,14,272
2024-01-08,SKU-SMA-199,997,0,14,399
2024-01-08,SKU-SMA-200,632,722,28,903
2024-01-15,SKU-BED-001,2696,0,21,674
2024-01-15,SKU-BED-002,54,146,7,183
2024-01-15,SKU-BED-003,57,154,7,193
2024-01-15,SKU-BED-004,360,0,7,90
2024-01-15,SKU-BED-005,414,0,21,345
2024-01-15,SKU-BED-006,192,0,7,160
2024-01-15,SKU-BED-007,547,0,7,219
2024-01-15,SKU-BED-008,95,255,14,319
2024-01-15,SKU-BED-009,258,689,28,862
2024-01-15,SKU-BED-010,604,0,28,504
2024-01-15,SKU-BED-011,552,0,7,221
2024-01-15,SKU-BED-012,201,230,21,288
2024-01-15,SKU-BED-013,1948,0,21,487
2024-01-15,SKU-BED-014,60,161,7,202
2024-01-15,SKU-BED-015,72,82,7,103
2024-01-15,SKU-BED-016,1350,0,21,540
2024-01-15,SKU-BED-017,272,0,14,227
2024-01-15,SKU-BED-018,212,0,7,177
2024-01-15,SKU-BED-019,237,0,7,198
2024-01-15,SKU-BED-020,413,472,21,590
2024-01-15,SKU-BED-021,189,0,7,158
2024-01-15,SKU-BED-022,250,0,21,209
2024-01-15,SKU-BED-023,732,0,28,610
2024-01-15,SKU-BED-024,417,0,14,348
2024-01-15,SKU-BED-025,104,119,14,149
2024-01-15,SKU-BED-026,824,0,28,687
2024-01-15,SKU-BED-027,136,156,21,195
2024-01-15,SKU-BED-028,532,0,7,133
2024-01-15,SKU-BED-029,87,232,14,290
2024-01-15,SKU-BED-030,189,216,14,271
2024-01-15,SKU-BED-031,172,197,14,247
2024-01-15,SKU-BED-032,1062,0,14,425
2024-01-15,SKU-BED-033,294,336,21,420
2024-01-15,SKU-BED-034,247,283,28,354
2024-01-15,SKU-BED-035,193,221,21,277
2024-01-15,SKU-BED-036,361,0,14,301
2024-01-15,SKU-BED-037,154,412,21,516
2024-01-15,SKU-BED-038,598,0,21,499
2024-01-15,SKU-BED-039,65,173,7,217
2024-01-15,SKU-BED-040,965,0,14,386
2024-01-15,SKU-FUR-041,507,0,21,423
2024-01-15,SKU-FUR-042,564,644,28,806
2024-01-15,SKU-FUR-043,1625,0,28,650
2024-01-15,SKU-FUR-044,105,280,21,351
2024-01-15,SKU-FUR-045,520,0,14,208
2024-01-15,SKU-FUR-046,880,0,7,220
2024-01-15,SKU-FUR-047,1756,0,28,439
2024-01-15,SKU-FUR-048,83,221,14,277
2024-01-15,SKU-FUR-049,264,302,14,378
2024-01-15,SKU-FUR-050,632,0,7,158
2024-01-15,SKU-FUR-051,841,0,28,701
2024-01-15,SKU-FUR-052,1432,0,21,358
2024-01-15,SKU-FUR-053,306,350,21,438
2024-01-15,SKU-FUR-054,329,376,28,470
2024-01-15,SKU-FUR-055,202,231,14,289
2024-01-15,SKU-FUR-056,612,0,14,245
2024-01-15,SKU-FUR-057,254,0,14,212
2024-01-15,SKU-FUR-058,436,0,7,109
2024-01-15,SKU-FUR-059,195,0,7,163
2024-01-15,SKU-FUR-060,1011,0,28,843
2024-01-15,SKU-FUR-061,93,249,14,312
2024-01-15,SKU-FUR-062,358,0,14,299
2024-01-15,SKU-FUR-063,342,0,21,285
2024-01-15,SKU-FUR-064,124,331,28,414
2024-01-15,SKU-FUR-065,117,314,21,393
2024-01-15,SKU-FUR-066,1248,0,14,312
2024-01-15,SKU-FUR-067,515,0,14,206
2024-01-15,SKU-FUR-068,99,113,7,142
2024-01-15,SKU-FUR-069,54,145,7,182
2024-01-15,SKU-FUR-070,387,442,28,553
2024-01-15,SKU-FUR-071,162,0,7,65
2024-01-15,SKU-FUR-072,67,179,14,224
2024-01-15,SKU-FUR-073,39,104,7,130
2024-01-15,SKU-FUR-074,123,0,7,103
2024-01-15,SKU-FUR-075,837,0,28,698
2024-01-15,SKU-FUR-076,149,399,28,499
2024-01-15,SKU-FUR-077,1868,0,21,467
2024-01-15,SKU-FUR-078,602,0,14,241
2024-01-15,SKU-FUR-079,644,736,28,921
2024-01-15,SKU-FUR-080,559,0,21,466
2024-01-15,SKU-DEC-081,146,390,28,488
2024-01-15,SKU-DEC-082,97,111,7,139
2024-01-15,SKU-DEC-083,68,183,14,229
2024-01-15,SKU-DEC-084,404,0,7,101
2024-01-15,SKU-DEC-085,220,0,7,184
2024-01-15,SKU-DEC-086,104,278,21,348
2024-01-15,SKU-DEC-087,748,0,7,187
2024-01-15,SKU-DEC-088,266,0,7,222
2024-01-15,SKU-DEC-089,375,428,21,536
2024-01-15,SKU-DEC-090,114,304,28,380
2024-01-15,SKU-DEC-091,168,448,21,561
2024-01-15,SKU-DEC-092,229,262,21,328
2024-01-15,SKU-DEC-093,1944,0,21,486
2024-01-15,SKU-DEC-094,1524,0,14,381
2024-01-15,SKU-DEC-095,1956,0,21,489
2024-01-15,SKU-DEC-096,1707,0,21,683
2024-01-15,SKU-DEC-097,141,161,7,202
2024-01-15,SKU-DEC-098,900,0,14,225
2024-01-15,SKU-DEC-099,492,0,7,123
2024-01-15,SKU-DEC-100,318,364,28,455
2024-01-15,SKU-DEC-101,163,436,21,545
2024-01-15,SKU-DEC-102,75,201,21,252
2024-01-15,SKU-DEC-103,42,112,14,141
2024-01-15,SKU-DEC-104,100,115,14,144
2024-01-15,SKU-DEC-105,156,179,14,224
2024-01-15,SKU-DEC-106,265,0,7,221
2024-01-15,SKU-DEC-107,816,0,28,680
2024-01-15,SKU-DEC-108,529,605,28,757
2024-01-15,SKU-DEC-109,48,128,14,160
2024-01-15,SKU-DEC-110,312,0,28,260
2024-01-15,SKU-DEC-111,132,0,7,110
2024-01-15,SKU-DEC-112,200,228,14,286
2024-01-15,SKU-DEC-113,432,0,21,360
2024-01-15,SKU-DEC-114,67,180,7,225
2024-01-15,SKU-DEC-115,294,336,28,421
2024-01-15,SKU-DEC-116,290,332,14,415
2024-01-15,SKU-DEC-117,328,0,7,82
2024-01-15,SKU-DEC-118,206,236,28,295
2024-01-15,SKU-DEC-119,523,0,21,436
2024-01-15,SKU-DEC-120,1597,0,28,639
2024-01-15,SKU-LIG-121,249,284,14,356
2024-01-15,SKU-LIG-122,704,0,14,176
2024-01-15,SKU-LIG-123,3188,0,28,797
2024-01-15,SKU-LIG-124,266,0,7,222
2024-01-15,SKU-LIG-125,53,61,7,77
2024-01-15,SKU-LIG-126,94,251,21,314
2024-01-15,SKU-LIG-127,187,0,7,156
2024-01-15,SKU-LIG-128,79,212,14,265
2024-01-15,SKU-LIG-129,228,260,14,326
2024-01-15,SKU-LIG-130,415,0,7,166
2024-01-15,SKU-LIG-131,2316,0,21,579
2024-01-15,SKU-LIG-132,632,0,14,253
2024-01-15,SKU-LIG-133,2584,0,21,646
2024-01-15,SKU-LIG-134,315,360,28,451
2024-01-15,SKU-LIG-135,2588,0,28,647
2024-01-15,SKU-LIG-136,162,432,28,540
2024-01-15,SKU-LIG-137,380,0,14,317
2024-01-15,SKU-LIG-138,175,0,14,146
2024-01-15,SKU-LIG-139,806,0,21,672
2024-01-15,SKU-LIG-140,111,127,14,159
2024-01-15,SKU-LIG-141,2292,0,21,573
2024-01-15,SKU-LIG-142,151,403,21,504
2024-01-15,SKU-LIG-143,300,343,28,429
2024-01-15,SKU-LIG-144,382,0,14,153
2024-01-15,SKU-LIG-145,92,247,21,309
2024-01-15,SKU-LIG-146,93,248,14,311
2024-01-15,SKU-LIG-147,667,0,21,267
2024-01-15,SKU-LIG-148,1052,0,14,263
2024-01-15,SKU-LIG-149,160,428,21,536
2024-01-15,SKU-LIG-150,2268,0,28,567
2024-01-15,SKU-LIG-151,143,164,21,205
2024-01-15,SKU-LIG-152,555,0,14,222
2024-01-15,SKU-LIG-153,231,264,21,331
2024-01-15,SKU-LIG-154,248,663,28,829
2024-01-15,SKU-LIG-155,268,0,21,224
2024-01-15,SKU-LIG-156,510,0,14,204
2024-01-15,SKU-LIG-157,225,257,21,322
2024-01-15,SKU-LIG-158,2348,0,21,587
2024-01-15,SKU-LIG-159,583,0,21,486
2024-01-15,SKU-LIG-160,554,633,28,792
2024-01-15,SKU-SMA-161,86,230,21,288
2024-01-15,SKU-SMA-162,328,0,7,82
2024-01-15,SKU-SMA-163,400,0,7,100
2024-01-15,SKU-SMA-164,105,281,28,352
2024-01-15,SKU-SMA-165,1288,0,21,322
2024-01-15,SKU-SMA-166,344,0,7,86
2024-01-15,SKU-SMA-167,87,0,7,73
2024-01-15,SKU-SMA-168,2352,0,21,588
2024-01-15,SKU-SMA-169,390,0,14,325
2024-01-15,SKU-SMA-170,140,160,7,201
2024-01-15,SKU-SMA-171,542,0,7,217
2024-01-15,SKU-SMA-172,1025,0,21,410
2024-01-15,SKU-SMA-173,1132,0,14,283
2024-01-15,SKU-SMA-174,79,91,7,114
2024-01-15,SKU-SMA-175,520,0,7,130
2024-01-15,SKU-SMA-176,868,0,14,217
2024-01-15,SKU-SMA-177,138,368,21,461
2024-01-15,SKU-SMA-178,95,108,7,136
2024-01-15,SKU-SMA-179,407,0,7,163
2024-01-15,SKU-SMA-180,1060,0,14,424
2024-01-15,SKU-SMA-181,930,0,14,372
2024-01-15,SKU-SMA-182,49,131,7,164
2024-01-15,SKU-SMA-183,60,161,21,202
2024-01-15,SKU-SMA-184,30,80,7,101
2024-01-15,SKU-SMA-185,1762,0,28,705
2024-01-15,SKU-SMA-186,2488,0,21,622
2024-01-15,SKU-SMA-187,1615,0,28,646
2024-01-15,SKU-SMA-188,46,52,7,66
2024-01-15,SKU-SMA-189,1528,0,14,382
2024-01-15,SKU-SMA-190,3212,0,28,803
2024-01-15,SKU-SMA-191,111,127,7,159
2024-01-15,SKU-SMA-192,171,458,21,573
2024-01-15,SKU-SMA-193,64,73,7,92
2024-01-15,SKU-SMA-194,750,0,14,300
2024-01-15,SKU-SMA-195,164,0,7,137
2024-01-15,SKU-SMA-196,130,0,7,109
2024-01-15,SKU-SMA-197,1105,0,28,921
2024-01-15,SKU-SMA-198,680,0,14,272
2024-01-15,SKU-SMA-199,497,0,7,199
2024-01-15,SKU-SMA-200,270,722,28,903
2024-01-22,SKU-BED-001,2696,0,21,674
2024-01-22,SKU-BED-002,917,0,14,367
2024-01-22,SKU-BED-003,967,0,14,387
2024-01-22,SKU-BED-004,108,0,7,90
2024-01-22,SKU-BED-005,1844,0,28,461
2024-01-22,SKU-BED-006,192,0,7,160
2024-01-22,SKU-BED-007,153,175,7,219
2024-01-22,SKU-BED-008,1197,0,21,479
2024-01-22,SKU-BED-009,1615,0,21,646
2024-01-22,SKU-BED-010,113,302,21,378
2024-01-22,SKU-BED-011,198,530,21,663
2024-01-22,SKU-BED-012,57,153,14,192
2024-01-22,SKU-BED-013,1948,0,21,487
2024-01-22,SKU-BED-014,2025,0,28,810
2024-01-22,SKU-BED-015,123,0,7,103
2024-01-22,SKU-BED-016,125,144,7,180
2024-01-22,SKU-BED-017,452,0,7,113
2024-01-22,SKU-BED-018,497,568,28,711
2024-01-22,SKU-BED-019,237,634,28,793
2024-01-22,SKU-BED-020,58,156,7,196
2024-01-22,SKU-BED-021,379,0,14,316
2024-01-22,SKU-BED-022,195,223,28,279
2024-01-22,SKU-BED-023,608,0,7,152
2024-01-22,SKU-BED-024,1392,0,14,348
2024-01-22,SKU-BED-025,892,0,21,223
2024-01-22,SKU-BED-026,1717,0,28,687
2024-01-22,SKU-BED-027,234,0,21,195
2024-01-22,SKU-BED-028,480,0,21,400
2024-01-22,SKU-BED-029,43,116,7,145
2024-01-22,SKU-BED-030,1357,0,28,543
2024-01-22,SKU-BED-031,111,296,21,371
2024-01-22,SKU-BED-032,191,510,21,638
2024-01-22,SKU-BED-033,84,224,14,280
2024-01-22,SKU-BED-034,247,283,28,354
2024-01-22,SKU-BED-035,110,0,7,92
2024-01-22,SKU-BED-036,722,0,28,602
2024-01-22,SKU-BED-037,2064,0,21,516
2024-01-22,SKU-BED-038,465,532,28,665
2024-01-22,SKU-BED-039,1085,0,14,434
2024-01-22,SKU-BED-040,115,308,14,386
2024-01-22,SKU-FUR-041,169,451,28,564
2024-01-22,SKU-FUR-042,1512,0,21,605
2024-01-22,SKU-FUR-043,454,520,28,650
2024-01-22,SKU-FUR-044,421,0,21,351
2024-01-22,SKU-FUR-045,374,0,21,312
2024-01-22,SKU-FUR-046,528,0,14,440
2024-01-22,SKU-FUR-047,547,0,14,219
2024-01-22,SKU-FUR-048,165,0,7,138
2024-01-22,SKU-FUR-049,113,302,14,378
2024-01-22,SKU-FUR-050,760,0,28,634
2024-01-22,SKU-FUR-051,1312,0,21,525
2024-01-22,SKU-FUR-052,1912,0,28,478
2024-01-22,SKU-FUR-053,1460,0,28,584
2024-01-22,SKU-FUR-054,141,376,28,470
2024-01-22,SKU-FUR-055,202,231,14,289
2024-01-22,SKU-FUR-056,294,0,14,245
2024-01-22,SKU-FUR-057,382,0,21,319
2024-01-22,SKU-FUR-058,272,0,7,109
2024-01-22,SKU-FUR-059,146,391,21,489
2024-01-22,SKU-FUR-060,590,674,28,843
2024-01-22,SKU-FUR-061,1172,0,21,469
2024-01-22,SKU-FUR-062,718,0,28,599
2024-01-22,SKU-FUR-063,228,0,14,190
2024-01-22,SKU-FUR-064,1240,0,21,310
2024-01-22,SKU-FUR-065,630,0,28,525
2024-01-22,SKU-FUR-066,624,0,7,156
2024-01-22,SKU-FUR-067,372,0,21,310
2024-01-22,SKU-FUR-068,399,456,28,571
2024-01-22,SKU-FUR-069,109,292,14,365
2024-01-22,SKU-FUR-070,552,0,7,138
2024-01-22,SKU-FUR-071,315,0,28,263
2024-01-22,SKU-FUR-072,1348,0,21,337
2024-01-22,SKU-FUR-073,980,0,21,392
2024-01-22,SKU-FUR-074,124,332,28,415
2024-01-22,SKU-FUR-075,488,558,28,698
2024-01-22,SKU-FUR-076,349,399,28,499
2024-01-22,SKU-FUR-077,620,0,7,155
2024-01-22,SKU-FUR-078,905,0,21,362
2024-01-22,SKU-FUR-079,276,0,7,230
2024-01-22,SKU-FUR-080,559,0,21,466
2024-01-22,SKU-DEC-081,915,0,21,366
2024-01-22,SKU-DEC-082,556,0,7,139
2024-01-22,SKU-DEC-083,1372,0,21,343
2024-01-22,SKU-DEC-084,487,0,28,406
2024-01-22,SKU-DEC-085,55,147,7,184
2024-01-22,SKU-DEC-086,1392,0,21,348
2024-01-22,SKU-DEC-087,467,0,7,187
2024-01-22,SKU-DEC-088,623,712,28,890
2024-01-22,SKU-DEC-089,249,285,14,357
2024-01-22,SKU-DEC-090,28,76,7,95
2024-01-22,SKU-DEC-091,673,0,21,561
2024-01-22,SKU-DEC-092,131,349,28,437
2024-01-22,SKU-DEC-093,1215,0,21,486
2024-01-22,SKU-DEC-094,2288,0,21,572
2024-01-22,SKU-DEC-095,48,130,7,163
2024-01-22,SKU-DEC-096,136,364,14,455
2024-01-22,SKU-DEC-097,182,486,21,608
2024-01-22,SKU-DEC-098,157,180,14,225
2024-01-22,SKU-DEC-099,172,197,14,247
2024-01-22,SKU-DEC-100,135,0,7,113
2024-01-22,SKU-DEC-101,381,436,21,545
2024-01-22,SKU-DEC-102,336,0,7,84
2024-01-22,SKU-DEC-103,197,225,28,282
2024-01-22,SKU-DEC-104,64,172,21,216
2024-01-22,SKU-DEC-105,896,0,14,224
2024-01-22,SKU-DEC-106,265,0,7,221
2024-01-22,SKU-DEC-107,612,0,21,510
2024-01-22,SKU-DEC-108,132,151,7,189
2024-01-22,SKU-DEC-109,96,0,7,80
2024-01-22,SKU-DEC-110,325,0,14,130
2024-01-22,SKU-DEC-111,99,265,21,332
2024-01-22,SKU-DEC-112,401,458,28,573
2024-01-22,SKU-DEC-113,1920,0,28,480
2024-01-22,SKU-DEC-114,1687,0,21,675
2024-01-22,SKU-DEC-115,126,336,28,421
2024-01-22,SKU-DEC-116,581,664,28,831
2024-01-22,SKU-DEC-117,57,65,7,82
2024-01-22,SKU-DEC-118,21,58,7,73
2024-01-22,SKU-DEC-119,1455,0,28,582
2024-01-22,SKU-DEC-120,1276,0,14,319
2024-01-22,SKU-LIG-121,2852,0,28,713
2024-01-22,SKU-LIG-122,220,0,7,88
2024-01-22,SKU-LIG-123,796,0,7,199
2024-01-22,SKU-LIG-124,200,533,21,667
2024-01-22,SKU-LIG-125,277,0,21,231
2024-01-22,SKU-LIG-126,1256,0,21,314
2024-01-22,SKU-LIG-127,141,376,21,470
2024-01-22,SKU-LIG-128,662,0,14,265
2024-01-22,SKU-LIG-129,97,260,14,326
2024-01-22,SKU-LIG-130,2000,0,21,500
2024-01-22,SKU-LIG-131,965,0,14,386
2024-01-22,SKU-LIG-132,504,0,7,126
2024-01-22,SKU-LIG-133,129,344,14,431
2024-01-22,SKU-LIG-134,900,0,14,225
2024-01-22,SKU-LIG-135,339,388,21,485
2024-01-22,SKU-LIG-136,1080,0,14,270
2024-01-22,SKU-LIG-137,1268,0,14,317
2024-01-22,SKU-LIG-138,365,0,14,146
2024-01-22,SKU-LIG-139,896,0,7,224
2024-01-22,SKU-LIG-140,197,0,7,79
2024-01-22,SKU-LIG-141,401,458,21,573
2024-01-22,SKU-LIG-142,201,537,28,672
2024-01-22,SKU-LIG-143,1288,0,21,322
2024-01-22,SKU-LIG-144,190,0,7,76
2024-01-22,SKU-LIG-145,123,0,7,103
2024-01-22,SKU-LIG-146,1167,0,21,467
2024-01-22,SKU-LIG-147,356,0,7,89
2024-01-22,SKU-LIG-148,157,420,28,526
2024-01-22,SKU-LIG-149,643,0,21,536
2024-01-22,SKU-LIG-150,2268,0,28,567
2024-01-22,SKU-LIG-151,170,0,7,68
2024-01-22,SKU-LIG-152,1780,0,28,445
2024-01-22,SKU-LIG-153,1324,0,21,331
2024-01-22,SKU-LIG-154,1656,0,14,414
2024-01-22,SKU-LIG-155,209,239,28,299
2024-01-22,SKU-LIG-156,142,163,14,204
2024-01-22,SKU-LIG-157,128,343,28,429
2024-01-22,SKU-LIG-158,117,312,14,391
2024-01-22,SKU-LIG-159,453,518,28,648
2024-01-22,SKU-LIG-160,712,0,21,594
2024-01-22,SKU-SMA-161,345,0,21,288
2024-01-22,SKU-SMA-162,98,263,28,329
2024-01-22,SKU-SMA-163,362,0,21,302
2024-01-22,SKU-SMA-164,105,281,28,352
2024-01-22,SKU-SMA-165,386,0,21,322
2024-01-22,SKU-SMA-166,242,277,28,347
2024-01-22,SKU-SMA-167,182,0,7,73
2024-01-22,SKU-SMA-168,490,0,7,196
2024-01-22,SKU-SMA-169,97,260,14,325
2024-01-22,SKU-SMA-170,724,0,21,604
2024-01-22,SKU-SMA-171,195,522,21,653
2024-01-22,SKU-SMA-172,492,0,21,410
2024-01-22,SKU-SMA-173,127,340,21,425
2024-01-22,SKU-SMA-174,456,0,7,114
2024-01-22,SKU-SMA-175,156,417,28,522
2024-01-22,SKU-SMA-176,75,86,7,108
2024-01-22,SKU-SMA-177,1152,0,21,461
2024-01-22,SKU-SMA-178,1365,0,28,546
2024-01-22,SKU-SMA-179,407,0,7,163
2024-01-22,SKU-SMA-180,1060,0,14,424
2024-01-22,SKU-SMA-181,167,447,21,559
2024-01-22,SKU-SMA-182,114,131,7,164
2024-01-22,SKU-SMA-183,60,161,21,202
2024-01-22,SKU-SMA-184,808,0,14,202
2024-01-22,SKU-SMA-185,704,0,7,176
2024-01-22,SKU-SMA-186,498,0,14,415
2024-01-22,SKU-SMA-187,48,128,7,161
2024-01-22,SKU-SMA-188,79,212,28,265
2024-01-22,SKU-SMA-189,57,152,7,191
2024-01-22,SKU-SMA-190,240,0,7,200
2024-01-22,SKU-SMA-191,1276,0,14,319
2024-01-22,SKU-SMA-192,133,152,7,191
2024-01-22,SKU-SMA-193,64,73,7,92
2024-01-22,SKU-SMA-194,105,120,7,150
2024-01-22,SKU-SMA-195,287,328,21,411
2024-01-22,SKU-SMA-196,65,175,14,219
2024-01-22,SKU-SMA-197,207,552,21,691
2024-01-22,SKU-SMA-198,680,0,14,272
2024-01-22,SKU-SMA-199,1497,0,21,599
2024-01-22,SKU-SMA-200,270,0,7,225
2024-01-29,SKU-BED-001,538,0,14,449
2024-01-29,SKU-BED-002,661,0,21,551
2024-01-29,SKU-BED-003,135,154,7,193
2024-01-29,SKU-BED-004,108,0,7,90
2024-01-29,SKU-BED-005,920,0,14,230
2024-01-29,SKU-BED-006,224,256,14,320
2024-01-29,SKU-BED-007,876,0,7,219
2024-01-29,SKU-BED-008,190,0,7,159
2024-01-29,SKU-BED-009,517,0,14,431
2024-01-29,SKU-BED-010,352,403,28,504
2024-01-29,SKU-BED-011,154,176,7,221
2024-01-29,SKU-BED-012,1152,0,21,288
2024-01-29,SKU-BED-013,113,129,7,162
2024-01-29,SKU-BED-014,60,161,7,202
2024-01-29,SKU-BED-015,290,332,28,415
2024-01-29,SKU-BED-016,1800,0,28,720
2024-01-29,SKU-BED-017,158,181,14,227
2024-01-29,SKU-BED-018,2132,0,21,533
2024-01-29,SKU-BED-019,1485,0,21,594
2024-01-29,SKU-BED-020,1967,0,28,787
2024-01-29,SKU-BED-021,379,0,14,316
2024-01-29,SKU-BED-022,347,0,14,139
2024-01-29,SKU-BED-023,91,244,14,305
2024-01-29,SKU-BED-024,104,278,14,348
2024-01-29,SKU-BED-025,51,59,7,74
2024-01-29,SKU-BED-026,684,0,7,171
2024-01-29,SKU-BED-027,312,0,28,260
2024-01-29,SKU-BED-028,186,213,14,267
2024-01-29,SKU-BED-029,406,464,28,581
2024-01-29,SKU-BED-030,380,434,28,543
2024-01-29,SKU-BED-031,492,0,7,123
2024-01-29,SKU-BED-032,191,510,21,638
2024-01-29,SKU-BED-033,1050,0,21,420
2024-01-29,SKU-BED-034,665,0,21,266
2024-01-29,SKU-BED-035,110,0,7,92
2024-01-29,SKU-BED-036,1127,0,21,451
2024-01-29,SKU-BED-037,361,412,21,516
2024-01-29,SKU-BED-038,1662,0,28,665
2024-01-29,SKU-BED-039,542,0,7,217
2024-01-29,SKU-BED-040,1930,0,28,772
2024-01-29,SKU-FUR-041,394,451,28,564
2024-01-29,SKU-FUR-042,2420,0,21,605
2024-01-29,SKU-FUR-043,454,520,28,650
2024-01-29,SKU-FUR-044,245,280,21,351
2024-01-29,SKU-FUR-045,832,0,14,208
2024-01-29,SKU-FUR-046,1056,0,28,880
2024-01-29,SKU-FUR-047,272,0,7,109
2024-01-29,SKU-FUR-048,124,332,21,416
2024-01-29,SKU-FUR-049,680,0,21,567
2024-01-29,SKU-FUR-050,395,0,7,158
2024-01-29,SKU-FUR-051,105,280,14,350
2024-01-29,SKU-FUR-052,35,95,7,119
2024-01-29,SKU-FUR-053,2336,0,28,584
2024-01-29,SKU-FUR-054,81,93,7,117
2024-01-29,SKU-FUR-055,202,231,14,289
2024-01-29,SKU-FUR-056,917,0,21,367
2024-01-29,SKU-FUR-057,127,0,7,106
2024-01-29,SKU-FUR-058,262,0,14,219
2024-01-29,SKU-FUR-059,1304,0,14,326
2024-01-29,SKU-FUR-060,590,674,28,843
2024-01-29,SKU-FUR-061,1248,0,14,312
2024-01-29,SKU-FUR-062,104,119,7,149
2024-01-29,SKU-FUR-063,266,304,28,380
2024-01-29,SKU-FUR-064,1656,0,28,414
2024-01-29,SKU-FUR-065,655,0,14,262
2024-01-29,SKU-FUR-066,46,124,7,156
2024-01-29,SKU-FUR-067,372,0,21,310
2024-01-29,SKU-FUR-068,355,0,7,142
2024-01-29,SKU-FUR-069,218,0,7,182
2024-01-29,SKU-FUR-070,1382,0,28,553
2024-01-29,SKU-FUR-071,45,52,7,65
2024-01-29,SKU-FUR-072,538,0,28,449
2024-01-29,SKU-FUR-073,39,104,7,130
2024-01-29,SKU-FUR-074,498,0,28,415
2024-01-29,SKU-FUR-075,156,418,21,523
2024-01-29,SKU-FUR-076,496,0,7,124
2024-01-29,SKU-FUR-077,2492,0,28,623
2024-01-29,SKU-FUR-078,72,192,14,241
2024-01-29,SKU-FUR-079,276,736,28,921
2024-01-29,SKU-FUR-080,186,0,7,155
2024-01-29,SKU-DEC-081,85,97,7,122
2024-01-29,SKU-DEC-082,194,222,14,278
2024-01-29,SKU-DEC-083,136,0,7,114
2024-01-29,SKU-DEC-084,366,0,21,305
2024-01-29,SKU-DEC-085,441,0,14,368
2024-01-29,SKU-DEC-086,928,0,14,232
2024-01-29,SKU-DEC-087,1407,0,21,563
2024-01-29,SKU-DEC-088,467,534,21,668
2024-01-29,SKU-DEC-089,643,0,21,536
2024-01-29,SKU-DEC-090,342,0,21,285
2024-01-29,SKU-DEC-091,467,0,7,187
2024-01-29,SKU-DEC-092,261,0,14,218
2024-01-29,SKU-DEC-093,145,388,21,486
2024-01-29,SKU-DEC-094,1524,0,14,381
2024-01-29,SKU-DEC-095,391,0,14,326
2024-01-29,SKU-DEC-096,2275,0,28,910
2024-01-29,SKU-DEC-097,486,0,14,405
2024-01-29,SKU-DEC-098,135,360,28,451
2024-01-29,SKU-DEC-099,296,0,14,247
2024-01-29,SKU-DEC-100,282,0,7,113
2024-01-29,SKU-DEC-101,1817,0,28,727
2024-01-29,SKU-DEC-102,235,269,28,337
2024-01-29,SKU-DEC-103,169,0,14,141
2024-01-29,SKU-DEC-104,864,0,21,216
2024-01-29,SKU-DEC-105,537,0,28,448
2024-01-29,SKU-DEC-106,884,0,7,221
2024-01-29,SKU-DEC-107,850,0,14,340
2024-01-29,SKU-DEC-108,1892,0,28,757
2024-01-29,SKU-DEC-109,192,0,14,160
2024-01-29,SKU-DEC-110,58,156,21,195
2024-01-29,SKU-DEC-111,310,354,28,443
2024-01-29,SKU-DEC-112,343,0,14,286
2024-01-29,SKU-DEC-113,36,96,7,120
2024-01-29,SKU-DEC-114,135,360,14,450
2024-01-29,SKU-DEC-115,294,336,28,421
2024-01-29,SKU-DEC-116,249,664,28,831
2024-01-29,SKU-DEC-117,410,0,14,164
2024-01-29,SKU-DEC-118,44,117,14,147
2024-01-29,SKU-DEC-119,305,348,21,436
2024-01-29,SKU-DEC-120,143,383,21,479
2024-01-29,SKU-LIG-121,640,0,21,534
2024-01-29,SKU-LIG-122,440,0,14,176
2024-01-29,SKU-LIG-123,995,0,14,398
2024-01-29,SKU-LIG-124,555,0,7,222
2024-01-29,SKU-LIG-125,53,61,7,77
2024-01-29,SKU-LIG-126,1045,0,28,418
2024-01-29,SKU-LIG-127,375,0,14,313
2024-01-29,SKU-LIG-128,2124,0,28,531
2024-01-29,SKU-LIG-129,652,0,7,163
2024-01-29,SKU-LIG-130,1250,0,21,500
2024-01-29,SKU-LIG-131,115,308,14,386
2024-01-29,SKU-LIG-132,303,0,14,253
2024-01-29,SKU-LIG-133,258,689,28,862
2024-01-29,SKU-LIG-134,78,89,7,112
2024-01-29,SKU-LIG-135,339,388,21,485
2024-01-29,SKU-LIG-136,162,0,7,135
2024-01-29,SKU-LIG-137,1187,0,21,475
2024-01-29,SKU-LIG-138,87,233,28,292
2024-01-29,SKU-LIG-139,1120,0,14,448
2024-01-29,SKU-LIG-140,47,127,14,159
2024-01-29,SKU-LIG-141,955,0,14,382
2024-01-29,SKU-LIG-142,604,0,21,504
2024-01-29,SKU-LIG-143,74,85,7,107
2024-01-29,SKU-LIG-144,160,183,21,229
2024-01-29,SKU-LIG-145,61,164,14,206
2024-01-29,SKU-LIG-146,1868,0,21,467
2024-01-29,SKU-LIG-147,892,0,28,357
2024-01-29,SKU-LIG-148,472,0,21,394
2024-01-29,SKU-LIG-149,428,0,14,357
2024-01-29,SKU-LIG-150,98,112,7,141
2024-01-29,SKU-LIG-151,40,108,14,136
2024-01-29,SKU-LIG-152,835,0,21,334
2024-01-29,SKU-LIG-153,132,0,7,110
2024-01-29,SKU-LIG-154,828,0,7,207
2024-01-29,SKU-LIG-155,296,0,7,74
2024-01-29,SKU-LIG-156,285,326,28,408
2024-01-29,SKU-LIG-157,428,0,7,107
2024-01-29,SKU-LIG-158,2348,0,21,587
2024-01-29,SKU-LIG-159,1620,0,28,648
2024-01-29,SKU-LIG-160,1584,0,14,396
2024-01-29,SKU-SMA-161,1536,0,28,384
2024-01-29,SKU-SMA-162,24,65,7,82
2024-01-29,SKU-SMA-163,804,0,14,201
2024-01-29,SKU-SMA-164,211,0,14,176
2024-01-29,SKU-SMA-165,860,0,14,215
2024-01-29,SKU-SMA-166,215,0,7,86
2024-01-29,SKU-SMA-167,365,0,14,146
2024-01-29,SKU-SMA-168,2352,0,21,588
2024-01-29,SKU-SMA-169,194,0,7,162
2024-01-29,SKU-SMA-170,140,160,7,201
2024-01-29,SKU-SMA-171,868,0,7,217
2024-01-29,SKU-SMA-172,544,0,7,136
2024-01-29,SKU-SMA-173,1132,0,14,283
2024-01-29,SKU-SMA-174,136,364,28,456
2024-01-29,SKU-SMA-175,78,208,14,261
2024-01-29,SKU-SMA-176,1085,0,28,434
2024-01-29,SKU-SMA-177,2456,0,28,614
2024-01-29,SKU-SMA-178,1022,0,21,409
2024-01-29,SKU-SMA-179,1225,0,21,490
2024-01-29,SKU-SMA-180,508,0,14,424
2024-01-29,SKU-SMA-181,930,0,14,372
2024-01-29,SKU-SMA-182,1642,0,28,657
2024-01-29,SKU-SMA-183,40,107,14,134
2024-01-29,SKU-SMA-184,1012,0,28,405
2024-01-29,SKU-SMA-185,2112,0,21,528
2024-01-29,SKU-SMA-186,2075,0,28,830
2024-01-29,SKU-SMA-187,1615,0,28,646
2024-01-29,SKU-SMA-188,318,0,28,265
2024-01-29,SKU-SMA-189,57,152,7,191
2024-01-29,SKU-SMA-190,240,642,28,803
2024-01-29,SKU-SMA-191,223,255,14,319
2024-01-29,SKU-SMA-192,401,458,21,573
2024-01-29,SKU-SMA-193,368,0,7,92
2024-01-29,SKU-SMA-194,90,240,14,300
2024-01-29,SKU-SMA-195,685,0,14,274
2024-01-29,SKU-SMA-196,230,263,21,329
2024-01-29,SKU-SMA-197,644,736,28,921
2024-01-29,SKU-SMA-198,544,0,7,136
2024-01-29,SKU-SMA-199,796,0,7,199
2024-01-29,SKU-SMA-200,473,541,21,677
2024-02-05,SKU-BED-001,3596,0,28,899
2024-02-05,SKU-BED-002,128,146,7,183
2024-02-05,SKU-BED-003,772,0,7,193
2024-02-05,SKU-BED-004,108,0,7,90
2024-02-05,SKU-BED-005,460,0,7,115
2024-02-05,SKU-BED-006,640,0,7,160
2024-02-05,SKU-BED-007,2190,0,28,876
2024-02-05,SKU-BED-008,636,0,7,159
2024-02-05,SKU-BED-009,1034,0,28,862
2024-02-05,SKU-BED-010,1008,0,14,252
2024-02-05,SKU-BED-011,66,176,7,221
2024-02-05,SKU-BED-012,28,76,7,96
2024-02-05,SKU-BED-013,584,0,21,487
2024-02-05,SKU-BED-014,505,0,7,202
2024-02-05,SKU-BED-015,290,332,28,415
2024-02-05,SKU-BED-016,648,0,21,540
2024-02-05,SKU-BED-017,1360,0,21,340
2024-02-05,SKU-BED-018,1332,0,21,533
2024-02-05,SKU-BED-019,495,0,7,198
2024-02-05,SKU-BED-020,117,314,14,393
2024-02-05,SKU-BED-021,379,0,14,316
2024-02-05,SKU-BED-022,97,111,14,139
2024-02-05,SKU-BED-023,137,365,21,457
2024-02-05,SKU-BED-024,365,417,21,522
2024-02-05,SKU-BED-025,208,238,28,298
2024-02-05,SKU-BED-026,1287,0,21,515
2024-02-05,SKU-BED-027,520,0,14,130
2024-02-05,SKU-BED-028,39,106,7,133
2024-02-05,SKU-BED-029,1160,0,14,290
2024-02-05,SKU-BED-030,1084,0,14,271
2024-02-05,SKU-BED-031,307,0,7,123
2024-02-05,SKU-BED-032,3404,0,28,851
2024-02-05,SKU-BED-033,294,336,21,420
2024-02-05,SKU-BED-034,708,0,14,177
2024-02-05,SKU-BED-035,1108,0,21,277
2024-02-05,SKU-BED-036,375,0,7,150
2024-02-05,SKU-BED-037,120,137,7,172
2024-02-05,SKU-BED-038,598,0,21,499
2024-02-05,SKU-BED-039,151,173,7,217
2024-02-05,SKU-BED-040,115,308,14,386
2024-02-05,SKU-FUR-041,507,0,21,423
2024-02-05,SKU-FUR-042,120,322,14,403
2024-02-05,SKU-FUR-043,1625,0,28,650
2024-02-05,SKU-FUR-044,936,0,14,234
2024-02-05,SKU-FUR-045,260,0,7,104
2024-02-05,SKU-FUR-046,154,176,7,220
2024-02-05,SKU-FUR-047,822,0,21,329
2024-02-05,SKU-FUR-048,1108,0,14,277
2024-02-05,SKU-FUR-049,756,0,7,189
2024-02-05,SKU-FUR-050,1268,0,14,317
2024-02-05,SKU-FUR-051,2804,0,28,701
2024-02-05,SKU-FUR-052,476,0,7,119
2024-02-05,SKU-FUR-053,306,350,21,438
2024-02-05,SKU-FUR-054,105,281,21,352
2024-02-05,SKU-FUR-055,173,463,28,579
2024-02-05,SKU-FUR-056,73,196,14,245
2024-02-05,SKU-FUR-057,382,0,21,319
2024-02-05,SKU-FUR-058,98,263,21,329
2024-02-05,SKU-FUR-059,228,260,14,326
2024-02-05,SKU-FUR-060,525,0,7,210
2024-02-05,SKU-FUR-061,2500,0,28,625
2024-02-05,SKU-FUR-062,747,0,14,299
2024-02-05,SKU-FUR-063,228,0,14,190
2024-02-05,SKU-FUR-064,144,165,14,207
2024-02-05,SKU-FUR-065,1312,0,28,525
2024-02-05,SKU-FUR-066,2500,0,28,625
2024-02-05,SKU-FUR-067,144,164,14,206
2024-02-05,SKU-FUR-068,568,0,7,142
2024-02-05,SKU-FUR-069,255,292,14,365
2024-02-05,SKU-FUR-070,165,442,28,553
2024-02-05,SKU-FUR-071,162,0,7,65
2024-02-05,SKU-FUR-072,896,0,14,224
2024-02-05,SKU-FUR-073,980,0,21,392
2024-02-05,SKU-FUR-074,828,0,14,207
2024-02-05,SKU-FUR-075,872,0,14,349
2024-02-05,SKU-FUR-076,1496,0,21,374
2024-02-05,SKU-FUR-077,108,124,7,155
2024-02-05,SKU-FUR-078,434,0,21,362
2024-02-05,SKU-FUR-079,829,0,21,691
2024-02-05,SKU-FUR-080,745,0,28,621
2024-02-05,SKU-DEC-081,85,97,7,122
2024-02-05,SKU-DEC-082,166,444,28,556
2024-02-05,SKU-DEC-083,916,0,14,229
2024-02-05,SKU-DEC-084,507,0,14,203
2024-02-05,SKU-DEC-085,441,0,14,368
2024-02-05,SKU-DEC-086,243,278,21,348
2024-02-05,SKU-DEC-087,1877,0,28,751
2024-02-05,SKU-DEC-088,133,356,14,445
2024-02-05,SKU-DEC-089,124,142,7,178
2024-02-05,SKU-DEC-090,760,0,14,190
2024-02-05,SKU-DEC-091,467,0,7,187
2024-02-05,SKU-DEC-092,1092,0,28,437
2024-02-05,SKU-DEC-093,145,388,21,486
2024-02-05,SKU-DEC-094,228,0,7,190
2024-02-05,SKU-DEC-095,1956,0,21,489
2024-02-05,SKU-DEC-096,546,0,14,455
2024-02-05,SKU-DEC-097,121,324,14,405
2024-02-05,SKU-DEC-098,1804,0,28,451
2024-02-05,SKU-DEC-099,1976,0,28,494
2024-02-05,SKU-DEC-100,79,90,7,113
2024-02-05,SKU-DEC-101,2180,0,21,545
2024-02-05,SKU-DEC-102,1008,0,21,252
2024-02-05,SKU-DEC-103,527,0,21,211
2024-02-05,SKU-DEC-104,201,230,28,288
2024-02-05,SKU-DEC-105,134,0,7,112
2024-02-05,SKU-DEC-106,531,0,14,443
2024-02-05,SKU-DEC-107,357,408,21,510
2024-02-05,SKU-DEC-108,1892,0,28,757
2024-02-05,SKU-DEC-109,288,0,21,240
2024-02-05,SKU-DEC-110,234,0,21,195
2024-02-05,SKU-DEC-111,1772,0,28,443
2024-02-05,SKU-DEC-112,401,458,28,573
2024-02-05,SKU-DEC-113,168,192,14,240
2024-02-05,SKU-DEC-114,1080,0,28,900
2024-02-05,SKU-DEC-115,1264,0,21,316
2024-02-05,SKU-DEC-116,581,664,28,831
2024-02-05,SKU-DEC-117,98,0,7,82
2024-02-05,SKU-DEC-118,102,117,14,147
2024-02-05,SKU-DEC-119,1090,0,21,436
2024-02-05,SKU-DEC-120,1916,0,21,479
2024-02-05,SKU-LIG-121,53,142,7,178
2024-02-05,SKU-LIG-122,79,212,21,265
2024-02-05,SKU-LIG-123,1592,0,14,398
2024-02-05,SKU-LIG-124,622,711,28,889
2024-02-05,SKU-LIG-125,277,0,21,231
2024-02-05,SKU-LIG-126,62,167,14,209
2024-02-05,SKU-LIG-127,46,124,7,156
2024-02-05,SKU-LIG-128,637,0,28,531
2024-02-05,SKU-LIG-129,456,521,28,652
2024-02-05,SKU-LIG-130,116,132,7,166
2024-02-05,SKU-LIG-131,135,154,7,193
2024-02-05,SKU-LIG-132,114,304,21,380
2024-02-05,SKU-LIG-133,2155,0,28,862
2024-02-05,SKU-LIG-134,280,0,7,112
2024-02-05,SKU-LIG-135,2588,0,28,647
2024-02-05,SKU-LIG-136,162,432,28,540
2024-02-05,SKU-LIG-137,221,253,14,317
2024-02-05,SKU-LIG-138,547,0,21,219
2024-02-05,SKU-LIG-139,3588,0,28,897
2024-02-05,SKU-LIG-140,47,127,14,159
2024-02-05,SKU-LIG-141,114,305,14,382
2024-02-05,SKU-LIG-142,1680,0,28,672
2024-02-05,SKU-LIG-143,128,0,7,107
2024-02-05,SKU-LIG-144,382,0,14,153
2024-02-05,SKU-LIG-145,257,0,7,103
2024-02-05,SKU-LIG-146,1244,0,14,311
2024-02-05,SKU-LIG-147,186,213,21,267
2024-02-05,SKU-LIG-148,184,210,14,263
2024-02-05,SKU-LIG-149,107,285,14,357
2024-02-05,SKU-LIG-150,1417,0,28,567
2024-02-05,SKU-LIG-151,682,0,28,273
2024-02-05,SKU-LIG-152,77,88,7,111
2024-02-05,SKU-LIG-153,154,176,14,220
2024-02-05,SKU-LIG-154,3316,0,28,829
2024-02-05,SKU-LIG-155,358,0,28,299
2024-02-05,SKU-LIG-156,30,81,7,102
2024-02-05,SKU-LIG-157,428,0,7,107
2024-02-05,SKU-LIG-158,176,469,21,587
2024-02-05,SKU-LIG-159,1620,0,28,648
2024-02-05,SKU-LIG-160,495,0,7,198
2024-02-05,SKU-SMA-161,115,0,7,96
2024-02-05,SKU-SMA-162,172,196,21,246
2024-02-05,SKU-SMA-163,60,160,14,201
2024-02-05,SKU-SMA-164,211,0,14,176
2024-02-05,SKU-SMA-165,128,0,7,107
2024-02-05,SKU-SMA-166,867,0,28,347
2024-02-05,SKU-SMA-167,262,0,21,219
2024-02-05,SKU-SMA-168,137,156,7,196
2024-02-05,SKU-SMA-169,1300,0,14,325
2024-02-05,SKU-SMA-170,120,321,14,402
2024-02-05,SKU-SMA-171,304,348,14,435
2024-02-05,SKU-SMA-172,163,0,7,136
2024-02-05,SKU-SMA-173,707,0,14,283
2024-02-05,SKU-SMA-174,912,0,14,228
2024-02-05,SKU-SMA-175,1044,0,14,261
2024-02-05,SKU-SMA-176,151,173,14,217
2024-02-05,SKU-SMA-177,382,0,7,153
2024-02-05,SKU-SMA-178,1022,0,21,409
2024-02-05,SKU-SMA-179,588,0,21,490
2024-02-05,SKU-SMA-180,2122,0,28,849
2024-02-05,SKU-SMA-181,894,0,28,745
2024-02-05,SKU-SMA-182,196,0,7,164
2024-02-05,SKU-SMA-183,335,0,14,134
2024-02-05,SKU-SMA-184,60,161,14,202
2024-02-05,SKU-SMA-185,1762,0,28,705
2024-02-05,SKU-SMA-186,144,165,7,207
2024-02-05,SKU-SMA-187,644,0,7,161
2024-02-05,SKU-SMA-188,46,52,7,66
2024-02-05,SKU-SMA-189,114,305,14,382
2024-02-05,SKU-SMA-190,1505,0,21,602
2024-02-05,SKU-SMA-191,223,255,14,319
2024-02-05,SKU-SMA-192,534,611,28,764
2024-02-05,SKU-SMA-193,368,0,7,92
2024-02-05,SKU-SMA-194,420,480,28,600
2024-02-05,SKU-SMA-195,1027,0,21,411
2024-02-05,SKU-SMA-196,65,175,14,219
2024-02-05,SKU-SMA-197,1105,0,28,921
2024-02-05,SKU-SMA-198,40,108,7,136
2024-02-05,SKU-SMA-199,478,0,14,399
2024-02-05,SKU-SMA-200,812,0,21,677
2024-02-12,SKU-BED-001,560,0,7,224
2024-02-12,SKU-BED-002,2204,0,21,551
2024-02-12,SKU-BED-003,135,154,7,193
2024-02-12,SKU-BED-004,189,216,21,271
2024-02-12,SKU-BED-005,276,0,14,230
2024-02-12,SKU-BED-006,400,0,7,160
2024-02-12,SKU-BED-007,306,350,14,438
2024-02-12,SKU-BED-008,636,0,7,159
2024-02-12,SKU-BED-009,452,516,21,646
2024-02-12,SKU-BED-010,151,403,28,504
2024-02-12,SKU-BED-011,530,0,14,442
2024-02-12,SKU-BED-012,962,0,28,385
2024-02-12,SKU-BED-013,388,0,14,324
2024-02-12,SKU-BED-014,182,485,21,607
2024-02-12,SKU-BED-015,1660,0,28,415
2024-02-12,SKU-BED-016,2880,0,28,720
2024-02-12,SKU-BED-017,408,0,21,340
2024-02-12,SKU-BED-018,159,426,21,533
2024-02-12,SKU-BED-019,118,316,14,396
2024-02-12,SKU-BED-020,2360,0,21,590
2024-02-12,SKU-BED-021,189,505,28,632
2024-02-12,SKU-BED-022,1116,0,28,279
2024-02-12,SKU-BED-023,1142,0,21,457
2024-02-12,SKU-BED-024,417,0,14,348
2024-02-12,SKU-BED-025,267,0,21,223
2024-02-12,SKU-BED-026,1287,0,21,515
2024-02-12,SKU-BED-027,19,52,7,65
2024-02-12,SKU-BED-028,532,0,7,133
2024-02-12,SKU-BED-029,203,232,14,290
2024-02-12,SKU-BED-030,81,216,14,271
2024-02-12,SKU-BED-031,111,296,21,371
2024-02-12,SKU-BED-032,127,340,14,425
2024-02-12,SKU-BED-033,294,336,21,420
2024-02-12,SKU-BED-034,220,0,7,88
2024-02-12,SKU-BED-035,259,296,28,370
2024-02-12,SKU-BED-036,1505,0,28,602
2024-02-12,SKU-BED-037,206,0,7,172
2024-02-12,SKU-BED-038,1247,0,21,499
2024-02-12,SKU-BED-039,520,0,14,434
2024-02-12,SKU-BED-040,405,463,21,579
2024-02-12,SKU-FUR-041,338,0,14,282
2024-02-12,SKU-FUR-042,241,644,28,806
2024-02-12,SKU-FUR-043,780,0,28,650
2024-02-12,SKU-FUR-044,280,0,14,234
2024-02-12,SKU-FUR-045,124,0,7,104
2024-02-12,SKU-FUR-046,66,176,7,220
2024-02-12,SKU-FUR-047,307,351,28,439
2024-02-12,SKU-FUR-048,692,0,14,277
2024-02-12,SKU-FUR-049,3024,0,28,756
2024-02-12,SKU-FUR-050,142,380,21,476
2024-02-12,SKU-FUR-051,875,0,14,350
2024-02-12,SKU-FUR-052,956,0,14,239
2024-02-12,SKU-FUR-053,1752,0,21,438
2024-02-12,SKU-FUR-054,141,376,28,470
2024-02-12,SKU-FUR-055,173,463,28,579
2024-02-12,SKU-FUR-056,305,0,7,122
2024-02-12,SKU-FUR-057,95,255,21,319
2024-02-12,SKU-FUR-058,526,0,28,439
2024-02-12,SKU-FUR-059,652,0,7,163
2024-02-12,SKU-FUR-060,1011,0,28,843
2024-02-12,SKU-FUR-061,390,0,7,156
2024-02-12,SKU-FUR-062,179,479,28,599
2024-02-12,SKU-FUR-063,760,0,14,190
2024-02-12,SKU-FUR-064,144,165,14,207
2024-02-12,SKU-FUR-065,39,104,7,131
2024-02-12,SKU-FUR-066,750,0,28,625
2024-02-12,SKU-FUR-067,515,0,14,206
2024-02-12,SKU-FUR-068,99,113,7,142
2024-02-12,SKU-FUR-069,218,0,7,182
2024-02-12,SKU-FUR-070,1104,0,14,276
2024-02-12,SKU-FUR-071,137,157,21,197
2024-02-12,SKU-FUR-072,134,0,7,112
2024-02-12,SKU-FUR-073,652,0,14,261
2024-02-12,SKU-FUR-074,517,0,14,207
2024-02-12,SKU-FUR-075,872,0,14,349
2024-02-12,SKU-FUR-076,37,99,7,124
2024-02-12,SKU-FUR-077,46,124,7,155
2024-02-12,SKU-FUR-078,579,0,28,483
2024-02-12,SKU-FUR-079,276,736,28,921
2024-02-12,SKU-FUR-080,186,496,28,621
2024-02-12,SKU-DEC-081,85,97,7,122
2024-02-12,SKU-DEC-082,667,0,28,556
2024-02-12,SKU-DEC-083,137,366,28,458
2024-02-12,SKU-DEC-084,762,0,21,305
2024-02-12,SKU-DEC-085,220,0,7,184
2024-02-12,SKU-DEC-086,34,92,7,116
2024-02-12,SKU-DEC-087,467,0,7,187
2024-02-12,SKU-DEC-088,311,356,14,445
2024-02-12,SKU-DEC-089,249,285,14,357
2024-02-12,SKU-DEC-090,66,76,7,95
2024-02-12,SKU-DEC-091,748,0,7,187
2024-02-12,SKU-DEC-092,436,0,7,109
2024-02-12,SKU-DEC-093,194,0,7,162
2024-02-12,SKU-DEC-094,1524,0,14,381
2024-02-12,SKU-DEC-095,195,0,7,163
2024-02-12,SKU-DEC-096,136,364,14,455
2024-02-12,SKU-DEC-097,182,486,21,608
2024-02-12,SKU-DEC-098,845,0,21,338
2024-02-12,SKU-DEC-099,925,0,21,370
2024-02-12,SKU-DEC-100,158,181,14,227
2024-02-12,SKU-DEC-101,218,581,28,727
2024-02-12,SKU-DEC-102,842,0,28,337
2024-02-12,SKU-DEC-103,49,56,7,70
2024-02-12,SKU-DEC-104,86,230,28,288
2024-02-12,SKU-DEC-105,840,0,21,336
2024-02-12,SKU-DEC-106,1660,0,21,664
2024-02-12,SKU-DEC-107,204,0,7,170
2024-02-12,SKU-DEC-108,397,454,21,568
2024-02-12,SKU-DEC-109,96,256,28,320
2024-02-12,SKU-DEC-110,91,104,14,130
2024-02-12,SKU-DEC-111,154,176,14,221
2024-02-12,SKU-DEC-112,1720,0,21,430
2024-02-12,SKU-DEC-113,576,0,28,480
2024-02-12,SKU-DEC-114,1125,0,14,450
2024-02-12,SKU-DEC-115,1264,0,21,316
2024-02-12,SKU-DEC-116,62,165,7,207
2024-02-12,SKU-DEC-117,98,262,28,328
2024-02-12,SKU-DEC-118,87,0,7,73
2024-02-12,SKU-DEC-119,130,348,21,436
2024-02-12,SKU-DEC-120,223,255,14,319
2024-02-12,SKU-LIG-121,106,284,14,356
2024-02-12,SKU-LIG-122,185,212,21,265
2024-02-12,SKU-LIG-123,1592,0,14,398
2024-02-12,SKU-LIG-124,266,711,28,889
2024-02-12,SKU-LIG-125,92,0,7,77
2024-02-12,SKU-LIG-126,260,0,7,104
2024-02-12,SKU-LIG-127,46,124,7,156
2024-02-12,SKU-LIG-128,330,0,7,132
2024-02-12,SKU-LIG-129,407,0,7,163
2024-02-12,SKU-LIG-130,664,0,7,166
2024-02-12,SKU-LIG-131,482,0,7,193
2024-02-12,SKU-LIG-132,504,0,7,126
2024-02-12,SKU-LIG-133,193,516,21,646
2024-02-12,SKU-LIG-134,33,89,7,112
2024-02-12,SKU-LIG-135,1617,0,28,647
2024-02-12,SKU-LIG-136,162,0,7,135
2024-02-12,SKU-LIG-137,570,0,21,475
2024-02-12,SKU-LIG-138,292,0,7,73
2024-02-12,SKU-LIG-139,313,358,14,448
2024-02-12,SKU-LIG-140,197,0,7,79
2024-02-12,SKU-LIG-141,229,611,28,764
2024-02-12,SKU-LIG-142,2688,0,28,672
2024-02-12,SKU-LIG-143,1716,0,28,429
2024-02-12,SKU-LIG-144,22,60,7,76
2024-02-12,SKU-LIG-145,30,82,7,103
2024-02-12,SKU-LIG-146,620,0,7,155
2024-02-12,SKU-LIG-147,667,0,21,267
2024-02-12,SKU-LIG-148,1576,0,21,394
2024-02-12,SKU-LIG-149,1428,0,14,357
2024-02-12,SKU-LIG-150,297,340,21,425
2024-02-12,SKU-LIG-151,20,54,7,68
2024-02-12,SKU-LIG-152,534,0,28,445
2024-02-12,SKU-LIG-153,1764,0,28,441
2024-02-12,SKU-LIG-154,828,0,7,207
2024-02-12,SKU-LIG-155,358,0,28,299
2024-02-12,SKU-LIG-156,71,81,7,102
2024-02-12,SKU-LIG-157,856,0,14,214
2024-02-12,SKU-LIG-158,3132,0,28,783
2024-02-12,SKU-LIG-159,194,0,7,162
2024-02-12,SKU-LIG-160,118,316,14,396
2024-02-12,SKU-SMA-161,1152,0,21,288
2024-02-12,SKU-SMA-162,172,196,21,246
2024-02-12,SKU-SMA-163,362,0,21,302
2024-02-12,SKU-SMA-164,184,211,21,264
2024-02-12,SKU-SMA-165,516,0,28,430
2024-02-12,SKU-SMA-166,344,0,7,86
2024-02-12,SKU-SMA-167,1168,0,28,292
2024-02-12,SKU-SMA-168,470,0,14,392
2024-02-12,SKU-SMA-169,390,0,14,325
2024-02-12,SKU-SMA-170,3220,0,28,805
2024-02-12,SKU-SMA-171,151,173,7,217
2024-02-12,SKU-SMA-172,287,328,21,410
2024-02-12,SKU-SMA-173,1700,0,21,425
2024-02-12,SKU-SMA-174,570,0,14,228
2024-02-12,SKU-SMA-175,156,417,28,522
2024-02-12,SKU-SMA-176,868,0,14,217
2024-02-12,SKU-SMA-177,92,245,14,307
2024-02-12,SKU-SMA-178,1365,0,28,546
2024-02-12,SKU-SMA-179,195,522,28,653
2024-02-12,SKU-SMA-180,1060,0,14,424
2024-02-12,SKU-SMA-181,465,0,7,186
2024-02-12,SKU-SMA-182,656,0,7,164
2024-02-12,SKU-SMA-183,93,107,14,134
2024-02-12,SKU-SMA-184,121,324,28,405
2024-02-12,SKU-SMA-185,246,281,14,352
2024-02-12,SKU-SMA-186,186,497,21,622
2024-02-12,SKU-SMA-187,112,128,7,161
2024-02-12,SKU-SMA-188,158,0,14,132
2024-02-12,SKU-SMA-189,114,305,14,382
2024-02-12,SKU-SMA-190,421,481,21,602
2024-02-12,SKU-SMA-191,143,383,21,479
2024-02-12,SKU-SMA-192,2292,0,21,573
2024-02-12,SKU-SMA-193,83,221,21,277
2024-02-12,SKU-SMA-194,1200,0,14,300
2024-02-12,SKU-SMA-195,41,109,7,137
2024-02-12,SKU-SMA-196,230,263,21,329
2024-02-12,SKU-SMA-197,161,184,7,230
2024-02-12,SKU-SMA-198,1020,0,21,408
2024-02-12,SKU-SMA-199,559,639,28,799
2024-02-12,SKU-SMA-200,270,0,7,225
2024-02-19,SKU-BED-001,1685,0,21,674
2024-02-19,SKU-BED-002,440,0,14,367
2024-02-19,SKU-BED-003,967,0,14,387
2024-02-19,SKU-BED-004,1084,0,21,271
2024-02-19,SKU-BED-005,920,0,14,230
2024-02-19,SKU-BED-006,384,0,14,320
2024-02-19,SKU-BED-007,1642,0,21,657
2024-02-19,SKU-BED-008,223,255,14,319
2024-02-19,SKU-BED-009,537,0,7,215
2024-02-19,SKU-BED-010,302,0,14,252
2024-02-19,SKU-BED-011,552,0,7,221
2024-02-19,SKU-BED-012,67,76,7,96
2024-02-19,SKU-BED-013,1948,0,21,487
2024-02-19,SKU-BED-014,1517,0,21,607
2024-02-19,SKU-BED-015,1660,0,28,415
2024-02-19,SKU-BED-016,54,144,7,180
2024-02-19,SKU-BED-017,1816,0,28,454
2024-02-19,SKU-BED-018,1777,0,28,711
2024-02-19,SKU-BED-019,1485,0,21,594
2024-02-19,SKU-BED-020,3148,0,28,787
2024-02-19,SKU-BED-021,221,252,14,316
2024-02-19,SKU-BED-022,146,167,21,209
2024-02-19,SKU-BED-023,732,0,28,610
2024-02-19,SKU-BED-024,487,556,28,696
2024-02-19,SKU-BED-025,51,59,7,74
2024-02-19,SKU-BED-026,51,136,7,171
2024-02-19,SKU-BED-027,91,104,14,130
2024-02-19,SKU-BED-028,159,0,7,133
2024-02-19,SKU-BED-029,725,0,14,290
2024-02-19,SKU-BED-030,1084,0,14,271
2024-02-19,SKU-BED-031,988,0,14,247
2024-02-19,SKU-BED-032,1062,0,14,425
2024-02-19,SKU-BED-033,560,0,7,140
2024-02-19,SKU-BED-034,352,0,7,88
2024-02-19,SKU-BED-035,740,0,14,185
2024-02-19,SKU-BED-036,105,120,7,150
2024-02-19,SKU-BED-037,412,0,14,344
2024-02-19,SKU-BED-038,2660,0,28,665
2024-02-19,SKU-BED-039,868,0,7,217
2024-02-19,SKU-BED-040,772,0,7,193
2024-02-19,SKU-FUR-041,1128,0,14,282
2024-02-19,SKU-FUR-042,241,644,28,806
2024-02-19,SKU-FUR-043,390,0,14,325
2024-02-19,SKU-FUR-044,280,0,14,234
2024-02-19,SKU-FUR-045,218,249,21,312
2024-02-19,SKU-FUR-046,550,0,7,220
2024-02-19,SKU-FUR-047,76,87,7,109
2024-02-19,SKU-FUR-048,345,0,7,138
2024-02-19,SKU-FUR-049,1417,0,21,567
2024-02-19,SKU-FUR-050,189,0,7,158
2024-02-19,SKU-FUR-051,244,280,14,350
2024-02-19,SKU-FUR-052,286,0,14,239
2024-02-19,SKU-FUR-053,2336,0,28,584
2024-02-19,SKU-FUR-054,140,0,7,117
2024-02-19,SKU-FUR-055,576,0,7,144
2024-02-19,SKU-FUR-056,85,97,7,122
2024-02-19,SKU-FUR-057,510,0,28,425
2024-02-19,SKU-FUR-058,1316,0,21,329
2024-02-19,SKU-FUR-059,407,0,7,163
2024-02-19,SKU-FUR-060,758,0,21,632
2024-02-19,SKU-FUR-061,187,0,7,156
2024-02-19,SKU-FUR-062,314,359,21,449
2024-02-19,SKU-FUR-063,199,228,21,285
2024-02-19,SKU-FUR-064,289,331,28,414
2024-02-19,SKU-FUR-065,1312,0,28,525
2024-02-19,SKU-FUR-066,46,124,7,156
2024-02-19,SKU-FUR-067,123,0,7,103
2024-02-19,SKU-FUR-068,712,0,14,285
2024-02-19,SKU-FUR-069,912,0,14,365
2024-02-19,SKU-FUR-070,663,0,28,553
2024-02-19,SKU-FUR-071,78,210,28,263
2024-02-19,SKU-FUR-072,156,179,14,224
2024-02-19,SKU-FUR-073,520,0,7,130
2024-02-19,SKU-FUR-074,62,165,14,207
2024-02-19,SKU-FUR-075,52,139,7,174
2024-02-19,SKU-FUR-076,1996,0,28,499
2024-02-19,SKU-FUR-077,1244,0,14,311
2024-02-19,SKU-FUR-078,964,0,14,241
2024-02-19,SKU-FUR-079,276,0,7,230
2024-02-19,SKU-FUR-080,108,124,7,155
2024-02-19,SKU-DEC-081,1952,0,28,488
2024-02-19,SKU-DEC-082,166,0,7,139
2024-02-19,SKU-DEC-083,411,0,21,343
2024-02-19,SKU-DEC-084,366,0,21,305
2024-02-19,SKU-DEC-085,662,0,21,552
2024-02-19,SKU-DEC-086,928,0,14,232
2024-02-19,SKU-DEC-087,1500,0,14,375
2024-02-19,SKU-DEC-088,200,534,21,668
2024-02-19,SKU-DEC-089,428,0,14,357
2024-02-19,SKU-DEC-090,237,0,7,95
2024-02-19,SKU-DEC-091,224,0,7,187
2024-02-19,SKU-DEC-092,32,87,7,109
2024-02-19,SKU-DEC-093,388,0,14,324
2024-02-19,SKU-DEC-094,3048,0,28,762
2024-02-19,SKU-DEC-095,97,260,14,326
2024-02-19,SKU-DEC-096,567,0,7,227
2024-02-19,SKU-DEC-097,425,486,21,608
2024-02-19,SKU-DEC-098,1804,0,28,451
2024-02-19,SKU-DEC-099,1235,0,28,494
2024-02-19,SKU-DEC-100,79,90,7,113
2024-02-19,SKU-DEC-101,2908,0,28,727
2024-02-19,SKU-DEC-102,58,67,7,84
2024-02-19,SKU-DEC-103,197,225,28,282
2024-02-19,SKU-DEC-104,172,0,14,144
2024-02-19,SKU-DEC-105,280,0,7,112
2024-02-19,SKU-DEC-106,1107,0,14,443
2024-02-19,SKU-DEC-107,153,408,21,510
2024-02-19,SKU-DEC-108,264,302,14,378
2024-02-19,SKU-DEC-109,168,192,21,240
2024-02-19,SKU-DEC-110,78,0,7,65
2024-02-19,SKU-DEC-111,232,265,21,332
2024-02-19,SKU-DEC-112,687,0,28,573
2024-02-19,SKU-DEC-113,168,192,14,240
2024-02-19,SKU-DEC-114,2700,0,21,675
2024-02-19,SKU-DEC-115,1684,0,28,421
2024-02-19,SKU-DEC-116,436,498,21,623
2024-02-19,SKU-DEC-117,656,0,14,164
2024-02-19,SKU-DEC-118,367,0,14,147
2024-02-19,SKU-DEC-119,1090,0,21,436
2024-02-19,SKU-DEC-120,1197,0,21,479
2024-02-19,SKU-LIG-121,373,427,21,534
2024-02-19,SKU-LIG-122,1412,0,28,353
2024-02-19,SKU-LIG-123,238,0,7,199
2024-02-19,SKU-LIG-124,1667,0,21,667
2024-02-19,SKU-LIG-125,385,0,14,154
2024-02-19,SKU-LIG-126,62,167,14,209
2024-02-19,SKU-LIG-127,375,0,14,313
2024-02-19,SKU-LIG-128,1592,0,21,398
2024-02-19,SKU-LIG-129,195,521,28,652
2024-02-19,SKU-LIG-130,350,400,21,500
2024-02-19,SKU-LIG-131,405,463,21,579
2024-02-19,SKU-LIG-132,456,0,21,380
2024-02-19,SKU-LIG-133,603,689,28,862
2024-02-19,SKU-LIG-134,1352,0,21,338
2024-02-19,SKU-LIG-135,1212,0,21,485
2024-02-19,SKU-LIG-136,40,108,7,135
2024-02-19,SKU-LIG-137,1187,0,21,475
2024-02-19,SKU-LIG-138,43,116,14,146
2024-02-19,SKU-LIG-139,313,358,14,448
2024-02-19,SKU-LIG-140,597,0,21,239
2024-02-19,SKU-LIG-141,687,0,21,573
2024-02-19,SKU-LIG-142,117,134,7,168
2024-02-19,SKU-LIG-143,225,257,21,322
2024-02-19,SKU-LIG-144,1224,0,28,306
2024-02-19,SKU-LIG-145,370,0,21,309
2024-02-19,SKU-LIG-146,1244,0,14,311
2024-02-19,SKU-LIG-147,213,0,14,178
2024-02-19,SKU-LIG-148,184,210,14,263
2024-02-19,SKU-LIG-149,643,0,21,536
2024-02-19,SKU-LIG-150,1417,0,28,567
2024-02-19,SKU-LIG-151,40,108,14,136
2024-02-19,SKU-LIG-152,534,0,28,445
2024-02-19,SKU-LIG-153,77,88,7,110
2024-02-19,SKU-LIG-154,746,0,21,622
2024-02-19,SKU-LIG-155,88,0,7,74
2024-02-19,SKU-LIG-156,510,0,14,204
2024-02-19,SKU-LIG-157,225,257,21,322
2024-02-19,SKU-LIG-158,234,626,28,783
2024-02-19,SKU-LIG-159,1296,0,14,324
2024-02-19,SKU-LIG-160,950,0,28,792
2024-02-19,SKU-SMA-161,460,0,28,384
2024-02-19,SKU-SMA-162,656,0,14,164
2024-02-19,SKU-SMA-163,804,0,14,201
2024-02-19,SKU-SMA-164,220,0,7,88
2024-02-19,SKU-SMA-165,150,172,14,215
2024-02-19,SKU-SMA-166,121,138,14,173
2024-02-19,SKU-SMA-167,65,175,21,219
2024-02-19,SKU-SMA-168,3136,0,28,784
2024-02-19,SKU-SMA-169,97,260,14,325
2024-02-19,SKU-SMA-170,966,0,28,805
2024-02-19,SKU-SMA-171,1632,0,21,653
2024-02-19,SKU-SMA-172,163,0,7,136
2024-02-19,SKU-SMA-173,84,226,14,283
2024-02-19,SKU-SMA-174,136,0,7,114
2024-02-19,SKU-SMA-175,626,0,28,522
2024-02-19,SKU-SMA-176,97,260,21,326
2024-02-19,SKU-SMA-177,429,491,28,614
2024-02-19,SKU-SMA-178,191,218,14,273
2024-02-19,SKU-SMA-179,457,522,28,653
2024-02-19,SKU-SMA-180,2548,0,21,637
2024-02-19,SKU-SMA-181,930,0,14,372
2024-02-19,SKU-SMA-182,820,0,14,328
2024-02-19,SKU-SMA-183,536,0,14,134
2024-02-19,SKU-SMA-184,486,0,28,405
2024-02-19,SKU-SMA-185,2112,0,21,528
2024-02-19,SKU-SMA-186,828,0,7,207
2024-02-19,SKU-SMA-187,1615,0,28,646
2024-02-19,SKU-SMA-188,158,0,14,132
2024-02-19,SKU-SMA-189,172,459,21,574
2024-02-19,SKU-SMA-190,2007,0,28,803
2024-02-19,SKU-SMA-191,335,383,21,479
2024-02-19,SKU-SMA-192,401,458,21,573
2024-02-19,SKU-SMA-193,368,0,7,92
2024-02-19,SKU-SMA-194,2400,0,28,600
2024-02-19,SKU-SMA-195,1096,0,14,274
2024-02-19,SKU-SMA-196,394,0,21,329
2024-02-19,SKU-SMA-197,138,368,14,460
2024-02-19,SKU-SMA-198,81,217,14,272
2024-02-19,SKU-SMA-199,2396,0,21,599
2024-02-19,SKU-SMA-200,2257,0,28,903
2024-02-26,SKU-BED-001,538,0,14,449
2024-02-26,SKU-BED-002,1468,0,14,367
2024-02-26,SKU-BED-003,482,0,7,193
2024-02-26,SKU-BED-004,81,216,21,271
2024-02-26,SKU-BED-005,322,368,28,461
2024-02-26,SKU-BED-006,96,256,14,320
2024-02-26,SKU-BED-007,547,0,7,219
2024-02-26,SKU-BED-008,95,255,14,319
2024-02-26,SKU-BED-009,537,0,7,215
2024-02-26,SKU-BED-010,453,0,21,378
2024-02-26,SKU-BED-011,66,176,7,221
2024-02-26,SKU-BED-012,134,153,14,192
2024-02-26,SKU-BED-013,778,0,28,649
2024-02-26,SKU-BED-014,283,324,14,405
2024-02-26,SKU-BED-015,248,0,14,207
2024-02-26,SKU-BED-016,432,0,14,360
2024-02-26,SKU-BED-017,158,181,14,227
2024-02-26,SKU-BED-018,106,284,14,355
2024-02-26,SKU-BED-019,1485,0,21,594
2024-02-26,SKU-BED-020,177,472,21,590
2024-02-26,SKU-BED-021,189,505,28,632
2024-02-26,SKU-BED-022,41,111,14,139
2024-02-26,SKU-BED-023,1525,0,28,610
2024-02-26,SKU-BED-024,243,278,14,348
2024-02-26,SKU-BED-025,208,238,28,298
2024-02-26,SKU-BED-026,1372,0,14,343
2024-02-26,SKU-BED-027,260,0,7,65
2024-02-26,SKU-BED-028,159,0,7,133
2024-02-26,SKU-BED-029,305,348,21,436
2024-02-26,SKU-BED-030,1628,0,21,407
2024-02-26,SKU-BED-031,74,197,14,247
2024-02-26,SKU-BED-032,63,169,7,212
2024-02-26,SKU-BED-033,1050,0,21,420
2024-02-26,SKU-BED-034,186,212,21,266
2024-02-26,SKU-BED-035,368,0,7,92
2024-02-26,SKU-BED-036,1127,0,21,451
2024-02-26,SKU-BED-037,826,0,28,689
2024-02-26,SKU-BED-038,415,0,7,166
2024-02-26,SKU-BED-039,1042,0,28,869
2024-02-26,SKU-BED-040,482,0,7,193
2024-02-26,SKU-FUR-041,352,0,7,141
2024-02-26,SKU-FUR-042,1612,0,14,403
2024-02-26,SKU-FUR-043,2600,0,28,650
2024-02-26,SKU-FUR-044,561,0,28,468
2024-02-26,SKU-FUR-045,1248,0,21,312
2024-02-26,SKU-FUR-046,792,0,21,660
2024-02-26,SKU-FUR-047,32,87,7,109
2024-02-26,SKU-FUR-048,165,0,7,138
2024-02-26,SKU-FUR-049,529,604,28,756
2024-02-26,SKU-FUR-050,189,0,7,158
2024-02-26,SKU-FUR-051,105,280,14,350
2024-02-26,SKU-FUR-052,476,0,7,119
2024-02-26,SKU-FUR-053,584,0,7,146
2024-02-26,SKU-FUR-054,282,0,14,235
2024-02-26,SKU-FUR-055,173,463,28,579
2024-02-26,SKU-FUR-056,488,0,7,122
2024-02-26,SKU-FUR-057,254,0,14,212
2024-02-26,SKU-FUR-058,230,263,21,329
2024-02-26,SKU-FUR-059,1630,0,28,652
2024-02-26,SKU-FUR-060,840,0,7,210
2024-02-26,SKU-FUR-061,1876,0,21,469
2024-02-26,SKU-FUR-062,178,0,7,149
2024-02-26,SKU-FUR-063,475,0,14,190
2024-02-26,SKU-FUR-064,30,82,7,103
2024-02-26,SKU-FUR-065,1312,0,28,525
2024-02-26,SKU-FUR-066,1170,0,21,468
2024-02-26,SKU-FUR-067,123,0,7,103
2024-02-26,SKU-FUR-068,1427,0,28,571
2024-02-26,SKU-FUR-069,1460,0,14,365
2024-02-26,SKU-FUR-070,124,331,21,414
2024-02-26,SKU-FUR-071,236,0,21,197
2024-02-26,SKU-FUR-072,448,0,7,112
2024-02-26,SKU-FUR-073,1307,0,28,523
2024-02-26,SKU-FUR-074,777,0,21,311
2024-02-26,SKU-FUR-075,209,558,28,698
2024-02-26,SKU-FUR-076,74,199,14,249
2024-02-26,SKU-FUR-077,620,0,7,155
2024-02-26,SKU-FUR-078,168,192,14,241
2024-02-26,SKU-FUR-079,207,552,21,691
2024-02-26,SKU-FUR-080,326,372,21,466
2024-02-26,SKU-DEC-081,915,0,21,366
2024-02-26,SKU-DEC-082,1112,0,14,278
2024-02-26,SKU-DEC-083,285,0,7,114
2024-02-26,SKU-DEC-084,366,0,21,305
2024-02-26,SKU-DEC-085,2208,0,21,552
2024-02-26,SKU-DEC-086,278,0,14,232
2024-02-26,SKU-DEC-087,56,149,7,187
2024-02-26,SKU-DEC-088,66,177,7,222
2024-02-26,SKU-DEC-089,428,0,14,357
2024-02-26,SKU-DEC-090,199,228,21,285
2024-02-26,SKU-DEC-091,2244,0,21,561
2024-02-26,SKU-DEC-092,65,174,14,218
2024-02-26,SKU-DEC-093,2592,0,28,648
2024-02-26,SKU-DEC-094,114,304,14,381
2024-02-26,SKU-DEC-095,391,0,14,326
2024-02-26,SKU-DEC-096,318,364,14,455
2024-02-26,SKU-DEC-097,1012,0,14,405
2024-02-26,SKU-DEC-098,1352,0,21,338
2024-02-26,SKU-DEC-099,492,0,7,123
2024-02-26,SKU-DEC-100,68,181,14,227
2024-02-26,SKU-DEC-101,724,0,7,181
2024-02-26,SKU-DEC-102,420,0,14,168
2024-02-26,SKU-DEC-103,49,56,7,70
2024-02-26,SKU-DEC-104,345,0,28,288
2024-02-26,SKU-DEC-105,1120,0,28,448
2024-02-26,SKU-DEC-106,132,354,14,443
2024-02-26,SKU-DEC-107,612,0,21,510
2024-02-26,SKU-DEC-108,1892,0,28,757
2024-02-26,SKU-DEC-109,288,0,21,240
2024-02-26,SKU-DEC-110,45,52,7,65
2024-02-26,SKU-DEC-111,1772,0,28,443
2024-02-26,SKU-DEC-112,1432,0,28,573
2024-02-26,SKU-DEC-113,288,0,14,240
2024-02-26,SKU-DEC-114,135,360,14,450
2024-02-26,SKU-DEC-115,126,0,7,105
2024-02-26,SKU-DEC-116,144,165,7,207
2024-02-26,SKU-DEC-117,393,0,28,328
2024-02-26,SKU-DEC-118,44,117,14,147
2024-02-26,SKU-DEC-119,203,232,14,291
2024-02-26,SKU-DEC-120,190,0,7,159
2024-02-26,SKU-LIG-121,53,142,7,178
2024-02-26,SKU-LIG-122,882,0,28,353
2024-02-26,SKU-LIG-123,119,318,14,398
2024-02-26,SKU-LIG-124,555,0,7,222
2024-02-26,SKU-LIG-125,107,123,14,154
2024-02-26,SKU-LIG-126,836,0,14,209
2024-02-26,SKU-LIG-127,782,0,14,313
2024-02-26,SKU-LIG-128,278,318,21,398
2024-02-26,SKU-LIG-129,195,521,28,652
2024-02-26,SKU-LIG-130,1332,0,14,333
2024-02-26,SKU-LIG-131,3092,0,28,773
2024-02-26,SKU-LIG-132,1267,0,28,507
2024-02-26,SKU-LIG-133,860,0,7,215
2024-02-26,SKU-LIG-134,270,0,14,225
2024-02-26,SKU-LIG-135,2588,0,28,647
2024-02-26,SKU-LIG-136,540,0,7,135
2024-02-26,SKU-LIG-137,1585,0,28,634
2024-02-26,SKU-LIG-138,51,58,7,73
2024-02-26,SKU-LIG-139,896,0,7,224
2024-02-26,SKU-LIG-140,197,0,7,79
2024-02-26,SKU-LIG-141,534,611,28,764
2024-02-26,SKU-LIG-142,201,0,7,168
2024-02-26,SKU-LIG-143,428,0,7,107
2024-02-26,SKU-LIG-144,91,244,28,306
2024-02-26,SKU-LIG-145,1236,0,21,309
2024-02-26,SKU-LIG-146,373,0,14,311
2024-02-26,SKU-LIG-147,26,71,7,89
2024-02-26,SKU-LIG-148,657,0,14,263
2024-02-26,SKU-LIG-149,643,0,21,536
2024-02-26,SKU-LIG-150,198,226,14,283
2024-02-26,SKU-LIG-151,191,218,28,273
2024-02-26,SKU-LIG-152,555,0,14,222
2024-02-26,SKU-LIG-153,550,0,14,220
2024-02-26,SKU-LIG-154,289,331,14,414
2024-02-26,SKU-LIG-155,372,0,14,149
2024-02-26,SKU-LIG-156,489,0,28,408
2024-02-26,SKU-LIG-157,300,343,28,429
2024-02-26,SKU-LIG-158,548,626,28,783
2024-02-26,SKU-LIG-159,97,259,14,324
2024-02-26,SKU-LIG-160,495,0,7,198
2024-02-26,SKU-SMA-161,384,0,7,96
2024-02-26,SKU-SMA-162,328,0,7,82
2024-02-26,SKU-SMA-163,1007,0,28,403
2024-02-26,SKU-SMA-164,440,0,14,176
2024-02-26,SKU-SMA-165,96,257,21,322
2024-02-26,SKU-SMA-166,207,0,14,173
2024-02-26,SKU-SMA-167,1168,0,28,292
2024-02-26,SKU-SMA-168,137,156,7,196
2024-02-26,SKU-SMA-169,97,260,14,325
2024-02-26,SKU-SMA-170,422,483,21,604
2024-02-26,SKU-SMA-171,151,173,7,217
2024-02-26,SKU-SMA-172,95,108,7,136
2024-02-26,SKU-SMA-173,1062,0,21,425
2024-02-26,SKU-SMA-174,34,91,7,114
2024-02-26,SKU-SMA-175,365,417,28,522
2024-02-26,SKU-SMA-176,65,173,14,217
2024-02-26,SKU-SMA-177,1844,0,21,461
2024-02-26,SKU-SMA-178,40,108,7,136
2024-02-26,SKU-SMA-179,343,392,21,490
2024-02-26,SKU-SMA-180,764,0,21,637
2024-02-26,SKU-SMA-181,260,297,14,372
2024-02-26,SKU-SMA-182,656,0,7,164
2024-02-26,SKU-SMA-183,322,0,28,269
2024-02-26,SKU-SMA-184,1620,0,28,405
2024-02-26,SKU-SMA-185,633,0,21,528
2024-02-26,SKU-SMA-186,249,664,28,830
2024-02-26,SKU-SMA-187,1292,0,14,323
2024-02-26,SKU-SMA-188,318,0,28,265
2024-02-26,SKU-SMA-189,458,0,14,382
2024-02-26,SKU-SMA-190,500,0,7,200
2024-02-26,SKU-SMA-191,111,127,7,159
2024-02-26,SKU-SMA-192,687,0,21,573
2024-02-26,SKU-SMA-193,258,295,28,369
2024-02-26,SKU-SMA-194,210,240,14,300
2024-02-26,SKU-SMA-195,95,109,7,137
2024-02-26,SKU-SMA-196,1095,0,28,438
2024-02-26,SKU-SMA-197,1727,0,21,691
2024-02-26,SKU-SMA-198,652,0,28,544
2024-02-26,SKU-SMA-199,3196,0,28,799
2024-02-26,SKU-SMA-200,3612,0,28,903
2024-03-04,SKU-BED-001,134,359,14,449
2024-03-04,SKU-BED-002,1835,0,28,734
2024-03-04,SKU-BED-003,697,0,21,581
2024-03-04,SKU-BED-004,434,0,28,362
2024-03-04,SKU-BED-005,553,0,28,461
2024-03-04,SKU-BED-006,768,0,28,640
2024-03-04,SKU-BED-007,459,525,21,657
2024-03-04,SKU-BED-008,1916,0,21,479
2024-03-04,SKU-BED-009,2584,0,21,646
2024-03-04,SKU-BED-010,630,0,14,252
2024-03-04,SKU-BED-011,1657,0,21,663
2024-03-04,SKU-BED-012,480,0,14,192
2024-03-04,SKU-BED-013,1622,0,28,649
2024-03-04,SKU-BED-014,243,648,28,810
2024-03-04,SKU-BED-015,412,0,7,103
2024-03-04,SKU-BED-016,216,576,28,720
2024-03-04,SKU-BED-017,272,0,14,227
2024-03-04,SKU-BED-018,497,568,28,711
2024-03-04,SKU-BED-019,1982,0,28,793
2024-03-04,SKU-BED-020,117,314,14,393
2024-03-04,SKU-BED-021,568,0,21,474
2024-03-04,SKU-BED-022,172,0,7,69
2024-03-04,SKU-BED-023,1220,0,14,305
2024-03-04,SKU-BED-024,365,417,21,522
2024-03-04,SKU-BED-025,89,238,28,298
2024-03-04,SKU-BED-026,824,0,28,687
2024-03-04,SKU-BED-027,45,52,7,65
2024-03-04,SKU-BED-028,320,0,14,267
2024-03-04,SKU-BED-029,1744,0,21,436
2024-03-04,SKU-BED-030,325,0,14,271
2024-03-04,SKU-BED-031,36,98,7,123
2024-03-04,SKU-BED-032,1595,0,21,638
2024-03-04,SKU-BED-033,1120,0,14,280
2024-03-04,SKU-BED-034,1416,0,28,354
2024-03-04,SKU-BED-035,193,221,21,277
2024-03-04,SKU-BED-036,2408,0,28,602
2024-03-04,SKU-BED-037,154,412,21,516
2024-03-04,SKU-BED-038,2660,0,28,665
2024-03-04,SKU-BED-039,151,173,7,217
2024-03-04,SKU-BED-040,482,0,7,193
2024-03-04,SKU-FUR-041,394,451,28,564
2024-03-04,SKU-FUR-042,2420,0,21,605
2024-03-04,SKU-FUR-043,648,0,7,162
2024-03-04,SKU-FUR-044,163,187,14,234
2024-03-04,SKU-FUR-045,124,332,28,416
2024-03-04,SKU-FUR-046,880,0,7,220
2024-03-04,SKU-FUR-047,394,0,21,329
2024-03-04,SKU-FUR-048,193,221,14,277
2024-03-04,SKU-FUR-049,756,0,7,189
2024-03-04,SKU-FUR-050,443,507,28,634
2024-03-04,SKU-FUR-051,2100,0,21,525
2024-03-04,SKU-FUR-052,334,382,28,478
2024-03-04,SKU-FUR-053,1752,0,21,438
2024-03-04,SKU-FUR-054,587,0,14,235
2024-03-04,SKU-FUR-055,130,347,21,434
2024-03-04,SKU-FUR-056,1960,0,28,490
2024-03-04,SKU-FUR-057,297,340,28,425
2024-03-04,SKU-FUR-058,1097,0,28,439
2024-03-04,SKU-FUR-059,1956,0,21,489
2024-03-04,SKU-FUR-060,189,505,21,632
2024-03-04,SKU-FUR-061,624,0,7,156
2024-03-04,SKU-FUR-062,358,0,14,299
2024-03-04,SKU-FUR-063,342,0,21,285
2024-03-04,SKU-FUR-064,1035,0,28,414
2024-03-04,SKU-FUR-065,314,0,14,262
2024-03-04,SKU-FUR-066,780,0,14,312
2024-03-04,SKU-FUR-067,144,164,14,206
2024-03-04,SKU-FUR-068,1427,0,28,571
2024-03-04,SKU-FUR-069,728,0,7,182
2024-03-04,SKU-FUR-070,1035,0,21,414
2024-03-04,SKU-FUR-071,184,210,28,263
2024-03-04,SKU-FUR-072,235,269,21,337
2024-03-04,SKU-FUR-073,1044,0,14,261
2024-03-04,SKU-FUR-074,93,248,21,311
2024-03-04,SKU-FUR-075,2092,0,21,523
2024-03-04,SKU-FUR-076,261,299,21,374
2024-03-04,SKU-FUR-077,1244,0,14,311
2024-03-04,SKU-FUR-078,168,192,14,241
2024-03-04,SKU-FUR-079,483,552,21,691
2024-03-04,SKU-FUR-080,186,0,7,155
2024-03-04,SKU-DEC-081,256,292,21,366
2024-03-04,SKU-DEC-082,667,0,28,556
2024-03-04,SKU-DEC-083,137,366,28,458
2024-03-04,SKU-DEC-084,30,80,7,101
2024-03-04,SKU-DEC-085,2944,0,28,736
2024-03-04,SKU-DEC-086,162,185,14,232
2024-03-04,SKU-DEC-087,225,600,28,751
2024-03-04,SKU-DEC-088,534,0,14,445
2024-03-04,SKU-DEC-089,1787,0,28,715
2024-03-04,SKU-DEC-090,228,0,14,190
2024-03-04,SKU-DEC-091,2992,0,28,748
2024-03-04,SKU-DEC-092,436,0,7,109
2024-03-04,SKU-DEC-093,340,388,21,486
2024-03-04,SKU-DEC-094,57,152,7,190
2024-03-04,SKU-DEC-095,228,260,14,326
2024-03-04,SKU-DEC-096,1092,0,28,910
2024-03-04,SKU-DEC-097,729,0,21,608
2024-03-04,SKU-DEC-098,900,0,14,225
2024-03-04,SKU-DEC-099,307,0,7,123
2024-03-04,SKU-DEC-100,102,272,21,341
2024-03-04,SKU-DEC-101,108,290,14,363
2024-03-04,SKU-DEC-102,210,0,7,84
2024-03-04,SKU-DEC-103,253,0,21,211
2024-03-04,SKU-DEC-104,86,230,28,288
2024-03-04,SKU-DEC-105,280,0,7,112
2024-03-04,SKU-DEC-106,2656,0,21,664
2024-03-04,SKU-DEC-107,51,136,7,170
2024-03-04,SKU-DEC-108,681,0,21,568
2024-03-04,SKU-DEC-109,56,64,7,80
2024-03-04,SKU-DEC-110,162,0,7,65
2024-03-04,SKU-DEC-111,77,88,7,110
2024-03-04,SKU-DEC-112,343,0,14,286
2024-03-04,SKU-DEC-113,960,0,14,240
2024-03-04,SKU-DEC-114,900,0,7,225
2024-03-04,SKU-DEC-115,1264,0,21,316
2024-03-04,SKU-DEC-116,581,664,28,831
2024-03-04,SKU-DEC-117,57,65,7,82
2024-03-04,SKU-DEC-118,292,0,7,73
2024-03-04,SKU-DEC-119,1744,0,21,436
2024-03-04,SKU-DEC-120,636,0,7,159
2024-03-04,SKU-LIG-121,124,142,7,178
2024-03-04,SKU-LIG-122,61,70,7,88
2024-03-04,SKU-LIG-123,139,159,7,199
2024-03-04,SKU-LIG-124,310,355,14,444
2024-03-04,SKU-LIG-125,577,0,21,231
2024-03-04,SKU-LIG-126,1256,0,21,314
2024-03-04,SKU-LIG-127,564,0,21,470
2024-03-04,SKU-LIG-128,1327,0,28,531
2024-03-04,SKU-LIG-129,407,0,7,163
2024-03-04,SKU-LIG-130,832,0,14,333
2024-03-04,SKU-LIG-131,1447,0,21,579
2024-03-04,SKU-LIG-132,1520,0,21,380
2024-03-04,SKU-LIG-133,1077,0,14,431
2024-03-04,SKU-LIG-134,562,0,14,225
2024-03-04,SKU-LIG-135,145,388,21,485
2024-03-04,SKU-LIG-136,189,216,14,270
2024-03-04,SKU-LIG-137,443,507,28,634
2024-03-04,SKU-LIG-138,175,0,14,146
2024-03-04,SKU-LIG-139,268,0,7,224
2024-03-04,SKU-LIG-140,956,0,21,239
2024-03-04,SKU-LIG-141,2292,0,21,573
2024-03-04,SKU-LIG-142,470,537,28,672
2024-03-04,SKU-LIG-143,74,85,7,107
2024-03-04,SKU-LIG-144,91,244,28,306
2024-03-04,SKU-LIG-145,495,0,28,413
2024-03-04,SKU-LIG-146,435,497,28,622
2024-03-04,SKU-LIG-147,667,0,21,267
2024-03-04,SKU-LIG-148,1315,0,28,526
2024-03-04,SKU-LIG-149,1428,0,14,357
2024-03-04,SKU-LIG-150,352,0,7,141
2024-03-04,SKU-LIG-151,327,0,28,273
2024-03-04,SKU-LIG-152,835,0,21,334
2024-03-04,SKU-LIG-153,33,88,7,110
2024-03-04,SKU-LIG-154,994,0,28,829
2024-03-04,SKU-LIG-155,185,0,7,74
2024-03-04,SKU-LIG-156,1632,0,28,408
2024-03-04,SKU-LIG-157,856,0,14,214
2024-03-04,SKU-LIG-158,704,0,21,587
2024-03-04,SKU-LIG-159,194,518,28,648
2024-03-04,SKU-LIG-160,1980,0,28,792
2024-03-04,SKU-SMA-161,720,0,21,288
2024-03-04,SKU-SMA-162,984,0,21,246
2024-03-04,SKU-SMA-163,362,0,21,302
2024-03-04,SKU-SMA-164,26,70,7,88
2024-03-04,SKU-SMA-165,386,0,21,322
2024-03-04,SKU-SMA-166,692,0,14,173
2024-03-04,SKU-SMA-167,1168,0,28,292
2024-03-04,SKU-SMA-168,58,156,7,196
2024-03-04,SKU-SMA-169,113,129,7,162
2024-03-04,SKU-SMA-170,140,160,7,201
2024-03-04,SKU-SMA-171,1740,0,14,435
2024-03-04,SKU-SMA-172,164,437,28,547
2024-03-04,SKU-SMA-173,2264,0,28,566
2024-03-04,SKU-SMA-174,102,273,21,342
2024-03-04,SKU-SMA-175,626,0,28,522
2024-03-04,SKU-SMA-176,1736,0,28,434
2024-03-04,SKU-SMA-177,429,491,28,614
2024-03-04,SKU-SMA-178,191,218,14,273
2024-03-04,SKU-SMA-179,147,392,21,490
2024-03-04,SKU-SMA-180,1696,0,14,424
2024-03-04,SKU-SMA-181,2236,0,21,559
2024-03-04,SKU-SMA-182,345,394,21,493
2024-03-04,SKU-SMA-183,40,107,14,134
2024-03-04,SKU-SMA-184,212,243,21,304
2024-03-04,SKU-SMA-185,211,0,7,176
2024-03-04,SKU-SMA-186,996,0,28,830
2024-03-04,SKU-SMA-187,644,0,7,161
2024-03-04,SKU-SMA-188,39,105,14,132
2024-03-04,SKU-SMA-189,229,0,7,191
2024-03-04,SKU-SMA-190,1002,0,14,401
2024-03-04,SKU-SMA-191,95,255,14,319
2024-03-04,SKU-SMA-192,477,0,7,191
2024-03-04,SKU-SMA-193,1476,0,28,369
2024-03-04,SKU-SMA-194,180,0,7,150
2024-03-04,SKU-SMA-195,123,328,21,411
2024-03-04,SKU-SMA-196,153,175,14,219
2024-03-04,SKU-SMA-197,575,0,7,230
2024-03-04,SKU-SMA-198,380,435,28,544
2024-03-04,SKU-SMA-199,3196,0,28,799
2024-03-04,SKU-SMA-200,900,0,7,225
2024-03-11,SKU-BED-001,808,0,21,674
2024-03-11,SKU-BED-002,880,0,28,734
2024-03-11,SKU-BED-003,1548,0,14,387
2024-03-11,SKU-BED-004,108,0,7,90
2024-03-11,SKU-BED-005,920,0,14,230
2024-03-11,SKU-BED-006,1200,0,21,480
2024-03-11,SKU-BED-007,2190,0,28,876
2024-03-11,SKU-BED-008,574,0,21,479
2024-03-11,SKU-BED-009,517,0,14,431
2024-03-11,SKU-BED-010,37,100,7,126
2024-03-11,SKU-BED-011,1105,0,14,442
2024-03-11,SKU-BED-012,1540,0,28,385
2024-03-11,SKU-BED-013,97,259,14,324
2024-03-11,SKU-BED-014,1517,0,21,607
2024-03-11,SKU-BED-015,1037,0,28,415
2024-03-11,SKU-BED-016,108,288,14,360
2024-03-11,SKU-BED-017,136,363,28,454
2024-03-11,SKU-BED-018,123,141,7,177
2024-03-11,SKU-BED-019,1485,0,21,594
2024-03-11,SKU-BED-020,1967,0,28,787
2024-03-11,SKU-BED-021,442,505,28,632
2024-03-11,SKU-BED-022,250,0,21,209
2024-03-11,SKU-BED-023,1142,0,21,457
2024-03-11,SKU-BED-024,365,417,21,522
2024-03-11,SKU-BED-025,185,0,7,74
2024-03-11,SKU-BED-026,1372,0,14,343
2024-03-11,SKU-BED-027,234,0,21,195
2024-03-11,SKU-BED-028,2136,0,28,534
2024-03-11,SKU-BED-029,725,0,14,290
2024-03-11,SKU-BED-030,325,0,14,271
2024-03-11,SKU-BED-031,307,0,7,123
2024-03-11,SKU-BED-032,2127,0,28,851
2024-03-11,SKU-BED-033,1400,0,28,560
2024-03-11,SKU-BED-034,79,212,21,266
2024-03-11,SKU-BED-035,129,148,14,185
2024-03-11,SKU-BED-036,421,481,28,602
2024-03-11,SKU-BED-037,240,275,14,344
2024-03-11,SKU-BED-038,49,132,7,166
2024-03-11,SKU-BED-039,608,695,28,869
2024-03-11,SKU-BED-040,135,154,7,193
2024-03-11,SKU-FUR-041,705,0,14,282
2024-03-11,SKU-FUR-042,3224,0,28,806
2024-03-11,SKU-FUR-043,584,0,21,487
2024-03-11,SKU-FUR-044,468,0,7,117
2024-03-11,SKU-FUR-045,249,0,14,208
2024-03-11,SKU-FUR-046,1056,0,28,880
2024-03-11,SKU-FUR-047,394,0,21,329
2024-03-11,SKU-FUR-048,165,0,7,138
2024-03-11,SKU-FUR-049,1890,0,28,756
2024-03-11,SKU-FUR-050,1190,0,21,476
2024-03-11,SKU-FUR-051,157,420,21,525
2024-03-11,SKU-FUR-052,1432,0,21,358
2024-03-11,SKU-FUR-053,175,467,28,584
2024-03-11,SKU-FUR-054,292,0,7,117
2024-03-11,SKU-FUR-055,130,347,21,434
2024-03-11,SKU-FUR-056,488,0,7,122
2024-03-11,SKU-FUR-057,63,169,14,212
2024-03-11,SKU-FUR-058,65,175,14,219
2024-03-11,SKU-FUR-059,146,391,21,489
2024-03-11,SKU-FUR-060,2528,0,21,632
2024-03-11,SKU-FUR-061,750,0,28,625
2024-03-11,SKU-FUR-062,358,0,14,299
2024-03-11,SKU-FUR-063,57,152,14,190
2024-03-11,SKU-FUR-064,30,82,7,103
2024-03-11,SKU-FUR-065,327,0,7,131
2024-03-11,SKU-FUR-066,561,0,21,468
2024-03-11,SKU-FUR-067,144,164,14,206
2024-03-11,SKU-FUR-068,42,113,7,142
2024-03-11,SKU-FUR-069,218,0,7,182
2024-03-11,SKU-FUR-070,387,442,28,553
2024-03-11,SKU-FUR-071,59,157,21,197
2024-03-11,SKU-FUR-072,235,269,21,337
2024-03-11,SKU-FUR-073,313,0,14,261
2024-03-11,SKU-FUR-074,124,332,28,415
2024-03-11,SKU-FUR-075,1307,0,21,523
2024-03-11,SKU-FUR-076,112,299,21,374
2024-03-11,SKU-FUR-077,747,0,28,623
2024-03-11,SKU-FUR-078,168,192,14,241
2024-03-11,SKU-FUR-079,552,0,14,460
2024-03-11,SKU-FUR-080,46,124,7,155
2024-03-11,SKU-DEC-081,109,292,21,366
2024-03-11,SKU-DEC-082,166,444,28,556
2024-03-11,SKU-DEC-083,456,0,7,114
2024-03-11,SKU-DEC-084,507,0,14,203
2024-03-11,SKU-DEC-085,1472,0,14,368
2024-03-11,SKU-DEC-086,69,185,14,232
2024-03-11,SKU-DEC-087,225,600,28,751
2024-03-11,SKU-DEC-088,1068,0,28,890
2024-03-11,SKU-DEC-089,2860,0,28,715
2024-03-11,SKU-DEC-090,950,0,28,380
2024-03-11,SKU-DEC-091,1402,0,21,561
2024-03-11,SKU-DEC-092,65,174,14,218
2024-03-11,SKU-DEC-093,583,0,21,486
2024-03-11,SKU-DEC-094,457,0,14,381
2024-03-11,SKU-DEC-095,815,0,14,326
2024-03-11,SKU-DEC-096,819,0,21,683
2024-03-11,SKU-DEC-097,729,0,21,608
2024-03-11,SKU-DEC-098,448,0,7,112
2024-03-11,SKU-DEC-099,988,0,14,247
2024-03-11,SKU-DEC-100,409,0,21,341
2024-03-11,SKU-DEC-101,217,0,7,181
2024-03-11,SKU-DEC-102,842,0,28,337
2024-03-11,SKU-DEC-103,42,112,14,141
2024-03-11,SKU-DEC-104,151,172,21,216
2024-03-11,SKU-DEC-105,134,358,28,448
2024-03-11,SKU-DEC-106,796,0,21,664
2024-03-11,SKU-DEC-107,612,0,21,510
2024-03-11,SKU-DEC-108,472,0,7,189
2024-03-11,SKU-DEC-109,56,64,7,80
2024-03-11,SKU-DEC-110,19,52,7,65
2024-03-11,SKU-DEC-111,310,354,28,443
2024-03-11,SKU-DEC-112,42,114,7,143
2024-03-11,SKU-DEC-113,432,0,21,360
2024-03-11,SKU-DEC-114,1800,0,14,450
2024-03-11,SKU-DEC-115,147,168,14,210
2024-03-11,SKU-DEC-116,498,0,14,415
2024-03-11,SKU-DEC-117,49,131,14,164
2024-03-11,SKU-DEC-118,265,0,21,221
2024-03-11,SKU-DEC-119,349,0,14,291
2024-03-11,SKU-DEC-120,1276,0,14,319
2024-03-11,SKU-LIG-121,53,142,7,178
2024-03-11,SKU-LIG-122,61,70,7,88
2024-03-11,SKU-LIG-123,1492,0,21,597
2024-03-11,SKU-LIG-124,888,0,7,222
2024-03-11,SKU-LIG-125,577,0,21,231
2024-03-11,SKU-LIG-126,124,0,7,104
2024-03-11,SKU-LIG-127,329,376,21,470
2024-03-11,SKU-LIG-128,318,0,14,265
2024-03-11,SKU-LIG-129,195,0,7,163
2024-03-11,SKU-LIG-130,1332,0,14,333
2024-03-11,SKU-LIG-131,231,618,28,773
2024-03-11,SKU-LIG-132,950,0,21,380
2024-03-11,SKU-LIG-133,517,0,14,431
2024-03-11,SKU-LIG-134,541,0,28,451
2024-03-11,SKU-LIG-135,1212,0,21,485
2024-03-11,SKU-LIG-136,1620,0,21,405
2024-03-11,SKU-LIG-137,221,253,14,317
2024-03-11,SKU-LIG-138,51,58,7,73
2024-03-11,SKU-LIG-139,201,537,21,672
2024-03-11,SKU-LIG-140,111,127,14,159
2024-03-11,SKU-LIG-141,114,305,14,382
2024-03-11,SKU-LIG-142,117,134,7,168
2024-03-11,SKU-LIG-143,74,85,7,107
2024-03-11,SKU-LIG-144,91,244,28,306
2024-03-11,SKU-LIG-145,1032,0,28,413
2024-03-11,SKU-LIG-146,326,373,21,467
2024-03-11,SKU-LIG-147,712,0,14,178
2024-03-11,SKU-LIG-148,91,104,7,131
2024-03-11,SKU-LIG-149,249,285,14,357
2024-03-11,SKU-LIG-150,127,340,21,425
2024-03-11,SKU-LIG-151,340,0,14,136
2024-03-11,SKU-LIG-152,33,88,7,111
2024-03-11,SKU-LIG-153,66,176,14,220
2024-03-11,SKU-LIG-154,1555,0,21,622
2024-03-11,SKU-LIG-155,51,59,7,74
2024-03-11,SKU-LIG-156,816,0,14,204
2024-03-11,SKU-LIG-157,128,0,7,107
2024-03-11,SKU-LIG-158,117,312,14,391
2024-03-11,SKU-LIG-159,405,0,7,162
2024-03-11,SKU-LIG-160,1584,0,14,396
2024-03-11,SKU-SMA-161,268,307,28,384
2024-03-11,SKU-SMA-162,49,131,14,164
2024-03-11,SKU-SMA-163,483,0,28,403
2024-03-11,SKU-SMA-164,105,281,28,352
2024-03-11,SKU-SMA-165,64,172,14,215
2024-03-11,SKU-SMA-166,78,208,21,260
2024-03-11,SKU-SMA-167,87,233,28,292
2024-03-11,SKU-SMA-168,411,470,21,588
2024-03-11,SKU-SMA-169,48,129,7,162
2024-03-11,SKU-SMA-170,422,483,21,604
2024-03-11,SKU-SMA-171,65,173,7,217
2024-03-11,SKU-SMA-172,81,218,14,273
2024-03-11,SKU-SMA-173,352,0,7,141
2024-03-11,SKU-SMA-174,1368,0,21,342
2024-03-11,SKU-SMA-175,156,417,28,522
2024-03-11,SKU-SMA-176,815,0,21,326
2024-03-11,SKU-SMA-177,2456,0,28,614
2024-03-11,SKU-SMA-178,1022,0,21,409
2024-03-11,SKU-SMA-179,48,130,7,163
2024-03-11,SKU-SMA-180,445,509,21,637
2024-03-11,SKU-SMA-181,744,0,7,186
2024-03-11,SKU-SMA-182,2628,0,28,657
2024-03-11,SKU-SMA-183,80,215,28,269
2024-03-11,SKU-SMA-184,70,80,7,101
2024-03-11,SKU-SMA-185,440,0,7,176
2024-03-11,SKU-SMA-186,248,0,7,207
2024-03-11,SKU-SMA-187,1936,0,21,484
2024-03-11,SKU-SMA-188,318,0,28,265
2024-03-11,SKU-SMA-189,764,0,7,191
2024-03-11,SKU-SMA-190,120,320,14,401
2024-03-11,SKU-SMA-191,191,511,28,639
2024-03-11,SKU-SMA-192,171,458,21,573
2024-03-11,SKU-SMA-193,368,0,7,92
2024-03-11,SKU-SMA-194,315,360,21,450
2024-03-11,SKU-SMA-195,342,0,7,137
2024-03-11,SKU-SMA-196,394,0,21,329
2024-03-11,SKU-SMA-197,2764,0,21,691
2024-03-11,SKU-SMA-198,163,435,28,544
2024-03-11,SKU-SMA-199,497,0,7,199
2024-03-11,SKU-SMA-200,1127,0,14,451
2024-03-18,SKU-BED-001,268,0,7,224
2024-03-18,SKU-BED-002,110,293,14,367
2024-03-18,SKU-BED-003,772,0,7,193
2024-03-18,SKU-BED-004,62,72,7,90
2024-03-18,SKU-BED-005,80,92,7,115
2024-03-18,SKU-BED-006,2560,0,28,640
2024-03-18,SKU-BED-007,525,0,14,438
2024-03-18,SKU-BED-008,111,127,7,159
2024-03-18,SKU-BED-009,2155,0,28,862
2024-03-18,SKU-BED-010,151,403,28,504
2024-03-18,SKU-BED-011,1768,0,14,442
2024-03-18,SKU-BED-012,134,153,14,192
2024-03-18,SKU-BED-013,648,0,7,162
2024-03-18,SKU-BED-014,1620,0,14,405
2024-03-18,SKU-BED-015,1037,0,28,415
2024-03-18,SKU-BED-016,162,432,21,540
2024-03-18,SKU-BED-017,452,0,7,113
2024-03-18,SKU-BED-018,442,0,7,177
2024-03-18,SKU-BED-019,118,316,14,396
2024-03-18,SKU-BED-020,1967,0,28,787
2024-03-18,SKU-BED-021,790,0,14,316
2024-03-18,SKU-BED-022,82,0,7,69
2024-03-18,SKU-BED-023,106,121,7,152
2024-03-18,SKU-BED-024,2088,0,21,522
2024-03-18,SKU-BED-025,1192,0,28,298
2024-03-18,SKU-BED-026,411,0,14,343
2024-03-18,SKU-BED-027,780,0,21,195
2024-03-18,SKU-BED-028,2136,0,28,534
2024-03-18,SKU-BED-029,697,0,28,581
2024-03-18,SKU-BED-030,284,325,21,407
2024-03-18,SKU-BED-031,147,0,7,123
2024-03-18,SKU-BED-032,595,680,28,851
2024-03-18,SKU-BED-033,2240,0,28,560
2024-03-18,SKU-BED-034,442,0,14,177
2024-03-18,SKU-BED-035,222,0,14,185
2024-03-18,SKU-BED-036,752,0,14,301
2024-03-18,SKU-BED-037,860,0,14,344
2024-03-18,SKU-BED-038,1247,0,21,499
2024-03-18,SKU-BED-039,130,347,14,434
2024-03-18,SKU-BED-040,2316,0,21,579
2024-03-18,SKU-FUR-041,42,112,7,141
2024-03-18,SKU-FUR-042,241,0,7,201
2024-03-18,SKU-FUR-043,812,0,14,325
2024-03-18,SKU-FUR-044,140,0,7,117
2024-03-18,SKU-FUR-045,145,166,14,208
2024-03-18,SKU-FUR-046,198,528,21,660
2024-03-18,SKU-FUR-047,822,0,21,329
2024-03-18,SKU-FUR-048,387,443,28,554
2024-03-18,SKU-FUR-049,113,302,14,378
2024-03-18,SKU-FUR-050,1904,0,21,476
2024-03-18,SKU-FUR-051,1752,0,28,701
2024-03-18,SKU-FUR-052,250,286,21,358
2024-03-18,SKU-FUR-053,700,0,28,584
2024-03-18,SKU-FUR-054,81,93,7,117
2024-03-18,SKU-FUR-055,1156,0,14,289
2024-03-18,SKU-FUR-056,146,0,7,122
2024-03-18,SKU-FUR-057,1700,0,28,425
2024-03-18,SKU-FUR-058,547,0,14,219
2024-03-18,SKU-FUR-059,146,391,21,489
2024-03-18,SKU-FUR-060,2528,0,21,632
2024-03-18,SKU-FUR-061,187,500,28,625
2024-03-18,SKU-FUR-062,372,0,7,149
2024-03-18,SKU-FUR-063,475,0,14,190
2024-03-18,SKU-FUR-064,517,0,14,207
2024-03-18,SKU-FUR-065,91,104,7,131
2024-03-18,SKU-FUR-066,780,0,14,312
2024-03-18,SKU-FUR-067,30,82,7,103
2024-03-18,SKU-FUR-068,342,0,14,285
2024-03-18,SKU-FUR-069,1367,0,21,547
2024-03-18,SKU-FUR-070,331,0,14,276
2024-03-18,SKU-FUR-071,137,157,21,197
2024-03-18,SKU-FUR-072,134,359,28,449
2024-03-18,SKU-FUR-073,182,208,14,261
2024-03-18,SKU-FUR-074,1660,0,28,415
2024-03-18,SKU-FUR-075,1307,0,21,523
2024-03-18,SKU-FUR-076,261,299,21,374
2024-03-18,SKU-FUR-077,46,124,7,155
2024-03-18,SKU-FUR-078,602,0,14,241
2024-03-18,SKU-FUR-079,644,736,28,921
2024-03-18,SKU-FUR-080,559,0,21,466
2024-03-18,SKU-DEC-081,341,390,28,488
2024-03-18,SKU-DEC-082,97,111,7,139
2024-03-18,SKU-DEC-083,916,0,14,229
2024-03-18,SKU-DEC-084,487,0,28,406
2024-03-18,SKU-DEC-085,883,0,28,736
2024-03-18,SKU-DEC-086,464,0,7,116
2024-03-18,SKU-DEC-087,901,0,28,751
2024-03-18,SKU-DEC-088,801,0,21,668
2024-03-18,SKU-DEC-089,643,0,21,536
2024-03-18,SKU-DEC-090,1140,0,21,285
2024-03-18,SKU-DEC-091,1402,0,21,561
2024-03-18,SKU-DEC-092,1748,0,28,437
2024-03-18,SKU-DEC-093,583,0,21,486
2024-03-18,SKU-DEC-094,400,457,21,572
2024-03-18,SKU-DEC-095,48,130,7,163
2024-03-18,SKU-DEC-096,1820,0,14,455
2024-03-18,SKU-DEC-097,121,324,14,405
2024-03-18,SKU-DEC-098,1127,0,28,451
2024-03-18,SKU-DEC-099,74,197,14,247
2024-03-18,SKU-DEC-100,908,0,14,227
2024-03-18,SKU-DEC-101,381,436,21,545
2024-03-18,SKU-DEC-102,101,269,28,337
2024-03-18,SKU-DEC-103,338,0,28,282
2024-03-18,SKU-DEC-104,180,0,7,72
2024-03-18,SKU-DEC-105,840,0,21,336
2024-03-18,SKU-DEC-106,464,531,21,664
2024-03-18,SKU-DEC-107,1360,0,14,340
2024-03-18,SKU-DEC-108,2272,0,21,568
2024-03-18,SKU-DEC-109,800,0,28,320
2024-03-18,SKU-DEC-110,487,0,21,195
2024-03-18,SKU-DEC-111,275,0,7,110
2024-03-18,SKU-DEC-112,516,0,21,430
2024-03-18,SKU-DEC-113,960,0,14,240
2024-03-18,SKU-DEC-114,630,720,28,900
2024-03-18,SKU-DEC-115,147,168,14,210
2024-03-18,SKU-DEC-116,249,664,28,831
2024-03-18,SKU-DEC-117,73,196,21,246
2024-03-18,SKU-DEC-118,588,0,14,147
2024-03-18,SKU-DEC-119,305,348,21,436
2024-03-18,SKU-DEC-120,766,0,28,639
2024-03-18,SKU-LIG-121,373,427,21,534
2024-03-18,SKU-LIG-122,318,0,21,265
2024-03-18,SKU-LIG-123,139,159,7,199
2024-03-18,SKU-LIG-124,1066,0,28,889
2024-03-18,SKU-LIG-125,184,0,14,154
2024-03-18,SKU-LIG-126,501,0,28,418
2024-03-18,SKU-LIG-127,1175,0,21,470
2024-03-18,SKU-LIG-128,477,0,21,398
2024-03-18,SKU-LIG-129,228,260,14,326
2024-03-18,SKU-LIG-130,600,0,21,500
2024-03-18,SKU-LIG-131,270,308,14,386
2024-03-18,SKU-LIG-132,456,0,21,380
2024-03-18,SKU-LIG-133,517,0,14,431
2024-03-18,SKU-LIG-134,448,0,7,112
2024-03-18,SKU-LIG-135,452,517,28,647
2024-03-18,SKU-LIG-136,486,0,21,405
2024-03-18,SKU-LIG-137,570,0,21,475
2024-03-18,SKU-LIG-138,292,0,7,73
2024-03-18,SKU-LIG-139,1120,0,14,448
2024-03-18,SKU-LIG-140,286,0,21,239
2024-03-18,SKU-LIG-141,133,152,7,191
2024-03-18,SKU-LIG-142,470,537,28,672
2024-03-18,SKU-LIG-143,386,0,21,322
2024-03-18,SKU-LIG-144,91,244,28,306
2024-03-18,SKU-LIG-145,824,0,14,206
2024-03-18,SKU-LIG-146,1555,0,28,622
2024-03-18,SKU-LIG-147,428,0,28,357
2024-03-18,SKU-LIG-148,985,0,21,394
2024-03-18,SKU-LIG-149,2144,0,21,536
2024-03-18,SKU-LIG-150,564,0,7,141
2024-03-18,SKU-LIG-151,95,108,14,136
2024-03-18,SKU-LIG-152,311,356,28,445
2024-03-18,SKU-LIG-153,529,0,28,441
2024-03-18,SKU-LIG-154,248,0,7,207
2024-03-18,SKU-LIG-155,22,59,7,74
2024-03-18,SKU-LIG-156,255,0,7,102
2024-03-18,SKU-LIG-157,1072,0,28,429
2024-03-18,SKU-LIG-158,977,0,14,391
2024-03-18,SKU-LIG-159,2592,0,28,648
2024-03-18,SKU-LIG-160,59,158,7,198
2024-03-18,SKU-SMA-161,115,0,7,96
2024-03-18,SKU-SMA-162,822,0,28,329
2024-03-18,SKU-SMA-163,70,80,7,100
2024-03-18,SKU-SMA-164,704,0,14,176
2024-03-18,SKU-SMA-165,225,257,21,322
2024-03-18,SKU-SMA-166,650,0,21,260
2024-03-18,SKU-SMA-167,547,0,21,219
2024-03-18,SKU-SMA-168,2352,0,21,588
2024-03-18,SKU-SMA-169,648,0,7,162
2024-03-18,SKU-SMA-170,241,0,7,201
2024-03-18,SKU-SMA-171,1740,0,14,435
2024-03-18,SKU-SMA-172,656,0,28,547
2024-03-18,SKU-SMA-173,1700,0,21,425
2024-03-18,SKU-SMA-174,285,0,7,114
2024-03-18,SKU-SMA-175,273,312,21,391
2024-03-18,SKU-SMA-176,520,0,28,434
2024-03-18,SKU-SMA-177,2456,0,28,614
2024-03-18,SKU-SMA-178,1022,0,21,409
2024-03-18,SKU-SMA-179,114,130,7,163
2024-03-18,SKU-SMA-180,594,679,28,849
2024-03-18,SKU-SMA-181,670,0,21,559
2024-03-18,SKU-SMA-182,393,0,14,328
2024-03-18,SKU-SMA-183,40,107,14,134
2024-03-18,SKU-SMA-184,486,0,28,405
2024-03-18,SKU-SMA-185,2112,0,21,528
2024-03-18,SKU-SMA-186,124,332,14,415
2024-03-18,SKU-SMA-187,402,0,7,161
2024-03-18,SKU-SMA-188,139,159,21,199
2024-03-18,SKU-SMA-189,918,0,28,765
2024-03-18,SKU-SMA-190,240,0,7,200
2024-03-18,SKU-SMA-191,1197,0,21,479
2024-03-18,SKU-SMA-192,2292,0,21,573
2024-03-18,SKU-SMA-193,368,0,7,92
2024-03-18,SKU-SMA-194,180,0,7,150
2024-03-18,SKU-SMA-195,123,328,21,411
2024-03-18,SKU-SMA-196,436,0,7,109
2024-03-18,SKU-SMA-197,552,0,14,460
2024-03-18,SKU-SMA-198,163,0,7,136
2024-03-18,SKU-SMA-199,497,0,7,199
2024-03-18,SKU-SMA-200,135,360,14,451
2024-03-25,SKU-BED-001,896,0,7,224
2024-03-25,SKU-BED-002,219,0,7,183
2024-03-25,SKU-BED-003,1548,0,14,387
2024-03-25,SKU-BED-004,217,0,14,181
2024-03-25,SKU-BED-005,1844,0,28,461
2024-03-25,SKU-BED-006,576,0,21,480
2024-03-25,SKU-BED-007,459,525,21,657
2024-03-25,SKU-BED-008,446,510,28,638
2024-03-25,SKU-BED-009,150,172,7,215
2024-03-25,SKU-BED-010,604,0,28,504
2024-03-25,SKU-BED-011,1657,0,21,663
2024-03-25,SKU-BED-012,134,153,14,192
2024-03-25,SKU-BED-013,1296,0,14,324
2024-03-25,SKU-BED-014,121,324,14,405
2024-03-25,SKU-BED-015,62,165,14,207
2024-03-25,SKU-BED-016,720,0,7,180
2024-03-25,SKU-BED-017,282,0,7,113
2024-03-25,SKU-BED-018,497,568,28,711
2024-03-25,SKU-BED-019,1584,0,14,396
2024-03-25,SKU-BED-020,1475,0,21,590
2024-03-25,SKU-BED-021,790,0,14,316
2024-03-25,SKU-BED-022,522,0,21,209
2024-03-25,SKU-BED-023,1525,0,28,610
2024-03-25,SKU-BED-024,487,556,28,696
2024-03-25,SKU-BED-025,51,59,7,74
2024-03-25,SKU-BED-026,154,412,21,515
2024-03-25,SKU-BED-027,487,0,21,195
2024-03-25,SKU-BED-028,1068,0,14,267
2024-03-25,SKU-BED-029,43,116,7,145
2024-03-25,SKU-BED-030,162,0,7,135
2024-03-25,SKU-BED-031,927,0,21,371
2024-03-25,SKU-BED-032,1062,0,14,425
2024-03-25,SKU-BED-033,1400,0,28,560
2024-03-25,SKU-BED-034,26,70,7,88
2024-03-25,SKU-BED-035,27,73,7,92
2024-03-25,SKU-BED-036,361,0,14,301
2024-03-25,SKU-BED-037,1722,0,28,689
2024-03-25,SKU-BED-038,415,0,7,166
2024-03-25,SKU-BED-039,151,173,7,217
2024-03-25,SKU-BED-040,1544,0,14,386
2024-03-25,SKU-FUR-041,98,112,7,141
2024-03-25,SKU-FUR-042,564,644,28,806
2024-03-25,SKU-FUR-043,1217,0,21,487
2024-03-25,SKU-FUR-044,292,0,7,117
2024-03-25,SKU-FUR-045,499,0,28,416
2024-03-25,SKU-FUR-046,550,0,7,220
2024-03-25,SKU-FUR-047,272,0,7,109
2024-03-25,SKU-FUR-048,96,110,7,138
2024-03-25,SKU-FUR-049,1512,0,14,378
2024-03-25,SKU-FUR-050,1585,0,28,634
2024-03-25,SKU-FUR-051,52,140,7,175
2024-03-25,SKU-FUR-052,107,286,21,358
2024-03-25,SKU-FUR-053,306,350,21,438
2024-03-25,SKU-FUR-054,246,281,21,352
2024-03-25,SKU-FUR-055,202,231,14,289
2024-03-25,SKU-FUR-056,294,0,14,245
2024-03-25,SKU-FUR-057,254,0,14,212
2024-03-25,SKU-FUR-058,436,0,7,109
2024-03-25,SKU-FUR-059,195,0,7,163
2024-03-25,SKU-FUR-060,840,0,7,210
2024-03-25,SKU-FUR-061,750,0,28,625
2024-03-25,SKU-FUR-062,314,359,21,449
2024-03-25,SKU-FUR-063,342,0,21,285
2024-03-25,SKU-FUR-064,1240,0,21,310
2024-03-25,SKU-FUR-065,275,314,21,393
2024-03-25,SKU-FUR-066,218,249,14,312
2024-03-25,SKU-FUR-067,372,0,21,310
2024-03-25,SKU-FUR-068,2284,0,28,571
2024-03-25,SKU-FUR-069,164,437,21,547
2024-03-25,SKU-FUR-070,165,442,28,553
2024-03-25,SKU-FUR-071,788,0,21,197
2024-03-25,SKU-FUR-072,78,89,7,112
2024-03-25,SKU-FUR-073,520,0,7,130
2024-03-25,SKU-FUR-074,1660,0,28,415
2024-03-25,SKU-FUR-075,837,0,28,698
2024-03-25,SKU-FUR-076,935,0,21,374
2024-03-25,SKU-FUR-077,186,0,7,155
2024-03-25,SKU-FUR-078,84,96,7,120
2024-03-25,SKU-FUR-079,1150,0,14,460
2024-03-25,SKU-FUR-080,93,248,14,310
2024-03-25,SKU-DEC-081,36,97,7,122
2024-03-25,SKU-DEC-082,1112,0,14,278
2024-03-25,SKU-DEC-083,34,91,7,114
2024-03-25,SKU-DEC-084,1220,0,21,305
2024-03-25,SKU-DEC-085,55,147,7,184
2024-03-25,SKU-DEC-086,870,0,21,348
2024-03-25,SKU-DEC-087,937,0,14,375
2024-03-25,SKU-DEC-088,801,0,21,668
2024-03-25,SKU-DEC-089,1787,0,28,715
2024-03-25,SKU-DEC-090,712,0,21,285
2024-03-25,SKU-DEC-091,1496,0,14,374
2024-03-25,SKU-DEC-092,524,0,28,437
2024-03-25,SKU-DEC-093,145,388,21,486
2024-03-25,SKU-DEC-094,760,0,7,190
2024-03-25,SKU-DEC-095,407,0,7,163
2024-03-25,SKU-DEC-096,3640,0,28,910
2024-03-25,SKU-DEC-097,3244,0,28,811
2024-03-25,SKU-DEC-098,1127,0,28,451
2024-03-25,SKU-DEC-099,86,98,7,123
2024-03-25,SKU-DEC-100,136,364,28,455
2024-03-25,SKU-DEC-101,54,144,7,181
2024-03-25,SKU-DEC-102,201,0,14,168
2024-03-25,SKU-DEC-103,705,0,28,282
2024-03-25,SKU-DEC-104,1152,0,28,288
2024-03-25,SKU-DEC-105,1120,0,28,448
2024-03-25,SKU-DEC-106,1660,0,21,664
2024-03-25,SKU-DEC-107,1275,0,21,510
2024-03-25,SKU-DEC-108,945,0,14,378
2024-03-25,SKU-DEC-109,800,0,28,320
2024-03-25,SKU-DEC-110,19,52,7,65
2024-03-25,SKU-DEC-111,265,0,14,221
2024-03-25,SKU-DEC-112,357,0,7,143
2024-03-25,SKU-DEC-113,600,0,14,240
2024-03-25,SKU-DEC-114,270,0,7,225
2024-03-25,SKU-DEC-115,31,84,7,105
2024-03-25,SKU-DEC-116,498,0,14,415
2024-03-25,SKU-DEC-117,114,131,14,164
2024-03-25,SKU-DEC-118,292,0,7,73
2024-03-25,SKU-DEC-119,407,465,28,582
2024-03-25,SKU-DEC-120,636,0,7,159
2024-03-25,SKU-LIG-121,1782,0,28,713
2024-03-25,SKU-LIG-122,105,0,7,88
2024-03-25,SKU-LIG-123,2388,0,21,597
2024-03-25,SKU-LIG-124,155,177,7,222
2024-03-25,SKU-LIG-125,184,0,14,154
2024-03-25,SKU-LIG-126,146,167,14,209
2024-03-25,SKU-LIG-127,438,501,28,627
2024-03-25,SKU-LIG-128,995,0,21,398
2024-03-25,SKU-LIG-129,391,0,14,326
2024-03-25,SKU-LIG-130,466,533,28,667
2024-03-25,SKU-LIG-131,231,0,7,193
2024-03-25,SKU-LIG-132,315,0,7,126
2024-03-25,SKU-LIG-133,301,344,14,431
2024-03-25,SKU-LIG-134,101,270,21,338
2024-03-25,SKU-LIG-135,1617,0,28,647
2024-03-25,SKU-LIG-136,1012,0,21,405
2024-03-25,SKU-LIG-137,2536,0,28,634
2024-03-25,SKU-LIG-138,87,233,28,292
2024-03-25,SKU-LIG-139,67,179,7,224
2024-03-25,SKU-LIG-140,94,0,7,79
2024-03-25,SKU-LIG-141,477,0,7,191
2024-03-25,SKU-LIG-142,470,537,28,672
2024-03-25,SKU-LIG-143,300,343,28,429
2024-03-25,SKU-LIG-144,367,0,28,306
2024-03-25,SKU-LIG-145,72,82,7,103
2024-03-25,SKU-LIG-146,140,373,21,467
2024-03-25,SKU-LIG-147,222,0,7,89
2024-03-25,SKU-LIG-148,327,0,7,131
2024-03-25,SKU-LIG-149,1787,0,28,715
2024-03-25,SKU-LIG-150,42,112,7,141
2024-03-25,SKU-LIG-151,191,218,28,273
2024-03-25,SKU-LIG-152,100,267,21,334
2024-03-25,SKU-LIG-153,66,176,14,220
2024-03-25,SKU-LIG-154,1656,0,14,414
2024-03-25,SKU-LIG-155,185,0,7,74
2024-03-25,SKU-LIG-156,255,0,7,102
2024-03-25,SKU-LIG-157,149,171,14,214
2024-03-25,SKU-LIG-158,3132,0,28,783
2024-03-25,SKU-LIG-159,97,259,14,324
2024-03-25,SKU-LIG-160,495,0,7,198
2024-03-25,SKU-SMA-161,115,0,7,96
2024-03-25,SKU-SMA-162,98,0,7,82
2024-03-25,SKU-SMA-163,70,80,7,100
2024-03-25,SKU-SMA-164,52,140,14,176
2024-03-25,SKU-SMA-165,805,0,21,322
2024-03-25,SKU-SMA-166,51,138,14,173
2024-03-25,SKU-SMA-167,65,175,21,219
2024-03-25,SKU-SMA-168,490,0,7,196
2024-03-25,SKU-SMA-169,2604,0,28,651
2024-03-25,SKU-SMA-170,422,483,21,604
2024-03-25,SKU-SMA-171,783,0,21,653
2024-03-25,SKU-SMA-172,287,328,21,410
2024-03-25,SKU-SMA-173,1700,0,21,425
2024-03-25,SKU-SMA-174,410,0,21,342
2024-03-25,SKU-SMA-175,365,417,28,522
2024-03-25,SKU-SMA-176,1304,0,21,326
2024-03-25,SKU-SMA-177,322,368,21,461
2024-03-25,SKU-SMA-178,682,0,14,273
2024-03-25,SKU-SMA-179,1960,0,21,490
2024-03-25,SKU-SMA-180,148,169,7,212
2024-03-25,SKU-SMA-181,894,0,28,745
2024-03-25,SKU-SMA-182,229,262,14,328
2024-03-25,SKU-SMA-183,808,0,21,202
2024-03-25,SKU-SMA-184,505,0,14,202
2024-03-25,SKU-SMA-185,211,0,7,176
2024-03-25,SKU-SMA-186,2075,0,28,830
2024-03-25,SKU-SMA-187,452,516,28,646
2024-03-25,SKU-SMA-188,59,159,21,199
2024-03-25,SKU-SMA-189,764,0,7,191
2024-03-25,SKU-SMA-190,280,320,14,401
2024-03-25,SKU-SMA-191,47,127,7,159
2024-03-25,SKU-SMA-192,114,305,14,382
2024-03-25,SKU-SMA-193,110,295,28,369
2024-03-25,SKU-SMA-194,1800,0,21,450
2024-03-25,SKU-SMA-195,685,0,14,274
2024-03-25,SKU-SMA-196,130,0,7,109
2024-03-25,SKU-SMA-197,552,0,14,460
2024-03-25,SKU-SMA-198,122,326,21,408
2024-03-25,SKU-SMA-199,796,0,7,199
2024-03-25,SKU-SMA-200,812,0,21,677
2024-04-01,SKU-BED-001,1685,0,21,674
2024-04-01,SKU-BED-002,917,0,14,367
2024-04-01,SKU-BED-003,231,0,7,193
2024-04-01,SKU-BED-004,217,0,14,181
2024-04-01,SKU-BED-005,1844,0,28,461
2024-04-01,SKU-BED-006,192,0,7,160
2024-04-01,SKU-BED-007,2190,0,28,876
2024-04-01,SKU-BED-008,95,255,14,319
2024-04-01,SKU-BED-009,775,0,21,646
2024-04-01,SKU-BED-010,302,0,14,252
2024-04-01,SKU-BED-011,265,0,7,221
2024-04-01,SKU-BED-012,1152,0,21,288
2024-04-01,SKU-BED-013,2596,0,28,649
2024-04-01,SKU-BED-014,1517,0,21,607
2024-04-01,SKU-BED-015,217,248,21,311
2024-04-01,SKU-BED-016,864,0,28,720
2024-04-01,SKU-BED-017,317,363,28,454
2024-04-01,SKU-BED-018,373,426,21,533
2024-04-01,SKU-BED-019,951,0,28,793
2024-04-01,SKU-BED-020,117,314,14,393
2024-04-01,SKU-BED-021,2528,0,28,632
2024-04-01,SKU-BED-022,62,167,21,209
2024-04-01,SKU-BED-023,137,365,21,457
2024-04-01,SKU-BED-024,52,139,7,174
2024-04-01,SKU-BED-025,156,178,21,223
2024-04-01,SKU-BED-026,824,0,28,687
2024-04-01,SKU-BED-027,312,0,28,260
2024-04-01,SKU-BED-028,160,427,28,534
2024-04-01,SKU-BED-029,43,116,7,145
2024-04-01,SKU-BED-030,122,325,21,407
2024-04-01,SKU-BED-031,74,197,14,247
2024-04-01,SKU-BED-032,1595,0,21,638
2024-04-01,SKU-BED-033,560,0,7,140
2024-04-01,SKU-BED-034,53,141,14,177
2024-04-01,SKU-BED-035,692,0,21,277
2024-04-01,SKU-BED-036,361,0,14,301
2024-04-01,SKU-BED-037,206,551,28,689
2024-04-01,SKU-BED-038,465,532,28,665
2024-04-01,SKU-BED-039,151,173,7,217
2024-04-01,SKU-BED-040,694,0,21,579
2024-04-01,SKU-FUR-041,394,451,28,564
2024-04-01,SKU-FUR-042,726,0,21,605
2024-04-01,SKU-FUR-043,2600,0,28,650
2024-04-01,SKU-FUR-044,1872,0,28,468
2024-04-01,SKU-FUR-045,124,332,28,416
2024-04-01,SKU-FUR-046,616,704,28,880
2024-04-01,SKU-FUR-047,436,0,7,109
2024-04-01,SKU-FUR-048,2216,0,28,554
2024-04-01,SKU-FUR-049,396,453,21,567
2024-04-01,SKU-FUR-050,395,0,7,158
2024-04-01,SKU-FUR-051,2100,0,21,525
2024-04-01,SKU-FUR-052,297,0,7,119
2024-04-01,SKU-FUR-053,175,0,7,146
2024-04-01,SKU-FUR-054,329,376,28,470
2024-04-01,SKU-FUR-055,405,463,28,579
2024-04-01,SKU-FUR-056,1225,0,28,490
2024-04-01,SKU-FUR-057,510,0,28,425
2024-04-01,SKU-FUR-058,130,0,7,109
2024-04-01,SKU-FUR-059,114,130,7,163
2024-04-01,SKU-FUR-060,840,0,7,210
2024-04-01,SKU-FUR-061,187,0,7,156
2024-04-01,SKU-FUR-062,538,0,21,449
2024-04-01,SKU-FUR-063,66,76,7,95
2024-04-01,SKU-FUR-064,257,0,7,103
2024-04-01,SKU-FUR-065,157,0,7,131
2024-04-01,SKU-FUR-066,390,0,7,156
2024-04-01,SKU-FUR-067,93,248,21,310
2024-04-01,SKU-FUR-068,170,0,7,142
2024-04-01,SKU-FUR-069,218,0,7,182
2024-04-01,SKU-FUR-070,690,0,14,276
2024-04-01,SKU-FUR-071,78,0,7,65
2024-04-01,SKU-FUR-072,78,89,7,112
2024-04-01,SKU-FUR-073,156,418,28,523
2024-04-01,SKU-FUR-074,72,82,7,103
2024-04-01,SKU-FUR-075,418,0,14,349
2024-04-01,SKU-FUR-076,935,0,21,374
2024-04-01,SKU-FUR-077,217,248,14,311
2024-04-01,SKU-FUR-078,905,0,21,362
2024-04-01,SKU-FUR-079,2302,0,28,921
2024-04-01,SKU-FUR-080,620,0,7,155
2024-04-01,SKU-DEC-081,292,0,14,244
2024-04-01,SKU-DEC-082,500,0,21,417
2024-04-01,SKU-DEC-083,285,0,7,114
2024-04-01,SKU-DEC-084,60,162,14,203
2024-04-01,SKU-DEC-085,165,441,21,552
2024-04-01,SKU-DEC-086,464,0,7,116
2024-04-01,SKU-DEC-087,1877,0,28,751
2024-04-01,SKU-DEC-088,2672,0,21,668
2024-04-01,SKU-DEC-089,2860,0,28,715
2024-04-01,SKU-DEC-090,114,0,7,95
2024-04-01,SKU-DEC-091,897,0,28,748
2024-04-01,SKU-DEC-092,305,349,28,437
2024-04-01,SKU-DEC-093,453,518,28,648
2024-04-01,SKU-DEC-094,1905,0,28,762
2024-04-01,SKU-DEC-095,457,522,28,653
2024-04-01,SKU-DEC-096,204,546,21,683
2024-04-01,SKU-DEC-097,1620,0,14,405
2024-04-01,SKU-DEC-098,236,270,21,338
2024-04-01,SKU-DEC-099,492,0,7,123
2024-04-01,SKU-DEC-100,272,0,14,227
2024-04-01,SKU-DEC-101,452,0,7,181
2024-04-01,SKU-DEC-102,117,134,14,168
2024-04-01,SKU-DEC-103,63,168,21,211
2024-04-01,SKU-DEC-104,64,172,21,216
2024-04-01,SKU-DEC-105,537,0,28,448
2024-04-01,SKU-DEC-106,265,708,28,886
2024-04-01,SKU-DEC-107,51,136,7,170
2024-04-01,SKU-DEC-108,756,0,7,189
2024-04-01,SKU-DEC-109,600,0,21,240
2024-04-01,SKU-DEC-110,58,156,21,195
2024-04-01,SKU-DEC-111,398,0,21,332
2024-04-01,SKU-DEC-112,171,0,7,143
2024-04-01,SKU-DEC-113,144,0,7,120
2024-04-01,SKU-DEC-114,3600,0,28,900
2024-04-01,SKU-DEC-115,31,84,7,105
2024-04-01,SKU-DEC-116,2492,0,21,623
2024-04-01,SKU-DEC-117,57,65,7,82
2024-04-01,SKU-DEC-118,292,0,7,73
2024-04-01,SKU-DEC-119,698,0,28,582
2024-04-01,SKU-DEC-120,382,0,14,319
2024-04-01,SKU-LIG-121,2136,0,21,534
2024-04-01,SKU-LIG-122,220,0,7,88
2024-04-01,SKU-LIG-123,477,0,14,398
2024-04-01,SKU-LIG-124,555,0,7,222
2024-04-01,SKU-LIG-125,772,0,28,309
2024-04-01,SKU-LIG-126,94,251,21,314
2024-04-01,SKU-LIG-127,188,501,28,627
2024-04-01,SKU-LIG-128,39,105,7,132
2024-04-01,SKU-LIG-129,815,0,14,326
2024-04-01,SKU-LIG-130,99,266,14,333
2024-04-01,SKU-LIG-131,3092,0,28,773
2024-04-01,SKU-LIG-132,177,202,14,253
2024-04-01,SKU-LIG-133,193,516,21,646
2024-04-01,SKU-LIG-134,562,0,14,225
2024-04-01,SKU-LIG-135,452,517,28,647
2024-04-01,SKU-LIG-136,162,432,28,540
2024-04-01,SKU-LIG-137,189,0,7,158
2024-04-01,SKU-LIG-138,876,0,21,219
2024-04-01,SKU-LIG-139,1792,0,14,448
2024-04-01,SKU-LIG-140,55,63,7,79
2024-04-01,SKU-LIG-141,764,0,7,191
2024-04-01,SKU-LIG-142,151,403,21,504
2024-04-01,SKU-LIG-143,535,0,14,214
2024-04-01,SKU-LIG-144,53,60,7,76
2024-04-01,SKU-LIG-145,289,330,28,413
2024-04-01,SKU-LIG-146,1868,0,21,467
2024-04-01,SKU-LIG-147,80,213,21,267
2024-04-01,SKU-LIG-148,2104,0,28,526
2024-04-01,SKU-LIG-149,712,0,7,178
2024-04-01,SKU-LIG-150,707,0,14,283
2024-04-01,SKU-LIG-151,40,108,14,136
2024-04-01,SKU-LIG-152,266,0,14,222
2024-04-01,SKU-LIG-153,66,176,14,220
2024-04-01,SKU-LIG-154,248,663,28,829
2024-04-01,SKU-LIG-155,22,59,7,74
2024-04-01,SKU-LIG-156,816,0,14,204
2024-04-01,SKU-LIG-157,1288,0,21,322
2024-04-01,SKU-LIG-158,548,626,28,783
2024-04-01,SKU-LIG-159,1296,0,14,324
2024-04-01,SKU-LIG-160,237,0,7,198
2024-04-01,SKU-SMA-161,460,0,28,384
2024-04-01,SKU-SMA-162,49,131,14,164
2024-04-01,SKU-SMA-163,250,0,7,100
2024-04-01,SKU-SMA-164,123,140,14,176
2024-04-01,SKU-SMA-165,128,0,7,107
2024-04-01,SKU-SMA-166,432,0,14,173
2024-04-01,SKU-SMA-167,175,0,14,146
2024-04-01,SKU-SMA-168,117,313,14,392
2024-04-01,SKU-SMA-169,341,390,21,488
2024-04-01,SKU-SMA-170,1510,0,21,604
2024-04-01,SKU-SMA-171,542,0,7,217
2024-04-01,SKU-SMA-172,164,437,28,547
2024-04-01,SKU-SMA-173,510,0,21,425
2024-04-01,SKU-SMA-174,136,364,28,456
2024-04-01,SKU-SMA-175,313,0,14,261
2024-04-01,SKU-SMA-176,32,86,7,108
2024-04-01,SKU-SMA-177,368,0,14,307
2024-04-01,SKU-SMA-178,382,436,28,546
2024-04-01,SKU-SMA-179,652,0,7,163
2024-04-01,SKU-SMA-180,148,169,7,212
2024-04-01,SKU-SMA-181,465,0,7,186
2024-04-01,SKU-SMA-182,820,0,14,328
2024-04-01,SKU-SMA-183,46,53,7,67
2024-04-01,SKU-SMA-184,1216,0,21,304
2024-04-01,SKU-SMA-185,880,0,14,352
2024-04-01,SKU-SMA-186,517,0,7,207
2024-04-01,SKU-SMA-187,452,516,28,646
2024-04-01,SKU-SMA-188,92,105,14,132
2024-04-01,SKU-SMA-189,955,0,14,382
2024-04-01,SKU-SMA-190,1604,0,14,401
2024-04-01,SKU-SMA-191,335,383,21,479
2024-04-01,SKU-SMA-192,764,0,7,191
2024-04-01,SKU-SMA-193,230,0,7,92
2024-04-01,SKU-SMA-194,180,0,7,150
2024-04-01,SKU-SMA-195,1644,0,21,411
2024-04-01,SKU-SMA-196,262,0,14,219
2024-04-01,SKU-SMA-197,1727,0,21,691
2024-04-01,SKU-SMA-198,122,326,21,408
2024-04-01,SKU-SMA-199,419,479,21,599
2024-04-01,SKU-SMA-200,812,0,21,677
2024-04-08,SKU-BED-001,202,539,21,674
2024-04-08,SKU-BED-002,457,0,7,183
2024-04-08,SKU-BED-003,174,464,21,581
2024-04-08,SKU-BED-004,253,289,28,362
2024-04-08,SKU-BED-005,920,0,14,230
2024-04-08,SKU-BED-006,1600,0,28,640
2024-04-08,SKU-BED-007,65,175,7,219
2024-04-08,SKU-BED-008,47,127,7,159
2024-04-08,SKU-BED-009,193,516,21,646
2024-04-08,SKU-BED-010,176,201,14,252
2024-04-08,SKU-BED-011,265,0,7,221
2024-04-08,SKU-BED-012,269,308,28,385
2024-04-08,SKU-BED-013,340,389,21,487
2024-04-08,SKU-BED-014,1012,0,14,405
2024-04-08,SKU-BED-015,93,248,21,311
2024-04-08,SKU-BED-016,216,576,28,720
2024-04-08,SKU-BED-017,1135,0,28,454
2024-04-08,SKU-BED-018,2844,0,28,711
2024-04-08,SKU-BED-019,178,475,21,594
2024-04-08,SKU-BED-020,177,472,21,590
2024-04-08,SKU-BED-021,2528,0,28,632
2024-04-08,SKU-BED-022,836,0,21,209
2024-04-08,SKU-BED-023,183,488,28,610
2024-04-08,SKU-BED-024,208,0,7,174
2024-04-08,SKU-BED-025,156,178,21,223
2024-04-08,SKU-BED-026,154,412,21,515
2024-04-08,SKU-BED-027,162,0,7,65
2024-04-08,SKU-BED-028,480,0,21,400
2024-04-08,SKU-BED-029,305,348,21,436
2024-04-08,SKU-BED-030,1357,0,28,543
2024-04-08,SKU-BED-031,1237,0,28,495
2024-04-08,SKU-BED-032,255,680,28,851
2024-04-08,SKU-BED-033,350,0,7,140
2024-04-08,SKU-BED-034,220,0,7,88
2024-04-08,SKU-BED-035,368,0,7,92
2024-04-08,SKU-BED-036,1204,0,14,301
2024-04-08,SKU-BED-037,1376,0,14,344
2024-04-08,SKU-BED-038,598,0,21,499
2024-04-08,SKU-BED-039,260,0,7,217
2024-04-08,SKU-BED-040,135,154,7,193
2024-04-08,SKU-FUR-041,126,338,21,423
2024-04-08,SKU-FUR-042,564,644,28,806
2024-04-08,SKU-FUR-043,812,0,14,325
2024-04-08,SKU-FUR-044,877,0,21,351
2024-04-08,SKU-FUR-045,780,0,21,312
2024-04-08,SKU-FUR-046,1056,0,28,880
2024-04-08,SKU-FUR-047,262,0,14,219
2024-04-08,SKU-FUR-048,1664,0,21,416
2024-04-08,SKU-FUR-049,132,151,7,189
2024-04-08,SKU-FUR-050,189,0,7,158
2024-04-08,SKU-FUR-051,437,0,7,175
2024-04-08,SKU-FUR-052,286,0,14,239
2024-04-08,SKU-FUR-053,1095,0,21,438
2024-04-08,SKU-FUR-054,422,0,21,352
2024-04-08,SKU-FUR-055,303,347,21,434
2024-04-08,SKU-FUR-056,612,0,14,245
2024-04-08,SKU-FUR-057,74,84,7,106
2024-04-08,SKU-FUR-058,131,351,28,439
2024-04-08,SKU-FUR-059,1630,0,28,652
2024-04-08,SKU-FUR-060,442,505,21,632
2024-04-08,SKU-FUR-061,1876,0,21,469
2024-04-08,SKU-FUR-062,718,0,28,599
2024-04-08,SKU-FUR-063,66,76,7,95
2024-04-08,SKU-FUR-064,775,0,21,310
2024-04-08,SKU-FUR-065,630,0,28,525
2024-04-08,SKU-FUR-066,187,0,7,156
2024-04-08,SKU-FUR-067,257,0,7,103
2024-04-08,SKU-FUR-068,355,0,7,142
2024-04-08,SKU-FUR-069,1460,0,14,365
2024-04-08,SKU-FUR-070,552,0,7,138
2024-04-08,SKU-FUR-071,524,0,14,131
2024-04-08,SKU-FUR-072,101,269,21,337
2024-04-08,SKU-FUR-073,1044,0,14,261
2024-04-08,SKU-FUR-074,1244,0,21,311
2024-04-08,SKU-FUR-075,104,279,14,349
2024-04-08,SKU-FUR-076,1996,0,28,499
2024-04-08,SKU-FUR-077,747,0,28,623
2024-04-08,SKU-FUR-078,602,0,14,241
2024-04-08,SKU-FUR-079,575,0,7,230
2024-04-08,SKU-FUR-080,46,124,7,155
2024-04-08,SKU-DEC-081,585,0,28,488
2024-04-08,SKU-DEC-082,667,0,28,556
2024-04-08,SKU-DEC-083,136,0,7,114
2024-04-08,SKU-DEC-084,70,80,7,101
2024-04-08,SKU-DEC-085,662,0,21,552
2024-04-08,SKU-DEC-086,870,0,21,348
2024-04-08,SKU-DEC-087,748,0,7,187
2024-04-08,SKU-DEC-088,1780,0,14,445
2024-04-08,SKU-DEC-089,213,0,7,178
2024-04-08,SKU-DEC-090,266,304,28,380
2024-04-08,SKU-DEC-091,168,448,21,561
2024-04-08,SKU-DEC-092,76,87,7,109
2024-04-08,SKU-DEC-093,340,388,21,486
2024-04-08,SKU-DEC-094,266,304,14,381
2024-04-08,SKU-DEC-095,48,130,7,163
2024-04-08,SKU-DEC-096,908,0,7,227
2024-04-08,SKU-DEC-097,242,0,7,202
2024-04-08,SKU-DEC-098,236,270,21,338
2024-04-08,SKU-DEC-099,345,395,28,494
2024-04-08,SKU-DEC-100,318,364,28,455
2024-04-08,SKU-DEC-101,1452,0,14,363
2024-04-08,SKU-DEC-102,176,201,21,252
2024-04-08,SKU-DEC-103,844,0,21,211
2024-04-08,SKU-DEC-104,172,0,14,144
2024-04-08,SKU-DEC-105,448,0,7,112
2024-04-08,SKU-DEC-106,1660,0,21,664
2024-04-08,SKU-DEC-107,475,544,28,680
2024-04-08,SKU-DEC-108,226,0,7,189
2024-04-08,SKU-DEC-109,288,0,21,240
2024-04-08,SKU-DEC-110,520,0,14,130
2024-04-08,SKU-DEC-111,232,265,21,332
2024-04-08,SKU-DEC-112,343,0,14,286
2024-04-08,SKU-DEC-113,144,384,28,480
2024-04-08,SKU-DEC-114,2700,0,21,675
2024-04-08,SKU-DEC-115,420,0,7,105
2024-04-08,SKU-DEC-116,248,0,7,207
2024-04-08,SKU-DEC-117,205,0,7,82
2024-04-08,SKU-DEC-118,1180,0,28,295
2024-04-08,SKU-DEC-119,1744,0,21,436
2024-04-08,SKU-DEC-120,1597,0,28,639
2024-04-08,SKU-LIG-121,1424,0,14,356
2024-04-08,SKU-LIG-122,318,0,21,265
2024-04-08,SKU-LIG-123,179,477,21,597
2024-04-08,SKU-LIG-124,800,0,21,667
2024-04-08,SKU-LIG-125,161,184,21,231
2024-04-08,SKU-LIG-126,94,251,21,314
2024-04-08,SKU-LIG-127,2508,0,28,627
2024-04-08,SKU-LIG-128,278,318,21,398
2024-04-08,SKU-LIG-129,407,0,7,163
2024-04-08,SKU-LIG-130,200,533,28,667
2024-04-08,SKU-LIG-131,3092,0,28,773
2024-04-08,SKU-LIG-132,151,0,7,126
2024-04-08,SKU-LIG-133,129,344,14,431
2024-04-08,SKU-LIG-134,134,0,7,112
2024-04-08,SKU-LIG-135,452,517,28,647
2024-04-08,SKU-LIG-136,1080,0,14,270
2024-04-08,SKU-LIG-137,380,0,14,317
2024-04-08,SKU-LIG-138,292,0,7,73
2024-04-08,SKU-LIG-139,896,0,7,224
2024-04-08,SKU-LIG-140,197,0,7,79
2024-04-08,SKU-LIG-141,1528,0,14,382
2024-04-08,SKU-LIG-142,100,268,14,336
2024-04-08,SKU-LIG-143,32,85,7,107
2024-04-08,SKU-LIG-144,382,0,14,153
2024-04-08,SKU-LIG-145,772,0,21,309
2024-04-08,SKU-LIG-146,777,0,14,311
2024-04-08,SKU-LIG-147,892,0,28,357
2024-04-08,SKU-LIG-148,327,0,7,131
2024-04-08,SKU-LIG-149,160,428,21,536
2024-04-08,SKU-LIG-150,1062,0,21,425
2024-04-08,SKU-LIG-151,81,0,7,68
2024-04-08,SKU-LIG-152,1780,0,28,445
2024-04-08,SKU-LIG-153,1102,0,28,441
2024-04-08,SKU-LIG-154,1555,0,21,622
2024-04-08,SKU-LIG-155,209,239,28,299
2024-04-08,SKU-LIG-156,255,0,7,102
2024-04-08,SKU-LIG-157,32,85,7,107
2024-04-08,SKU-LIG-158,410,469,21,587
2024-04-08,SKU-LIG-159,648,0,7,162
2024-04-08,SKU-LIG-160,712,0,21,594
2024-04-08,SKU-SMA-161,115,0,7,96
2024-04-08,SKU-SMA-162,230,263,28,329
2024-04-08,SKU-SMA-163,804,0,14,201
2024-04-08,SKU-SMA-164,422,0,28,352
2024-04-08,SKU-SMA-165,64,172,14,215
2024-04-08,SKU-SMA-166,215,0,7,86
2024-04-08,SKU-SMA-167,547,0,21,219
2024-04-08,SKU-SMA-168,58,156,7,196
2024-04-08,SKU-SMA-169,2604,0,28,651
2024-04-08,SKU-SMA-170,281,321,14,402
2024-04-08,SKU-SMA-171,130,348,14,435
2024-04-08,SKU-SMA-172,656,0,28,547
2024-04-08,SKU-SMA-173,1700,0,21,425
2024-04-08,SKU-SMA-174,547,0,28,456
2024-04-08,SKU-SMA-175,977,0,21,391
2024-04-08,SKU-SMA-176,868,0,14,217
2024-04-08,SKU-SMA-177,184,491,28,614
2024-04-08,SKU-SMA-178,682,0,14,273
2024-04-08,SKU-SMA-179,652,0,7,163
2024-04-08,SKU-SMA-180,508,0,14,424
2024-04-08,SKU-SMA-181,223,596,28,745
2024-04-08,SKU-SMA-182,196,0,7,164
2024-04-08,SKU-SMA-183,808,0,21,202
2024-04-08,SKU-SMA-184,30,80,7,101
2024-04-08,SKU-SMA-185,704,0,7,176
2024-04-08,SKU-SMA-186,517,0,7,207
2024-04-08,SKU-SMA-187,644,0,7,161
2024-04-08,SKU-SMA-188,79,0,7,66
2024-04-08,SKU-SMA-189,229,0,7,191
2024-04-08,SKU-SMA-190,1002,0,14,401
2024-04-08,SKU-SMA-191,223,255,14,319
2024-04-08,SKU-SMA-192,477,0,7,191
2024-04-08,SKU-SMA-193,736,0,14,184
2024-04-08,SKU-SMA-194,1500,0,28,600
2024-04-08,SKU-SMA-195,41,109,7,137
2024-04-08,SKU-SMA-196,131,350,28,438
2024-04-08,SKU-SMA-197,3684,0,28,921
2024-04-08,SKU-SMA-198,340,0,7,136
2024-04-08,SKU-SMA-199,119,319,14,399
2024-04-08,SKU-SMA-200,1127,0,14,451
2024-04-15,SKU-BED-001,268,0,7,224
2024-04-15,SKU-BED-002,661,0,21,551
2024-04-15,SKU-BED-003,928,0,28,774
2024-04-15,SKU-BED-004,225,0,7,90
2024-04-15,SKU-BED-005,69,184,14,230
2024-04-15,SKU-BED-006,800,0,14,320
2024-04-15,SKU-BED-007,197,525,21,657
2024-04-15,SKU-BED-008,143,383,21,479
2024-04-15,SKU-BED-009,258,0,7,215
2024-04-15,SKU-BED-010,504,0,7,126
2024-04-15,SKU-BED-011,552,0,7,221
2024-04-15,SKU-BED-012,720,0,21,288
2024-04-15,SKU-BED-013,48,129,7,162
2024-04-15,SKU-BED-014,505,0,7,202
2024-04-15,SKU-BED-015,257,0,7,103
2024-04-15,SKU-BED-016,378,432,21,540
2024-04-15,SKU-BED-017,272,0,14,227
2024-04-15,SKU-BED-018,1777,0,28,711
2024-04-15,SKU-BED-019,3172,0,28,793
2024-04-15,SKU-BED-020,708,0,21,590
2024-04-15,SKU-BED-021,189,505,28,632
2024-04-15,SKU-BED-022,62,167,21,209
2024-04-15,SKU-BED-023,183,488,28,610
2024-04-15,SKU-BED-024,52,139,7,174
2024-04-15,SKU-BED-025,44,119,14,149
2024-04-15,SKU-BED-026,427,0,7,171
2024-04-15,SKU-BED-027,520,0,14,130
2024-04-15,SKU-BED-028,1000,0,21,400
2024-04-15,SKU-BED-029,174,0,7,145
2024-04-15,SKU-BED-030,122,325,21,407
2024-04-15,SKU-BED-031,1484,0,21,371
2024-04-15,SKU-BED-032,148,169,7,212
2024-04-15,SKU-BED-033,168,0,7,140
2024-04-15,SKU-BED-034,352,0,7,88
2024-04-15,SKU-BED-035,1480,0,28,370
2024-04-15,SKU-BED-036,2408,0,28,602
2024-04-15,SKU-BED-037,2756,0,28,689
2024-04-15,SKU-BED-038,415,0,7,166
2024-04-15,SKU-BED-039,1042,0,28,869
2024-04-15,SKU-BED-040,965,0,14,386
2024-04-15,SKU-FUR-041,169,0,7,141
2024-04-15,SKU-FUR-042,120,322,14,403
2024-04-15,SKU-FUR-043,194,0,7,162
2024-04-15,SKU-FUR-044,1404,0,21,351
2024-04-15,SKU-FUR-045,249,0,14,208
2024-04-15,SKU-FUR-046,2640,0,21,660
2024-04-15,SKU-FUR-047,153,175,14,219
2024-04-15,SKU-FUR-048,1664,0,21,416
2024-04-15,SKU-FUR-049,1890,0,28,756
2024-04-15,SKU-FUR-050,1268,0,14,317
2024-04-15,SKU-FUR-051,1752,0,28,701
2024-04-15,SKU-FUR-052,250,286,21,358
2024-04-15,SKU-FUR-053,306,350,21,438
2024-04-15,SKU-FUR-054,1175,0,28,470
2024-04-15,SKU-FUR-055,43,115,7,144
2024-04-15,SKU-FUR-056,588,0,28,490
2024-04-15,SKU-FUR-057,530,0,14,212
2024-04-15,SKU-FUR-058,65,175,14,219
2024-04-15,SKU-FUR-059,1222,0,21,489
2024-04-15,SKU-FUR-060,758,0,21,632
2024-04-15,SKU-FUR-061,328,375,21,469
2024-04-15,SKU-FUR-062,747,0,14,299
2024-04-15,SKU-FUR-063,66,76,7,95
2024-04-15,SKU-FUR-064,412,0,7,103
2024-04-15,SKU-FUR-065,1048,0,14,262
2024-04-15,SKU-FUR-066,1248,0,14,312
2024-04-15,SKU-FUR-067,289,330,28,413
2024-04-15,SKU-FUR-068,199,228,14,285
2024-04-15,SKU-FUR-069,1367,0,21,547
2024-04-15,SKU-FUR-070,82,220,14,276
2024-04-15,SKU-FUR-071,137,157,21,197
2024-04-15,SKU-FUR-072,404,0,21,337
2024-04-15,SKU-FUR-073,1307,0,28,523
2024-04-15,SKU-FUR-074,412,0,7,103
2024-04-15,SKU-FUR-075,121,139,7,174
2024-04-15,SKU-FUR-076,310,0,7,124
2024-04-15,SKU-FUR-077,217,248,14,311
2024-04-15,SKU-FUR-078,72,192,14,241
2024-04-15,SKU-FUR-079,575,0,7,230
2024-04-15,SKU-FUR-080,1552,0,28,621
2024-04-15,SKU-DEC-081,915,0,21,366
2024-04-15,SKU-DEC-082,500,0,21,417
2024-04-15,SKU-DEC-083,285,0,7,114
2024-04-15,SKU-DEC-084,812,0,14,203
2024-04-15,SKU-DEC-085,920,0,14,368
2024-04-15,SKU-DEC-086,464,0,7,116
2024-04-15,SKU-DEC-087,225,600,28,751
2024-04-15,SKU-DEC-088,266,0,7,222
2024-04-15,SKU-DEC-089,1787,0,28,715
2024-04-15,SKU-DEC-090,228,0,14,190
2024-04-15,SKU-DEC-091,112,299,14,374
2024-04-15,SKU-DEC-092,820,0,21,328
2024-04-15,SKU-DEC-093,194,0,7,162
2024-04-15,SKU-DEC-094,1905,0,28,762
2024-04-15,SKU-DEC-095,783,0,28,653
2024-04-15,SKU-DEC-096,318,364,14,455
2024-04-15,SKU-DEC-097,1620,0,14,405
2024-04-15,SKU-DEC-098,1352,0,21,338
2024-04-15,SKU-DEC-099,74,197,14,247
2024-04-15,SKU-DEC-100,908,0,14,227
2024-04-15,SKU-DEC-101,1817,0,28,727
2024-04-15,SKU-DEC-102,176,201,21,252
2024-04-15,SKU-DEC-103,705,0,28,282
2024-04-15,SKU-DEC-104,180,0,7,72
2024-04-15,SKU-DEC-105,896,0,14,224
2024-04-15,SKU-DEC-106,154,176,7,221
2024-04-15,SKU-DEC-107,357,408,21,510
2024-04-15,SKU-DEC-108,170,454,21,568
2024-04-15,SKU-DEC-109,200,0,7,80
2024-04-15,SKU-DEC-110,156,0,14,130
2024-04-15,SKU-DEC-111,1328,0,21,332
2024-04-15,SKU-DEC-112,171,0,7,143
2024-04-15,SKU-DEC-113,336,384,28,480
2024-04-15,SKU-DEC-114,67,180,7,225
2024-04-15,SKU-DEC-115,262,0,7,105
2024-04-15,SKU-DEC-116,124,332,14,415
2024-04-15,SKU-DEC-117,98,262,28,328
2024-04-15,SKU-DEC-118,182,0,7,73
2024-04-15,SKU-DEC-119,43,116,7,145
2024-04-15,SKU-DEC-120,382,0,14,319
2024-04-15,SKU-LIG-121,1335,0,21,534
2024-04-15,SKU-LIG-122,220,0,7,88
2024-04-15,SKU-LIG-123,1592,0,14,398
2024-04-15,SKU-LIG-124,1667,0,21,667
2024-04-15,SKU-LIG-125,772,0,28,309
2024-04-15,SKU-LIG-126,376,0,21,314
2024-04-15,SKU-LIG-127,375,0,14,313
2024-04-15,SKU-LIG-128,371,424,28,531
2024-04-15,SKU-LIG-129,342,391,21,489
2024-04-15,SKU-LIG-130,49,132,7,166
2024-04-15,SKU-LIG-131,772,0,7,193
2024-04-15,SKU-LIG-132,456,0,21,380
2024-04-15,SKU-LIG-133,64,172,7,215
2024-04-15,SKU-LIG-134,134,0,7,112
2024-04-15,SKU-LIG-135,1617,0,28,647
2024-04-15,SKU-LIG-136,189,216,14,270
2024-04-15,SKU-LIG-137,332,380,21,475
2024-04-15,SKU-LIG-138,292,0,7,73
2024-04-15,SKU-LIG-139,269,717,28,897
2024-04-15,SKU-LIG-140,95,254,28,318
2024-04-15,SKU-LIG-141,229,0,7,191
2024-04-15,SKU-LIG-142,1344,0,14,336
2024-04-15,SKU-LIG-143,128,0,7,107
2024-04-15,SKU-LIG-144,367,0,28,306
2024-04-15,SKU-LIG-145,247,0,14,206
2024-04-15,SKU-LIG-146,217,248,14,311
2024-04-15,SKU-LIG-147,53,142,14,178
2024-04-15,SKU-LIG-148,157,0,7,131
2024-04-15,SKU-LIG-149,445,0,7,178
2024-04-15,SKU-LIG-150,1062,0,21,425
2024-04-15,SKU-LIG-151,820,0,21,205
2024-04-15,SKU-LIG-152,133,356,28,445
2024-04-15,SKU-LIG-153,231,264,21,331
2024-04-15,SKU-LIG-154,1555,0,21,622
2024-04-15,SKU-LIG-155,372,0,14,149
2024-04-15,SKU-LIG-156,816,0,14,204
2024-04-15,SKU-LIG-157,128,343,28,429
2024-04-15,SKU-LIG-158,548,626,28,783
2024-04-15,SKU-LIG-159,226,259,14,324
2024-04-15,SKU-LIG-160,792,0,7,198
2024-04-15,SKU-SMA-161,115,0,7,96
2024-04-15,SKU-SMA-162,114,131,14,164
2024-04-15,SKU-SMA-163,241,0,14,201
2024-04-15,SKU-SMA-164,26,70,7,88
2024-04-15,SKU-SMA-165,1288,0,21,322
2024-04-15,SKU-SMA-166,215,0,7,86
2024-04-15,SKU-SMA-167,350,0,28,292
2024-04-15,SKU-SMA-168,490,0,7,196
2024-04-15,SKU-SMA-169,585,0,21,488
2024-04-15,SKU-SMA-170,422,483,21,604
2024-04-15,SKU-SMA-171,522,0,14,435
2024-04-15,SKU-SMA-172,340,0,7,136
2024-04-15,SKU-SMA-173,2264,0,28,566
2024-04-15,SKU-SMA-174,136,0,7,114
2024-04-15,SKU-SMA-175,117,312,21,391
2024-04-15,SKU-SMA-176,270,0,7,108
2024-04-15,SKU-SMA-177,1844,0,21,461
2024-04-15,SKU-SMA-178,1022,0,21,409
2024-04-15,SKU-SMA-179,457,522,28,653
2024-04-15,SKU-SMA-180,1592,0,21,637
2024-04-15,SKU-SMA-181,223,0,7,186
2024-04-15,SKU-SMA-182,656,0,7,164
2024-04-15,SKU-SMA-183,46,53,7,67
2024-04-15,SKU-SMA-184,252,0,7,101
2024-04-15,SKU-SMA-185,1320,0,21,528
2024-04-15,SKU-SMA-186,435,497,21,622
2024-04-15,SKU-SMA-187,1936,0,21,484
2024-04-15,SKU-SMA-188,79,212,28,265
2024-04-15,SKU-SMA-189,172,459,21,574
2024-04-15,SKU-SMA-190,500,0,7,200
2024-04-15,SKU-SMA-191,382,0,14,319
2024-04-15,SKU-SMA-192,114,305,14,382
2024-04-15,SKU-SMA-193,110,295,28,369
2024-04-15,SKU-SMA-194,210,240,14,300
2024-04-15,SKU-SMA-195,1372,0,28,549
2024-04-15,SKU-SMA-196,153,175,14,219
2024-04-15,SKU-SMA-197,276,736,28,921
2024-04-15,SKU-SMA-198,652,0,28,544
2024-04-15,SKU-SMA-199,238,0,7,199
2024-04-15,SKU-SMA-200,157,180,7,225
2024-04-22,SKU-BED-001,629,719,28,899
2024-04-22,SKU-BED-002,385,440,21,551
2024-04-22,SKU-BED-003,464,0,14,387
2024-04-22,SKU-BED-004,217,0,14,181
2024-04-22,SKU-BED-005,276,0,14,230
2024-04-22,SKU-BED-006,1280,0,14,320
2024-04-22,SKU-BED-007,2190,0,28,876
2024-04-22,SKU-BED-008,1916,0,21,479
2024-04-22,SKU-BED-009,860,0,7,215
2024-04-22,SKU-BED-010,1008,0,14,252
2024-04-22,SKU-BED-011,530,0,14,442
2024-04-22,SKU-BED-012,240,0,7,96
2024-04-22,SKU-BED-013,648,0,7,162
2024-04-22,SKU-BED-014,243,648,28,810
2024-04-22,SKU-BED-015,62,165,14,207
2024-04-22,SKU-BED-016,2160,0,21,540
2024-04-22,SKU-BED-017,33,90,7,113
2024-04-22,SKU-BED-018,248,284,14,355
2024-04-22,SKU-BED-019,555,634,28,793
2024-04-22,SKU-BED-020,236,629,28,787
2024-04-22,SKU-BED-021,442,505,28,632
2024-04-22,SKU-BED-022,166,0,14,139
2024-04-22,SKU-BED-023,380,0,7,152
2024-04-22,SKU-BED-024,1392,0,14,348
2024-04-22,SKU-BED-025,557,0,21,223
2024-04-22,SKU-BED-026,154,412,21,515
2024-04-22,SKU-BED-027,325,0,14,130
2024-04-22,SKU-BED-028,373,427,28,534
2024-04-22,SKU-BED-029,1744,0,21,436
2024-04-22,SKU-BED-030,162,0,7,135
2024-04-22,SKU-BED-031,445,0,21,371
2024-04-22,SKU-BED-032,1700,0,14,425
2024-04-22,SKU-BED-033,84,224,14,280
2024-04-22,SKU-BED-034,79,212,21,266
2024-04-22,SKU-BED-035,692,0,21,277
2024-04-22,SKU-BED-036,1204,0,14,301
2024-04-22,SKU-BED-037,154,412,21,516
2024-04-22,SKU-BED-038,116,132,7,166
2024-04-22,SKU-BED-039,195,521,21,652
2024-04-22,SKU-BED-040,694,0,21,579
2024-04-22,SKU-FUR-041,507,0,21,423
2024-04-22,SKU-FUR-042,241,0,7,201
2024-04-22,SKU-FUR-043,1300,0,14,325
2024-04-22,SKU-FUR-044,81,93,7,117
2024-04-22,SKU-FUR-045,291,332,28,416
2024-04-22,SKU-FUR-046,1650,0,21,660
2024-04-22,SKU-FUR-047,32,87,7,109
2024-04-22,SKU-FUR-048,664,0,28,554
2024-04-22,SKU-FUR-049,453,0,14,378
2024-04-22,SKU-FUR-050,1904,0,21,476
2024-04-22,SKU-FUR-051,52,140,7,175
2024-04-22,SKU-FUR-052,956,0,14,239
2024-04-22,SKU-FUR-053,1168,0,14,292
2024-04-22,SKU-FUR-054,164,188,14,235
2024-04-22,SKU-FUR-055,100,115,7,144
2024-04-22,SKU-FUR-056,612,0,14,245
2024-04-22,SKU-FUR-057,148,169,14,212
2024-04-22,SKU-FUR-058,547,0,14,219
2024-04-22,SKU-FUR-059,586,0,21,489
2024-04-22,SKU-FUR-060,758,0,21,632
2024-04-22,SKU-FUR-061,187,0,7,156
2024-04-22,SKU-FUR-062,596,0,7,149
2024-04-22,SKU-FUR-063,475,0,14,190
2024-04-22,SKU-FUR-064,412,0,7,103
2024-04-22,SKU-FUR-065,982,0,21,393
2024-04-22,SKU-FUR-066,561,0,21,468
2024-04-22,SKU-FUR-067,412,0,7,103
2024-04-22,SKU-FUR-068,85,228,14,285
2024-04-22,SKU-FUR-069,438,0,14,365
2024-04-22,SKU-FUR-070,96,110,7,138
2024-04-22,SKU-FUR-071,59,157,21,197
2024-04-22,SKU-FUR-072,67,179,14,224
2024-04-22,SKU-FUR-073,1307,0,28,523
2024-04-22,SKU-FUR-074,1037,0,28,415
2024-04-22,SKU-FUR-075,104,279,14,349
2024-04-22,SKU-FUR-076,496,0,7,124
2024-04-22,SKU-FUR-077,777,0,14,311
2024-04-22,SKU-FUR-078,1932,0,28,483
2024-04-22,SKU-FUR-079,207,552,21,691
2024-04-22,SKU-FUR-080,775,0,14,310
2024-04-22,SKU-DEC-081,146,0,7,122
2024-04-22,SKU-DEC-082,1112,0,14,278
2024-04-22,SKU-DEC-083,68,183,14,229
2024-04-22,SKU-DEC-084,213,244,21,305
2024-04-22,SKU-DEC-085,165,441,21,552
2024-04-22,SKU-DEC-086,870,0,21,348
2024-04-22,SKU-DEC-087,450,0,14,375
2024-04-22,SKU-DEC-088,200,534,21,668
2024-04-22,SKU-DEC-089,53,142,7,178
2024-04-22,SKU-DEC-090,199,228,21,285
2024-04-22,SKU-DEC-091,56,149,7,187
2024-04-22,SKU-DEC-092,229,262,21,328
2024-04-22,SKU-DEC-093,1944,0,21,486
2024-04-22,SKU-DEC-094,3048,0,28,762
2024-04-22,SKU-DEC-095,195,522,28,653
2024-04-22,SKU-DEC-096,567,0,7,227
2024-04-22,SKU-DEC-097,2027,0,28,811
2024-04-22,SKU-DEC-098,1352,0,21,338
2024-04-22,SKU-DEC-099,296,0,14,247
2024-04-22,SKU-DEC-100,1820,0,28,455
2024-04-22,SKU-DEC-101,907,0,14,363
2024-04-22,SKU-DEC-102,117,134,14,168
2024-04-22,SKU-DEC-103,175,0,7,70
2024-04-22,SKU-DEC-104,864,0,21,216
2024-04-22,SKU-DEC-105,280,0,7,112
2024-04-22,SKU-DEC-106,1107,0,14,443
2024-04-22,SKU-DEC-107,816,0,28,680
2024-04-22,SKU-DEC-108,1420,0,21,568
2024-04-22,SKU-DEC-109,200,0,7,80
2024-04-22,SKU-DEC-110,19,52,7,65
2024-04-22,SKU-DEC-111,77,88,7,110
2024-04-22,SKU-DEC-112,357,0,7,143
2024-04-22,SKU-DEC-113,144,384,28,480
2024-04-22,SKU-DEC-114,2250,0,28,900
2024-04-22,SKU-DEC-115,379,0,21,316
2024-04-22,SKU-DEC-116,997,0,28,831
2024-04-22,SKU-DEC-117,205,0,7,82
2024-04-22,SKU-DEC-118,176,0,14,147
2024-04-22,SKU-DEC-119,87,232,14,291
2024-04-22,SKU-DEC-120,111,127,7,159
2024-04-22,SKU-LIG-121,712,0,7,178
2024-04-22,SKU-LIG-122,352,0,7,88
2024-04-22,SKU-LIG-123,1492,0,21,597
2024-04-22,SKU-LIG-124,3556,0,28,889
2024-04-22,SKU-LIG-125,69,184,21,231
2024-04-22,SKU-LIG-126,62,167,14,209
2024-04-22,SKU-LIG-127,438,501,28,627
2024-04-22,SKU-LIG-128,278,318,21,398
2024-04-22,SKU-LIG-129,1222,0,21,489
2024-04-22,SKU-LIG-130,1667,0,28,667
2024-04-22,SKU-LIG-131,405,463,21,579
2024-04-22,SKU-LIG-132,354,405,28,507
2024-04-22,SKU-LIG-133,258,689,28,862
2024-04-22,SKU-LIG-134,270,0,14,225
2024-04-22,SKU-LIG-135,1617,0,28,647
2024-04-22,SKU-LIG-136,81,216,14,270
2024-04-22,SKU-LIG-137,760,0,28,634
2024-04-22,SKU-LIG-138,65,175,21,219
2024-04-22,SKU-LIG-139,67,179,7,224
2024-04-22,SKU-LIG-140,316,0,7,79
2024-04-22,SKU-LIG-141,458,0,14,382
2024-04-22,SKU-LIG-142,604,0,21,504
2024-04-22,SKU-LIG-143,149,171,14,214
2024-04-22,SKU-LIG-144,367,0,28,306
2024-04-22,SKU-LIG-145,72,82,7,103
2024-04-22,SKU-LIG-146,1244,0,14,311
2024-04-22,SKU-LIG-147,124,142,14,178
2024-04-22,SKU-LIG-148,184,210,14,263
2024-04-22,SKU-LIG-149,2860,0,28,715
2024-04-22,SKU-LIG-150,352,0,7,141
2024-04-22,SKU-LIG-151,163,0,14,136
2024-04-22,SKU-LIG-152,77,88,7,111
2024-04-22,SKU-LIG-153,33,88,7,110
2024-04-22,SKU-LIG-154,828,0,7,207
2024-04-22,SKU-LIG-155,358,0,28,299
2024-04-22,SKU-LIG-156,765,0,21,306
2024-04-22,SKU-LIG-157,256,0,14,214
2024-04-22,SKU-LIG-158,977,0,14,391
2024-04-22,SKU-LIG-159,1215,0,21,486
2024-04-22,SKU-LIG-160,792,0,7,198
2024-04-22,SKU-SMA-161,230,0,14,192
2024-04-22,SKU-SMA-162,230,263,28,329
2024-04-22,SKU-SMA-163,30,80,7,100
2024-04-22,SKU-SMA-164,52,140,14,176
2024-04-22,SKU-SMA-165,1075,0,28,430
2024-04-22,SKU-SMA-166,78,208,21,260
2024-04-22,SKU-SMA-167,87,233,28,292
2024-04-22,SKU-SMA-168,3136,0,28,784
2024-04-22,SKU-SMA-169,341,390,21,488
2024-04-22,SKU-SMA-170,140,160,7,201
2024-04-22,SKU-SMA-171,304,348,14,435
2024-04-22,SKU-SMA-172,81,218,14,273
2024-04-22,SKU-SMA-173,169,452,28,566
2024-04-22,SKU-SMA-174,68,182,14,228
2024-04-22,SKU-SMA-175,1044,0,14,261
2024-04-22,SKU-SMA-176,75,86,7,108
2024-04-22,SKU-SMA-177,368,0,14,307
2024-04-22,SKU-SMA-178,1636,0,21,409
2024-04-22,SKU-SMA-179,1960,0,21,490
2024-04-22,SKU-SMA-180,3396,0,28,849
2024-04-22,SKU-SMA-181,223,596,28,745
2024-04-22,SKU-SMA-182,656,0,7,164
2024-04-22,SKU-SMA-183,80,215,28,269
2024-04-22,SKU-SMA-184,30,80,7,101
2024-04-22,SKU-SMA-185,105,281,14,352
2024-04-22,SKU-SMA-186,517,0,7,207
2024-04-22,SKU-SMA-187,387,0,14,323
2024-04-22,SKU-SMA-188,46,52,7,66
2024-04-22,SKU-SMA-189,955,0,14,382
2024-04-22,SKU-SMA-190,3212,0,28,803
2024-04-22,SKU-SMA-191,766,0,28,639
2024-04-22,SKU-SMA-192,916,0,28,764
2024-04-22,SKU-SMA-193,1476,0,28,369
2024-04-22,SKU-SMA-194,420,480,28,600
2024-04-22,SKU-SMA-195,493,0,21,411
2024-04-22,SKU-SMA-196,153,175,14,219
2024-04-22,SKU-SMA-197,69,184,7,230
2024-04-22,SKU-SMA-198,326,0,14,272
2024-04-22,SKU-SMA-199,796,0,7,199
2024-04-22,SKU-SMA-200,541,0,14,451
2024-04-29,SKU-BED-001,1685,0,21,674
2024-04-29,SKU-BED-002,513,587,28,734
2024-04-29,SKU-BED-003,3096,0,28,774
2024-04-29,SKU-BED-004,217,0,14,181
2024-04-29,SKU-BED-005,34,92,7,115
2024-04-29,SKU-BED-006,192,512,28,640
2024-04-29,SKU-BED-007,788,0,21,657
2024-04-29,SKU-BED-008,95,255,14,319
2024-04-29,SKU-BED-009,860,0,7,215
2024-04-29,SKU-BED-010,945,0,21,378
2024-04-29,SKU-BED-011,464,530,21,663
2024-04-29,SKU-BED-012,480,0,14,192
2024-04-29,SKU-BED-013,194,519,28,649
2024-04-29,SKU-BED-014,567,648,28,810
2024-04-29,SKU-BED-015,498,0,28,415
2024-04-29,SKU-BED-016,900,0,14,360
2024-04-29,SKU-BED-017,317,363,28,454
2024-04-29,SKU-BED-018,53,141,7,177
2024-04-29,SKU-BED-019,712,0,21,594
2024-04-29,SKU-BED-020,708,0,21,590
2024-04-29,SKU-BED-021,632,0,7,158
2024-04-29,SKU-BED-022,48,55,7,69
2024-04-29,SKU-BED-023,182,0,7,152
2024-04-29,SKU-BED-024,365,417,21,522
2024-04-29,SKU-BED-025,185,0,7,74
2024-04-29,SKU-BED-026,205,0,7,171
2024-04-29,SKU-BED-027,1040,0,28,260
2024-04-29,SKU-BED-028,159,0,7,133
2024-04-29,SKU-BED-029,305,348,21,436
2024-04-29,SKU-BED-030,1628,0,21,407
2024-04-29,SKU-BED-031,346,396,28,495
2024-04-29,SKU-BED-032,1700,0,14,425
2024-04-29,SKU-BED-033,392,448,28,560
2024-04-29,SKU-BED-034,1416,0,28,354
2024-04-29,SKU-BED-035,230,0,7,92
2024-04-29,SKU-BED-036,361,0,14,301
2024-04-29,SKU-BED-037,688,0,7,172
2024-04-29,SKU-BED-038,1247,0,21,499
2024-04-29,SKU-BED-039,456,521,21,652
2024-04-29,SKU-BED-040,1447,0,21,579
2024-04-29,SKU-FUR-041,1692,0,21,423
2024-04-29,SKU-FUR-042,967,0,28,806
2024-04-29,SKU-FUR-043,113,129,7,162
2024-04-29,SKU-FUR-044,280,0,14,234
2024-04-29,SKU-FUR-045,1248,0,21,312
2024-04-29,SKU-FUR-046,2640,0,21,660
2024-04-29,SKU-FUR-047,130,0,7,109
2024-04-29,SKU-FUR-048,41,110,7,138
2024-04-29,SKU-FUR-049,472,0,7,189
2024-04-29,SKU-FUR-050,95,253,14,317
2024-04-29,SKU-FUR-051,2804,0,28,701
2024-04-29,SKU-FUR-052,297,0,7,119
2024-04-29,SKU-FUR-053,131,350,21,438
2024-04-29,SKU-FUR-054,940,0,14,235
2024-04-29,SKU-FUR-055,1085,0,21,434
2024-04-29,SKU-FUR-056,612,0,14,245
2024-04-29,SKU-FUR-057,1276,0,21,319
2024-04-29,SKU-FUR-058,1097,0,28,439
2024-04-29,SKU-FUR-059,48,130,7,163
2024-04-29,SKU-FUR-060,3372,0,28,843
2024-04-29,SKU-FUR-061,624,0,7,156
2024-04-29,SKU-FUR-062,1196,0,14,299
2024-04-29,SKU-FUR-063,380,0,7,95
2024-04-29,SKU-FUR-064,1656,0,28,414
2024-04-29,SKU-FUR-065,275,314,21,393
2024-04-29,SKU-FUR-066,561,0,21,468
2024-04-29,SKU-FUR-067,61,164,14,206
2024-04-29,SKU-FUR-068,513,0,21,428
2024-04-29,SKU-FUR-069,109,292,14,365
2024-04-29,SKU-FUR-070,690,0,14,276
2024-04-29,SKU-FUR-071,78,210,28,263
2024-04-29,SKU-FUR-072,1796,0,28,449
2024-04-29,SKU-FUR-073,627,0,28,523
2024-04-29,SKU-FUR-074,828,0,14,207
2024-04-29,SKU-FUR-075,1396,0,14,349
2024-04-29,SKU-FUR-076,174,199,14,249
2024-04-29,SKU-FUR-077,1244,0,14,311
2024-04-29,SKU-FUR-078,964,0,14,241
2024-04-29,SKU-FUR-079,161,184,7,230
2024-04-29,SKU-FUR-080,139,372,21,466
2024-04-29,SKU-DEC-081,73,195,14,244
2024-04-29,SKU-DEC-082,1668,0,21,417
2024-04-29,SKU-DEC-083,456,0,7,114
2024-04-29,SKU-DEC-084,366,0,21,305
2024-04-29,SKU-DEC-085,662,0,21,552
2024-04-29,SKU-DEC-086,243,278,21,348
2024-04-29,SKU-DEC-087,450,0,14,375
2024-04-29,SKU-DEC-088,1780,0,14,445
2024-04-29,SKU-DEC-089,53,142,7,178
2024-04-29,SKU-DEC-090,380,0,7,95
2024-04-29,SKU-DEC-091,897,0,28,748
2024-04-29,SKU-DEC-092,524,0,28,437
2024-04-29,SKU-DEC-093,1296,0,14,324
2024-04-29,SKU-DEC-094,266,304,14,381
2024-04-29,SKU-DEC-095,228,260,14,326
2024-04-29,SKU-DEC-096,318,364,14,455
2024-04-29,SKU-DEC-097,243,648,28,811
2024-04-29,SKU-DEC-098,157,180,14,225
2024-04-29,SKU-DEC-099,1480,0,21,370
2024-04-29,SKU-DEC-100,567,0,14,227
2024-04-29,SKU-DEC-101,254,290,14,363
2024-04-29,SKU-DEC-102,842,0,28,337
2024-04-29,SKU-DEC-103,49,56,7,70
2024-04-29,SKU-DEC-104,43,115,14,144
2024-04-29,SKU-DEC-105,1792,0,28,448
2024-04-29,SKU-DEC-106,884,0,7,221
2024-04-29,SKU-DEC-107,425,0,7,170
2024-04-29,SKU-DEC-108,2272,0,21,568
2024-04-29,SKU-DEC-109,384,0,28,320
2024-04-29,SKU-DEC-110,325,0,14,130
2024-04-29,SKU-DEC-111,531,0,28,443
2024-04-29,SKU-DEC-112,516,0,21,430
2024-04-29,SKU-DEC-113,900,0,21,360
2024-04-29,SKU-DEC-114,270,0,7,225
2024-04-29,SKU-DEC-115,252,0,14,210
2024-04-29,SKU-DEC-116,828,0,7,207
2024-04-29,SKU-DEC-117,98,262,28,328
2024-04-29,SKU-DEC-118,588,0,14,147
2024-04-29,SKU-DEC-119,174,0,7,145
2024-04-29,SKU-DEC-120,397,0,7,159
2024-04-29,SKU-LIG-121,855,0,28,713
2024-04-29,SKU-LIG-122,662,0,21,265
2024-04-29,SKU-LIG-123,497,0,7,199
2024-04-29,SKU-LIG-124,1776,0,14,444
2024-04-29,SKU-LIG-125,23,61,7,77
2024-04-29,SKU-LIG-126,72,83,7,104
2024-04-29,SKU-LIG-127,1252,0,14,313
2024-04-29,SKU-LIG-128,1592,0,21,398
2024-04-29,SKU-LIG-129,586,0,21,489
2024-04-29,SKU-LIG-130,415,0,7,166
2024-04-29,SKU-LIG-131,173,463,21,579
2024-04-29,SKU-LIG-132,151,0,7,126
2024-04-29,SKU-LIG-133,1615,0,21,646
2024-04-29,SKU-LIG-134,1804,0,28,451
2024-04-29,SKU-LIG-135,96,258,14,323
2024-04-29,SKU-LIG-136,189,216,14,270
2024-04-29,SKU-LIG-137,380,0,14,317
2024-04-29,SKU-LIG-138,87,233,28,292
2024-04-29,SKU-LIG-139,67,179,7,224
2024-04-29,SKU-LIG-140,381,0,28,318
2024-04-29,SKU-LIG-141,401,458,21,573
2024-04-29,SKU-LIG-142,2016,0,21,504
2024-04-29,SKU-LIG-143,256,0,14,214
2024-04-29,SKU-LIG-144,274,0,21,229
2024-04-29,SKU-LIG-145,144,164,14,206
2024-04-29,SKU-LIG-146,186,0,7,155
2024-04-29,SKU-LIG-147,428,0,28,357
2024-04-29,SKU-LIG-148,368,420,28,526
2024-04-29,SKU-LIG-149,107,285,14,357
2024-04-29,SKU-LIG-150,169,0,7,141
2024-04-29,SKU-LIG-151,682,0,28,273
2024-04-29,SKU-LIG-152,100,267,21,334
2024-04-29,SKU-LIG-153,827,0,21,331
2024-04-29,SKU-LIG-154,144,165,7,207
2024-04-29,SKU-LIG-155,67,179,21,224
2024-04-29,SKU-LIG-156,408,0,7,102
2024-04-29,SKU-LIG-157,128,343,28,429
2024-04-29,SKU-LIG-158,234,626,28,783
2024-04-29,SKU-LIG-159,194,0,7,162
2024-04-29,SKU-LIG-160,138,158,7,198
2024-04-29,SKU-SMA-161,240,0,7,96
2024-04-29,SKU-SMA-162,410,0,14,164
2024-04-29,SKU-SMA-163,120,322,28,403
2024-04-29,SKU-SMA-164,79,211,21,264
2024-04-29,SKU-SMA-165,1720,0,28,430
2024-04-29,SKU-SMA-166,207,0,14,173
2024-04-29,SKU-SMA-167,1168,0,28,292
2024-04-29,SKU-SMA-168,705,0,21,588
2024-04-29,SKU-SMA-169,455,520,28,651
2024-04-29,SKU-SMA-170,482,0,14,402
2024-04-29,SKU-SMA-171,3484,0,28,871
2024-04-29,SKU-SMA-172,40,108,7,136
2024-04-29,SKU-SMA-173,169,0,7,141
2024-04-29,SKU-SMA-174,855,0,21,342
2024-04-29,SKU-SMA-175,182,208,14,261
2024-04-29,SKU-SMA-176,432,0,7,108
2024-04-29,SKU-SMA-177,184,491,28,614
2024-04-29,SKU-SMA-178,382,436,28,546
2024-04-29,SKU-SMA-179,783,0,28,653
2024-04-29,SKU-SMA-180,3396,0,28,849
2024-04-29,SKU-SMA-181,2236,0,21,559
2024-04-29,SKU-SMA-182,459,525,28,657
2024-04-29,SKU-SMA-183,80,215,28,269
2024-04-29,SKU-SMA-184,505,0,14,202
2024-04-29,SKU-SMA-185,704,0,7,176
2024-04-29,SKU-SMA-186,828,0,7,207
2024-04-29,SKU-SMA-187,452,516,28,646
2024-04-29,SKU-SMA-188,92,105,14,132
2024-04-29,SKU-SMA-189,1912,0,28,765
2024-04-29,SKU-SMA-190,800,0,7,200
2024-04-29,SKU-SMA-191,190,0,7,159
2024-04-29,SKU-SMA-192,764,0,7,191
2024-04-29,SKU-SMA-193,220,0,14,184
2024-04-29,SKU-SMA-194,1500,0,28,600
2024-04-29,SKU-SMA-195,342,0,7,137
2024-04-29,SKU-SMA-196,547,0,14,219
2024-04-29,SKU-SMA-197,276,0,7,230
2024-04-29,SKU-SMA-198,163,435,28,544
2024-04-29,SKU-SMA-199,419,479,21,599
2024-04-29,SKU-SMA-200,67,180,7,225
2024-05-06,SKU-BED-001,202,539,21,674
2024-05-06,SKU-BED-002,165,440,21,551
2024-05-06,SKU-BED-003,2324,0,21,581
2024-05-06,SKU-BED-004,724,0,14,181
2024-05-06,SKU-BED-005,460,0,7,115
2024-05-06,SKU-BED-006,448,512,28,640
2024-05-06,SKU-BED-007,262,0,7,219
2024-05-06,SKU-BED-008,143,383,21,479
2024-05-06,SKU-BED-009,603,689,28,862
2024-05-06,SKU-BED-010,1260,0,28,504
2024-05-06,SKU-BED-011,132,353,14,442
2024-05-06,SKU-BED-012,1152,0,21,288
2024-05-06,SKU-BED-013,194,519,28,649
2024-05-06,SKU-BED-014,2428,0,21,607
2024-05-06,SKU-BED-015,144,165,14,207
2024-05-06,SKU-BED-016,432,0,14,360
2024-05-06,SKU-BED-017,33,90,7,113
2024-05-06,SKU-BED-018,1332,0,21,533
2024-05-06,SKU-BED-019,178,475,21,594
2024-05-06,SKU-BED-020,471,0,14,393
2024-05-06,SKU-BED-021,790,0,14,316
2024-05-06,SKU-BED-022,172,0,7,69
2024-05-06,SKU-BED-023,427,488,28,610
2024-05-06,SKU-BED-024,121,139,7,174
2024-05-06,SKU-BED-025,267,0,21,223
2024-05-06,SKU-BED-026,205,0,7,171
2024-05-06,SKU-BED-027,1040,0,28,260
2024-05-06,SKU-BED-028,332,0,7,133
2024-05-06,SKU-BED-029,130,348,21,436
2024-05-06,SKU-BED-030,325,0,14,271
2024-05-06,SKU-BED-031,74,197,14,247
2024-05-06,SKU-BED-032,1700,0,14,425
2024-05-06,SKU-BED-033,126,336,21,420
2024-05-06,SKU-BED-034,212,0,14,177
2024-05-06,SKU-BED-035,193,221,21,277
2024-05-06,SKU-BED-036,180,0,7,150
2024-05-06,SKU-BED-037,103,275,14,344
2024-05-06,SKU-BED-038,2660,0,28,665
2024-05-06,SKU-BED-039,868,0,7,217
2024-05-06,SKU-BED-040,482,0,7,193
2024-05-06,SKU-FUR-041,84,225,14,282
2024-05-06,SKU-FUR-042,2420,0,21,605
2024-05-06,SKU-FUR-043,648,0,7,162
2024-05-06,SKU-FUR-044,1872,0,28,468
2024-05-06,SKU-FUR-045,1664,0,28,416
2024-05-06,SKU-FUR-046,528,0,14,440
2024-05-06,SKU-FUR-047,876,0,14,219
2024-05-06,SKU-FUR-048,166,443,28,554
2024-05-06,SKU-FUR-049,2268,0,21,567
2024-05-06,SKU-FUR-050,110,126,7,158
2024-05-06,SKU-FUR-051,490,560,28,701
2024-05-06,SKU-FUR-052,286,0,14,239
2024-05-06,SKU-FUR-053,730,0,14,292
2024-05-06,SKU-FUR-054,140,0,7,117
2024-05-06,SKU-FUR-055,1156,0,14,289
2024-05-06,SKU-FUR-056,440,0,21,367
2024-05-06,SKU-FUR-057,848,0,14,212
2024-05-06,SKU-FUR-058,230,263,21,329
2024-05-06,SKU-FUR-059,97,260,14,326
2024-05-06,SKU-FUR-060,1011,0,28,843
2024-05-06,SKU-FUR-061,1248,0,14,312
2024-05-06,SKU-FUR-062,358,0,14,299
2024-05-06,SKU-FUR-063,28,76,7,95
2024-05-06,SKU-FUR-064,124,331,28,414
2024-05-06,SKU-FUR-065,630,0,28,525
2024-05-06,SKU-FUR-066,374,0,14,312
2024-05-06,SKU-FUR-067,72,82,7,103
2024-05-06,SKU-FUR-068,1140,0,14,285
2024-05-06,SKU-FUR-069,455,0,7,182
2024-05-06,SKU-FUR-070,496,0,21,414
2024-05-06,SKU-FUR-071,137,157,21,197
2024-05-06,SKU-FUR-072,448,0,7,112
2024-05-06,SKU-FUR-073,313,0,14,261
2024-05-06,SKU-FUR-074,373,0,21,311
2024-05-06,SKU-FUR-075,52,139,7,174
2024-05-06,SKU-FUR-076,261,299,21,374
2024-05-06,SKU-FUR-077,373,0,14,311
2024-05-06,SKU-FUR-078,144,386,28,483
2024-05-06,SKU-FUR-079,2764,0,21,691
2024-05-06,SKU-FUR-080,139,372,21,466
2024-05-06,SKU-DEC-081,292,0,14,244
2024-05-06,SKU-DEC-082,1112,0,14,278
2024-05-06,SKU-DEC-083,68,183,14,229
2024-05-06,SKU-DEC-084,142,162,14,203
2024-05-06,SKU-DEC-085,1380,0,21,552
2024-05-06,SKU-DEC-086,556,0,28,464
2024-05-06,SKU-DEC-087,1877,0,28,751
2024-05-06,SKU-DEC-088,1068,0,28,890
2024-05-06,SKU-DEC-089,2144,0,21,536
2024-05-06,SKU-DEC-090,133,152,14,190
2024-05-06,SKU-DEC-091,467,0,7,187
2024-05-06,SKU-DEC-092,1312,0,21,328
2024-05-06,SKU-DEC-093,583,0,21,486
2024-05-06,SKU-DEC-094,1430,0,21,572
2024-05-06,SKU-DEC-095,1222,0,21,489
2024-05-06,SKU-DEC-096,136,364,14,455
2024-05-06,SKU-DEC-097,505,0,7,202
2024-05-06,SKU-DEC-098,157,180,14,225
2024-05-06,SKU-DEC-099,617,0,14,247
2024-05-06,SKU-DEC-100,1364,0,21,341
2024-05-06,SKU-DEC-101,126,144,7,181
2024-05-06,SKU-DEC-102,404,0,28,337
2024-05-06,SKU-DEC-103,84,0,7,70
2024-05-06,SKU-DEC-104,86,230,28,288
2024-05-06,SKU-DEC-105,1344,0,21,336
2024-05-06,SKU-DEC-106,265,708,28,886
2024-05-06,SKU-DEC-107,1360,0,14,340
2024-05-06,SKU-DEC-108,397,454,21,568
2024-05-06,SKU-DEC-109,400,0,14,160
2024-05-06,SKU-DEC-110,780,0,21,195
2024-05-06,SKU-DEC-111,132,354,28,443
2024-05-06,SKU-DEC-112,1144,0,14,286
2024-05-06,SKU-DEC-113,576,0,28,480
2024-05-06,SKU-DEC-114,900,0,7,225
2024-05-06,SKU-DEC-115,525,0,14,210
2024-05-06,SKU-DEC-116,290,332,14,415
2024-05-06,SKU-DEC-117,656,0,14,164
2024-05-06,SKU-DEC-118,206,236,28,295
2024-05-06,SKU-DEC-119,305,348,21,436
2024-05-06,SKU-DEC-120,1916,0,21,479
2024-05-06,SKU-LIG-121,160,427,21,534
2024-05-06,SKU-LIG-122,52,140,14,176
2024-05-06,SKU-LIG-123,1992,0,28,797
2024-05-06,SKU-LIG-124,466,533,21,667
2024-05-06,SKU-LIG-125,92,247,28,309
2024-05-06,SKU-LIG-126,72,83,7,104
2024-05-06,SKU-LIG-127,1880,0,21,470
2024-05-06,SKU-LIG-128,1592,0,21,398
2024-05-06,SKU-LIG-129,228,260,14,326
2024-05-06,SKU-LIG-130,150,400,21,500
2024-05-06,SKU-LIG-131,405,463,21,579
2024-05-06,SKU-LIG-132,632,0,14,253
2024-05-06,SKU-LIG-133,193,516,21,646
2024-05-06,SKU-LIG-134,280,0,7,112
2024-05-06,SKU-LIG-135,582,0,21,485
2024-05-06,SKU-LIG-136,2160,0,28,540
2024-05-06,SKU-LIG-137,1268,0,14,317
2024-05-06,SKU-LIG-138,262,0,21,219
2024-05-06,SKU-LIG-139,1076,0,28,897
2024-05-06,SKU-LIG-140,956,0,21,239
2024-05-06,SKU-LIG-141,267,305,14,382
2024-05-06,SKU-LIG-142,2688,0,28,672
2024-05-06,SKU-LIG-143,856,0,14,214
2024-05-06,SKU-LIG-144,304,0,7,76
2024-05-06,SKU-LIG-145,1236,0,21,309
2024-05-06,SKU-LIG-146,46,124,7,155
2024-05-06,SKU-LIG-147,124,142,14,178
2024-05-06,SKU-LIG-148,472,0,21,394
2024-05-06,SKU-LIG-149,2860,0,28,715
2024-05-06,SKU-LIG-150,297,340,21,425
2024-05-06,SKU-LIG-151,544,0,14,136
2024-05-06,SKU-LIG-152,1336,0,21,334
2024-05-06,SKU-LIG-153,550,0,14,220
2024-05-06,SKU-LIG-154,1555,0,21,622
2024-05-06,SKU-LIG-155,596,0,14,149
2024-05-06,SKU-LIG-156,214,244,21,306
2024-05-06,SKU-LIG-157,514,0,28,429
2024-05-06,SKU-LIG-158,780,0,7,195
2024-05-06,SKU-LIG-159,1215,0,21,486
2024-05-06,SKU-LIG-160,950,0,28,792
2024-05-06,SKU-SMA-161,201,230,21,288
2024-05-06,SKU-SMA-162,394,0,28,329
2024-05-06,SKU-SMA-163,804,0,14,201
2024-05-06,SKU-SMA-164,220,0,7,88
2024-05-06,SKU-SMA-165,32,85,7,107
2024-05-06,SKU-SMA-166,692,0,14,173
2024-05-06,SKU-SMA-167,175,0,14,146
2024-05-06,SKU-SMA-168,3136,0,28,784
2024-05-06,SKU-SMA-169,455,520,28,651
2024-05-06,SKU-SMA-170,563,644,28,805
2024-05-06,SKU-SMA-171,868,0,7,217
2024-05-06,SKU-SMA-172,340,0,7,136
2024-05-06,SKU-SMA-173,2264,0,28,566
2024-05-06,SKU-SMA-174,1368,0,21,342
2024-05-06,SKU-SMA-175,156,0,7,130
2024-05-06,SKU-SMA-176,75,86,7,108
2024-05-06,SKU-SMA-177,107,122,7,153
2024-05-06,SKU-SMA-178,1092,0,14,273
2024-05-06,SKU-SMA-179,228,260,14,326
2024-05-06,SKU-SMA-180,127,339,14,424
2024-05-06,SKU-SMA-181,55,148,7,186
2024-05-06,SKU-SMA-182,1642,0,28,657
2024-05-06,SKU-SMA-183,536,0,14,134
2024-05-06,SKU-SMA-184,242,0,14,202
2024-05-06,SKU-SMA-185,633,0,21,528
2024-05-06,SKU-SMA-186,996,0,28,830
2024-05-06,SKU-SMA-187,580,0,21,484
2024-05-06,SKU-SMA-188,662,0,28,265
2024-05-06,SKU-SMA-189,2296,0,21,574
2024-05-06,SKU-SMA-190,240,642,28,803
2024-05-06,SKU-SMA-191,190,0,7,159
2024-05-06,SKU-SMA-192,133,152,7,191
2024-05-06,SKU-SMA-193,692,0,21,277
2024-05-06,SKU-SMA-194,375,0,7,150
2024-05-06,SKU-SMA-195,328,0,14,274
2024-05-06,SKU-SMA-196,525,0,28,438
2024-05-06,SKU-SMA-197,644,736,28,921
2024-05-06,SKU-SMA-198,380,435,28,544
2024-05-06,SKU-SMA-199,718,0,21,599
2024-05-06,SKU-SMA-200,1127,0,14,451
2024-05-13,SKU-BED-001,268,0,7,224
2024-05-13,SKU-BED-002,165,440,21,551
2024-05-13,SKU-BED-003,1452,0,21,581
2024-05-13,SKU-BED-004,27,72,7,90
2024-05-13,SKU-BED-005,161,184,14,230
2024-05-13,SKU-BED-006,112,128,7,160
2024-05-13,SKU-BED-007,1752,0,14,438
2024-05-13,SKU-BED-008,382,0,14,319
2024-05-13,SKU-BED-009,860,0,7,215
2024-05-13,SKU-BED-010,453,0,21,378
2024-05-13,SKU-BED-011,795,0,21,663
2024-05-13,SKU-BED-012,1152,0,21,288
2024-05-13,SKU-BED-013,405,0,7,162
2024-05-13,SKU-BED-014,242,0,7,202
2024-05-13,SKU-BED-015,217,248,21,311
2024-05-13,SKU-BED-016,216,0,7,180
2024-05-13,SKU-BED-017,79,90,7,113
2024-05-13,SKU-BED-018,1332,0,21,533
2024-05-13,SKU-BED-019,1982,0,28,793
2024-05-13,SKU-BED-020,137,156,7,196
2024-05-13,SKU-BED-021,1185,0,21,474
2024-05-13,SKU-BED-022,334,0,28,279
2024-05-13,SKU-BED-023,427,488,28,610
2024-05-13,SKU-BED-024,156,417,21,522
2024-05-13,SKU-BED-025,88,0,7,74
2024-05-13,SKU-BED-026,427,0,7,171
2024-05-13,SKU-BED-027,45,52,7,65
2024-05-13,SKU-BED-028,39,106,7,133
2024-05-13,SKU-BED-029,130,348,21,436
2024-05-13,SKU-BED-030,337,0,7,135
2024-05-13,SKU-BED-031,617,0,14,247
2024-05-13,SKU-BED-032,446,510,21,638
2024-05-13,SKU-BED-033,560,0,7,140
2024-05-13,SKU-BED-034,708,0,14,177
2024-05-13,SKU-BED-035,332,0,21,277
2024-05-13,SKU-BED-036,361,0,14,301
2024-05-13,SKU-BED-037,206,0,7,172
2024-05-13,SKU-BED-038,116,132,7,166
2024-05-13,SKU-BED-039,456,521,21,652
2024-05-13,SKU-BED-040,694,0,21,579
2024-05-13,SKU-FUR-041,197,225,14,282
2024-05-13,SKU-FUR-042,423,484,21,605
2024-05-13,SKU-FUR-043,340,389,21,487
2024-05-13,SKU-FUR-044,280,0,14,234
2024-05-13,SKU-FUR-045,780,0,21,312
2024-05-13,SKU-FUR-046,132,352,14,440
2024-05-13,SKU-FUR-047,32,87,7,109
2024-05-13,SKU-FUR-048,83,221,14,277
2024-05-13,SKU-FUR-049,1417,0,21,567
2024-05-13,SKU-FUR-050,395,0,7,158
2024-05-13,SKU-FUR-051,1752,0,28,701
2024-05-13,SKU-FUR-052,1432,0,21,358
2024-05-13,SKU-FUR-053,1095,0,21,438
2024-05-13,SKU-FUR-054,1408,0,21,352
2024-05-13,SKU-FUR-055,2316,0,28,579
2024-05-13,SKU-FUR-056,85,97,7,122
2024-05-13,SKU-FUR-057,797,0,21,319
2024-05-13,SKU-FUR-058,153,175,14,219
2024-05-13,SKU-FUR-059,146,391,21,489
2024-05-13,SKU-FUR-060,442,505,21,632
2024-05-13,SKU-FUR-061,390,0,7,156
2024-05-13,SKU-FUR-062,2396,0,28,599
2024-05-13,SKU-FUR-063,475,0,14,190
2024-05-13,SKU-FUR-064,124,331,28,414
2024-05-13,SKU-FUR-065,1048,0,14,262
2024-05-13,SKU-FUR-066,109,124,7,156
2024-05-13,SKU-FUR-067,93,248,21,310
2024-05-13,SKU-FUR-068,1712,0,21,428
2024-05-13,SKU-FUR-069,54,145,7,182
2024-05-13,SKU-FUR-070,41,110,7,138
2024-05-13,SKU-FUR-071,492,0,21,197
2024-05-13,SKU-FUR-072,78,89,7,112
2024-05-13,SKU-FUR-073,156,418,28,523
2024-05-13,SKU-FUR-074,217,248,21,311
2024-05-13,SKU-FUR-075,208,0,7,174
2024-05-13,SKU-FUR-076,1996,0,28,499
2024-05-13,SKU-FUR-077,560,0,21,467
2024-05-13,SKU-FUR-078,144,0,7,120
2024-05-13,SKU-FUR-079,1840,0,14,460
2024-05-13,SKU-FUR-080,2484,0,28,621
2024-05-13,SKU-DEC-081,585,0,28,488
2024-05-13,SKU-DEC-082,389,444,28,556
2024-05-13,SKU-DEC-083,411,0,21,343
2024-05-13,SKU-DEC-084,284,324,28,406
2024-05-13,SKU-DEC-085,736,0,7,184
2024-05-13,SKU-DEC-086,1856,0,28,464
2024-05-13,SKU-DEC-087,1877,0,28,751
2024-05-13,SKU-DEC-088,2225,0,28,890
2024-05-13,SKU-DEC-089,892,0,14,357
2024-05-13,SKU-DEC-090,950,0,28,380
2024-05-13,SKU-DEC-091,224,598,28,748
2024-05-13,SKU-DEC-092,393,0,21,328
2024-05-13,SKU-DEC-093,97,259,14,324
2024-05-13,SKU-DEC-094,1905,0,28,762
2024-05-13,SKU-DEC-095,228,260,14,326
2024-05-13,SKU-DEC-096,908,0,7,227
2024-05-13,SKU-DEC-097,243,648,28,811
2024-05-13,SKU-DEC-098,33,89,7,112
2024-05-13,SKU-DEC-099,74,197,14,247
2024-05-13,SKU-DEC-100,102,272,21,341
2024-05-13,SKU-DEC-101,2180,0,21,545
2024-05-13,SKU-DEC-102,1348,0,28,337
2024-05-13,SKU-DEC-103,844,0,21,211
2024-05-13,SKU-DEC-104,720,0,28,288
2024-05-13,SKU-DEC-105,235,268,21,336
2024-05-13,SKU-DEC-106,265,0,7,221
2024-05-13,SKU-DEC-107,1700,0,28,680
2024-05-13,SKU-DEC-108,681,0,21,568
2024-05-13,SKU-DEC-109,56,64,7,80
2024-05-13,SKU-DEC-110,45,52,7,65
2024-05-13,SKU-DEC-111,66,176,14,221
2024-05-13,SKU-DEC-112,2292,0,28,573
2024-05-13,SKU-DEC-113,72,192,14,240
2024-05-13,SKU-DEC-114,630,720,28,900
2024-05-13,SKU-DEC-115,525,0,14,210
2024-05-13,SKU-DEC-116,248,0,7,207
2024-05-13,SKU-DEC-117,57,65,7,82
2024-05-13,SKU-DEC-118,182,0,7,73
2024-05-13,SKU-DEC-119,580,0,7,145
2024-05-13,SKU-DEC-120,1597,0,28,639
2024-05-13,SKU-LIG-121,249,284,14,356
2024-05-13,SKU-LIG-122,105,0,7,88
2024-05-13,SKU-LIG-123,417,477,21,597
2024-05-13,SKU-LIG-124,200,533,21,667
2024-05-13,SKU-LIG-125,69,184,21,231
2024-05-13,SKU-LIG-126,250,0,14,209
2024-05-13,SKU-LIG-127,219,250,14,313
2024-05-13,SKU-LIG-128,158,0,7,132
2024-05-13,SKU-LIG-129,342,391,21,489
2024-05-13,SKU-LIG-130,600,0,21,500
2024-05-13,SKU-LIG-131,694,0,21,579
2024-05-13,SKU-LIG-132,151,0,7,126
2024-05-13,SKU-LIG-133,258,0,7,215
2024-05-13,SKU-LIG-134,270,0,14,225
2024-05-13,SKU-LIG-135,48,128,7,161
2024-05-13,SKU-LIG-136,337,0,7,135
2024-05-13,SKU-LIG-137,110,126,7,158
2024-05-13,SKU-LIG-138,87,0,7,73
2024-05-13,SKU-LIG-139,560,0,7,224
2024-05-13,SKU-LIG-140,71,191,21,239
2024-05-13,SKU-LIG-141,229,611,28,764
2024-05-13,SKU-LIG-142,672,0,7,168
2024-05-13,SKU-LIG-143,300,343,28,429
2024-05-13,SKU-LIG-144,53,60,7,76
2024-05-13,SKU-LIG-145,123,0,7,103
2024-05-13,SKU-LIG-146,1244,0,14,311
2024-05-13,SKU-LIG-147,356,0,7,89
2024-05-13,SKU-LIG-148,472,0,21,394
2024-05-13,SKU-LIG-149,1340,0,21,536
2024-05-13,SKU-LIG-150,680,0,28,567
2024-05-13,SKU-LIG-151,163,0,14,136
2024-05-13,SKU-LIG-152,400,0,21,334
2024-05-13,SKU-LIG-153,33,88,7,110
2024-05-13,SKU-LIG-154,289,331,14,414
2024-05-13,SKU-LIG-155,51,59,7,74
2024-05-13,SKU-LIG-156,285,326,28,408
2024-05-13,SKU-LIG-157,96,257,21,322
2024-05-13,SKU-LIG-158,2348,0,21,587
2024-05-13,SKU-LIG-159,405,0,7,162
2024-05-13,SKU-LIG-160,1980,0,28,792
2024-05-13,SKU-SMA-161,86,230,21,288
2024-05-13,SKU-SMA-162,410,0,14,164
2024-05-13,SKU-SMA-163,502,0,14,201
2024-05-13,SKU-SMA-164,105,281,28,352
2024-05-13,SKU-SMA-165,805,0,21,322
2024-05-13,SKU-SMA-166,432,0,14,173
2024-05-13,SKU-SMA-167,350,0,28,292
2024-05-13,SKU-SMA-168,1960,0,28,784
2024-05-13,SKU-SMA-169,1627,0,28,651
2024-05-13,SKU-SMA-170,1005,0,14,402
2024-05-13,SKU-SMA-171,151,173,7,217
2024-05-13,SKU-SMA-172,2188,0,28,547
2024-05-13,SKU-SMA-173,1415,0,28,566
2024-05-13,SKU-SMA-174,570,0,14,228
2024-05-13,SKU-SMA-175,365,417,28,522
2024-05-13,SKU-SMA-176,542,0,14,217
2024-05-13,SKU-SMA-177,368,0,14,307
2024-05-13,SKU-SMA-178,655,0,28,546
2024-05-13,SKU-SMA-179,228,260,14,326
2024-05-13,SKU-SMA-180,148,169,7,212
2024-05-13,SKU-SMA-181,260,297,14,372
2024-05-13,SKU-SMA-182,591,0,21,493
2024-05-13,SKU-SMA-183,46,53,7,67
2024-05-13,SKU-SMA-184,364,0,21,304
2024-05-13,SKU-SMA-185,633,0,21,528
2024-05-13,SKU-SMA-186,2075,0,28,830
2024-05-13,SKU-SMA-187,807,0,14,323
2024-05-13,SKU-SMA-188,39,105,14,132
2024-05-13,SKU-SMA-189,172,459,21,574
2024-05-13,SKU-SMA-190,2007,0,28,803
2024-05-13,SKU-SMA-191,1276,0,14,319
2024-05-13,SKU-SMA-192,1528,0,14,382
2024-05-13,SKU-SMA-193,230,0,7,92
2024-05-13,SKU-SMA-194,180,480,28,600
2024-05-13,SKU-SMA-195,1644,0,21,411
2024-05-13,SKU-SMA-196,1316,0,21,329
2024-05-13,SKU-SMA-197,1727,0,21,691
2024-05-13,SKU-SMA-198,1020,0,21,408
2024-05-13,SKU-SMA-199,997,0,14,399
2024-05-13,SKU-SMA-200,1692,0,21,677
2024-05-20,SKU-BED-001,560,0,7,224
2024-05-20,SKU-BED-002,440,0,14,367
2024-05-20,SKU-BED-003,135,154,7,193
2024-05-20,SKU-BED-004,452,0,14,181
2024-05-20,SKU-BED-005,138,0,7,115
2024-05-20,SKU-BED-006,192,0,7,160
2024-05-20,SKU-BED-007,876,0,7,219
2024-05-20,SKU-BED-008,1197,0,21,479
2024-05-20,SKU-BED-009,860,0,7,215
2024-05-20,SKU-BED-010,1512,0,21,378
2024-05-20,SKU-BED-011,464,530,21,663
2024-05-20,SKU-BED-012,230,0,14,192
2024-05-20,SKU-BED-013,194,519,28,649
2024-05-20,SKU-BED-014,242,0,7,202
2024-05-20,SKU-BED-015,217,248,21,311
2024-05-20,SKU-BED-016,251,288,14,360
2024-05-20,SKU-BED-017,102,272,21,340
2024-05-20,SKU-BED-018,2844,0,28,711
2024-05-20,SKU-BED-019,1584,0,14,396
2024-05-20,SKU-BED-020,413,472,21,590
2024-05-20,SKU-BED-021,189,505,28,632
2024-05-20,SKU-BED-022,836,0,21,209
2024-05-20,SKU-BED-023,1142,0,21,457
2024-05-20,SKU-BED-024,2784,0,28,696
2024-05-20,SKU-BED-025,596,0,14,149
2024-05-20,SKU-BED-026,824,0,28,687
2024-05-20,SKU-BED-027,260,0,7,65
2024-05-20,SKU-BED-028,532,0,7,133
2024-05-20,SKU-BED-029,1160,0,14,290
2024-05-20,SKU-BED-030,81,216,14,271
2024-05-20,SKU-BED-031,346,396,28,495
2024-05-20,SKU-BED-032,255,680,28,851
2024-05-20,SKU-BED-033,1050,0,21,420
2024-05-20,SKU-BED-034,220,0,7,88
2024-05-20,SKU-BED-035,129,148,14,185
2024-05-20,SKU-BED-036,315,360,21,451
2024-05-20,SKU-BED-037,430,0,7,172
2024-05-20,SKU-BED-038,149,399,21,499
2024-05-20,SKU-BED-039,2608,0,21,652
2024-05-20,SKU-BED-040,2316,0,21,579
2024-05-20,SKU-FUR-041,1057,0,21,423
2024-05-20,SKU-FUR-042,241,0,7,201
2024-05-20,SKU-FUR-043,227,260,14,325
2024-05-20,SKU-FUR-044,81,93,7,117
2024-05-20,SKU-FUR-045,218,249,21,312
2024-05-20,SKU-FUR-046,1650,0,21,660
2024-05-20,SKU-FUR-047,32,87,7,109
2024-05-20,SKU-FUR-048,165,0,7,138
2024-05-20,SKU-FUR-049,226,0,7,189
2024-05-20,SKU-FUR-050,333,380,21,476
2024-05-20,SKU-FUR-051,630,0,21,525
2024-05-20,SKU-FUR-052,1432,0,21,358
2024-05-20,SKU-FUR-053,102,116,7,146
2024-05-20,SKU-FUR-054,468,0,7,117
2024-05-20,SKU-FUR-055,1447,0,28,579
2024-05-20,SKU-FUR-056,980,0,14,245
2024-05-20,SKU-FUR-057,254,0,14,212
2024-05-20,SKU-FUR-058,1097,0,28,439
2024-05-20,SKU-FUR-059,48,130,7,163
2024-05-20,SKU-FUR-060,1684,0,14,421
2024-05-20,SKU-FUR-061,328,375,21,469
2024-05-20,SKU-FUR-062,89,239,14,299
2024-05-20,SKU-FUR-063,380,0,7,95
2024-05-20,SKU-FUR-064,775,0,21,310
2024-05-20,SKU-FUR-065,91,104,7,131
2024-05-20,SKU-FUR-066,187,500,28,625
2024-05-20,SKU-FUR-067,123,330,28,413
2024-05-20,SKU-FUR-068,685,0,28,571
2024-05-20,SKU-FUR-069,656,0,21,547
2024-05-20,SKU-FUR-070,387,442,28,553
2024-05-20,SKU-FUR-071,524,0,14,131
2024-05-20,SKU-FUR-072,560,0,14,224
2024-05-20,SKU-FUR-073,1044,0,14,261
2024-05-20,SKU-FUR-074,1660,0,28,415
2024-05-20,SKU-FUR-075,1745,0,28,698
2024-05-20,SKU-FUR-076,349,399,28,499
2024-05-20,SKU-FUR-077,186,498,28,623
2024-05-20,SKU-FUR-078,964,0,14,241
2024-05-20,SKU-FUR-079,276,0,7,230
2024-05-20,SKU-FUR-080,372,0,14,310
2024-05-20,SKU-DEC-081,1952,0,28,488
2024-05-20,SKU-DEC-082,1112,0,14,278
2024-05-20,SKU-DEC-083,102,274,21,343
2024-05-20,SKU-DEC-084,213,244,21,305
2024-05-20,SKU-DEC-085,883,0,28,736
2024-05-20,SKU-DEC-086,417,0,21,348
2024-05-20,SKU-DEC-087,525,600,28,751
2024-05-20,SKU-DEC-088,200,534,21,668
2024-05-20,SKU-DEC-089,375,428,21,536
2024-05-20,SKU-DEC-090,380,0,7,95
2024-05-20,SKU-DEC-091,935,0,14,374
2024-05-20,SKU-DEC-092,1312,0,21,328
2024-05-20,SKU-DEC-093,810,0,14,324
2024-05-20,SKU-DEC-094,1430,0,21,572
2024-05-20,SKU-DEC-095,1222,0,21,489
2024-05-20,SKU-DEC-096,819,0,21,683
2024-05-20,SKU-DEC-097,425,486,21,608
2024-05-20,SKU-DEC-098,33,89,7,112
2024-05-20,SKU-DEC-099,296,0,14,247
2024-05-20,SKU-DEC-100,908,0,14,227
2024-05-20,SKU-DEC-101,218,581,28,727
2024-05-20,SKU-DEC-102,201,0,14,168
2024-05-20,SKU-DEC-103,527,0,21,211
2024-05-20,SKU-DEC-104,259,0,21,216
2024-05-20,SKU-DEC-105,67,179,14,224
2024-05-20,SKU-DEC-106,1772,0,14,443
2024-05-20,SKU-DEC-107,102,272,14,340
2024-05-20,SKU-DEC-108,908,0,28,757
2024-05-20,SKU-DEC-109,1280,0,28,320
2024-05-20,SKU-DEC-110,19,52,7,65
2024-05-20,SKU-DEC-111,99,265,21,332
2024-05-20,SKU-DEC-112,357,0,7,143
2024-05-20,SKU-DEC-113,300,0,7,120
2024-05-20,SKU-DEC-114,472,540,21,675
2024-05-20,SKU-DEC-115,505,0,28,421
2024-05-20,SKU-DEC-116,248,0,7,207
2024-05-20,SKU-DEC-117,73,196,21,246
2024-05-20,SKU-DEC-118,51,58,7,73
2024-05-20,SKU-DEC-119,523,0,21,436
2024-05-20,SKU-DEC-120,1916,0,21,479
2024-05-20,SKU-LIG-121,2852,0,28,713
2024-05-20,SKU-LIG-122,211,0,14,176
2024-05-20,SKU-LIG-123,3188,0,28,797
2024-05-20,SKU-LIG-124,532,0,14,444
2024-05-20,SKU-LIG-125,1236,0,28,309
2024-05-20,SKU-LIG-126,250,0,14,209
2024-05-20,SKU-LIG-127,141,376,21,470
2024-05-20,SKU-LIG-128,637,0,28,531
2024-05-20,SKU-LIG-129,407,0,7,163
2024-05-20,SKU-LIG-130,1667,0,28,667
2024-05-20,SKU-LIG-131,541,618,28,773
2024-05-20,SKU-LIG-132,152,405,28,507
2024-05-20,SKU-LIG-133,1034,0,28,862
2024-05-20,SKU-LIG-134,1352,0,21,338
2024-05-20,SKU-LIG-135,1212,0,21,485
2024-05-20,SKU-LIG-136,675,0,14,270
2024-05-20,SKU-LIG-137,380,0,14,317
2024-05-20,SKU-LIG-138,182,0,7,73
2024-05-20,SKU-LIG-139,896,0,7,224
2024-05-20,SKU-LIG-140,23,63,7,79
2024-05-20,SKU-LIG-141,1910,0,28,764
2024-05-20,SKU-LIG-142,470,537,28,672
2024-05-20,SKU-LIG-143,1072,0,28,429
2024-05-20,SKU-LIG-144,274,0,21,229
2024-05-20,SKU-LIG-145,289,330,28,413
2024-05-20,SKU-LIG-146,326,373,21,467
2024-05-20,SKU-LIG-147,249,285,28,357
2024-05-20,SKU-LIG-148,1315,0,28,526
2024-05-20,SKU-LIG-149,2860,0,28,715
2024-05-20,SKU-LIG-150,2268,0,28,567
2024-05-20,SKU-LIG-151,246,0,21,205
2024-05-20,SKU-LIG-152,888,0,14,222
2024-05-20,SKU-LIG-153,99,264,21,331
2024-05-20,SKU-LIG-154,3316,0,28,829
2024-05-20,SKU-LIG-155,560,0,21,224
2024-05-20,SKU-LIG-156,30,81,7,102
2024-05-20,SKU-LIG-157,1288,0,21,322
2024-05-20,SKU-LIG-158,939,0,28,783
2024-05-20,SKU-LIG-159,1944,0,21,486
2024-05-20,SKU-LIG-160,554,633,28,792
2024-05-20,SKU-SMA-161,86,230,21,288
2024-05-20,SKU-SMA-162,230,263,28,329
2024-05-20,SKU-SMA-163,120,0,7,100
2024-05-20,SKU-SMA-164,211,0,14,176
2024-05-20,SKU-SMA-165,128,0,7,107
2024-05-20,SKU-SMA-166,207,0,14,173
2024-05-20,SKU-SMA-167,365,0,14,146
2024-05-20,SKU-SMA-168,490,0,7,196
2024-05-20,SKU-SMA-169,1220,0,21,488
2024-05-20,SKU-SMA-170,281,321,14,402
2024-05-20,SKU-SMA-171,1632,0,21,653
2024-05-20,SKU-SMA-172,340,0,7,136
2024-05-20,SKU-SMA-173,297,340,21,425
2024-05-20,SKU-SMA-174,456,0,7,114
2024-05-20,SKU-SMA-175,977,0,21,391
2024-05-20,SKU-SMA-176,391,0,21,326
2024-05-20,SKU-SMA-177,736,0,28,614
2024-05-20,SKU-SMA-178,1092,0,14,273
2024-05-20,SKU-SMA-179,407,0,7,163
2024-05-20,SKU-SMA-180,445,509,21,637
2024-05-20,SKU-SMA-181,744,0,7,186
2024-05-20,SKU-SMA-182,1642,0,28,657
2024-05-20,SKU-SMA-183,93,107,14,134
2024-05-20,SKU-SMA-184,760,0,21,304
2024-05-20,SKU-SMA-185,633,0,21,528
2024-05-20,SKU-SMA-186,3320,0,28,830
2024-05-20,SKU-SMA-187,112,128,7,161
2024-05-20,SKU-SMA-188,238,0,21,199
2024-05-20,SKU-SMA-189,1912,0,28,765
2024-05-20,SKU-SMA-190,481,0,14,401
2024-05-20,SKU-SMA-191,335,383,21,479
2024-05-20,SKU-SMA-192,171,458,21,573
2024-05-20,SKU-SMA-193,692,0,21,277
2024-05-20,SKU-SMA-194,420,480,28,600
2024-05-20,SKU-SMA-195,164,0,7,137
2024-05-20,SKU-SMA-196,306,350,28,438
2024-05-20,SKU-SMA-197,3684,0,28,921
2024-05-20,SKU-SMA-198,163,0,7,136
2024-05-20,SKU-SMA-199,3196,0,28,799
2024-05-20,SKU-SMA-200,270,0,7,225
2024-05-27,SKU-BED-001,808,0,21,674
2024-05-27,SKU-BED-002,457,0,7,183
2024-05-27,SKU-BED-003,135,154,7,193
2024-05-27,SKU-BED-004,81,216,21,271
2024-05-27,SKU-BED-005,460,0,7,115
2024-05-27,SKU-BED-006,2560,0,28,640
2024-05-27,SKU-BED-007,153,175,7,219
2024-05-27,SKU-BED-008,574,0,21,479
2024-05-27,SKU-BED-009,452,516,21,646
2024-05-27,SKU-BED-010,302,0,14,252
2024-05-27,SKU-BED-011,3536,0,28,884
2024-05-27,SKU-BED-012,115,0,7,96
2024-05-27,SKU-BED-013,584,0,21,487
2024-05-27,SKU-BED-014,141,161,7,202
2024-05-27,SKU-BED-015,217,248,21,311
2024-05-27,SKU-BED-016,1440,0,14,360
2024-05-27,SKU-BED-017,68,181,14,227
2024-05-27,SKU-BED-018,426,0,14,355
2024-05-27,SKU-BED-019,792,0,7,198
2024-05-27,SKU-BED-020,1967,0,28,787
2024-05-27,SKU-BED-021,142,379,21,474
2024-05-27,SKU-BED-022,836,0,21,209
2024-05-27,SKU-BED-023,548,0,21,457
2024-05-27,SKU-BED-024,1392,0,14,348
2024-05-27,SKU-BED-025,156,178,21,223
2024-05-27,SKU-BED-026,618,0,21,515
2024-05-27,SKU-BED-027,162,0,7,65
2024-05-27,SKU-BED-028,480,0,21,400
2024-05-27,SKU-BED-029,725,0,14,290
2024-05-27,SKU-BED-030,189,216,14,271
2024-05-27,SKU-BED-031,594,0,28,495
2024-05-27,SKU-BED-032,191,510,21,638
2024-05-27,SKU-BED-033,1400,0,28,560
2024-05-27,SKU-BED-034,424,0,28,354
2024-05-27,SKU-BED-035,110,0,7,92
2024-05-27,SKU-BED-036,180,481,28,602
2024-05-27,SKU-BED-037,430,0,7,172
2024-05-27,SKU-BED-038,1247,0,21,499
2024-05-27,SKU-BED-039,151,173,7,217
2024-05-27,SKU-BED-040,3088,0,28,772
2024-05-27,SKU-FUR-041,1128,0,14,282
2024-05-27,SKU-FUR-042,282,322,14,403
2024-05-27,SKU-FUR-043,584,0,21,487
2024-05-27,SKU-FUR-044,1872,0,28,468
2024-05-27,SKU-FUR-045,499,0,28,416
2024-05-27,SKU-FUR-046,198,528,21,660
2024-05-27,SKU-FUR-047,436,0,7,109
2024-05-27,SKU-FUR-048,1664,0,21,416
2024-05-27,SKU-FUR-049,472,0,7,189
2024-05-27,SKU-FUR-050,47,126,7,158
2024-05-27,SKU-FUR-051,52,140,7,175
2024-05-27,SKU-FUR-052,1195,0,28,478
2024-05-27,SKU-FUR-053,700,0,28,584
2024-05-27,SKU-FUR-054,164,188,14,235
2024-05-27,SKU-FUR-055,1736,0,21,434
2024-05-27,SKU-FUR-056,588,0,28,490
2024-05-27,SKU-FUR-057,74,84,7,106
2024-05-27,SKU-FUR-058,153,175,14,219
2024-05-27,SKU-FUR-059,1956,0,21,489
2024-05-27,SKU-FUR-060,294,336,14,421
2024-05-27,SKU-FUR-061,1562,0,28,625
2024-05-27,SKU-FUR-062,89,239,14,299
2024-05-27,SKU-FUR-063,712,0,21,285
2024-05-27,SKU-FUR-064,828,0,14,207
2024-05-27,SKU-FUR-065,1048,0,14,262
2024-05-27,SKU-FUR-066,140,374,21,468
2024-05-27,SKU-FUR-067,824,0,14,206
2024-05-27,SKU-FUR-068,99,113,7,142
2024-05-27,SKU-FUR-069,656,0,21,547
2024-05-27,SKU-FUR-070,289,331,21,414
2024-05-27,SKU-FUR-071,137,157,21,197
2024-05-27,SKU-FUR-072,448,0,7,112
2024-05-27,SKU-FUR-073,39,104,7,130
2024-05-27,SKU-FUR-074,412,0,7,103
2024-05-27,SKU-FUR-075,366,418,21,523
2024-05-27,SKU-FUR-076,448,0,21,374
2024-05-27,SKU-FUR-077,108,124,7,155
2024-05-27,SKU-FUR-078,602,0,14,241
2024-05-27,SKU-FUR-079,829,0,21,691
2024-05-27,SKU-FUR-080,217,248,14,310
2024-05-27,SKU-DEC-081,170,195,14,244
2024-05-27,SKU-DEC-082,333,0,14,278
2024-05-27,SKU-DEC-083,916,0,14,229
2024-05-27,SKU-DEC-084,121,324,28,406
2024-05-27,SKU-DEC-085,220,588,28,736
2024-05-27,SKU-DEC-086,290,0,7,116
2024-05-27,SKU-DEC-087,56,149,7,187
2024-05-27,SKU-DEC-088,888,0,7,222
2024-05-27,SKU-DEC-089,214,572,28,715
2024-05-27,SKU-DEC-090,114,0,7,95
2024-05-27,SKU-DEC-091,673,0,21,561
2024-05-27,SKU-DEC-092,1092,0,28,437
2024-05-27,SKU-DEC-093,810,0,14,324
2024-05-27,SKU-DEC-094,1905,0,28,762
2024-05-27,SKU-DEC-095,815,0,14,326
2024-05-27,SKU-DEC-096,204,546,21,683
2024-05-27,SKU-DEC-097,425,486,21,608
2024-05-27,SKU-DEC-098,134,0,7,112
2024-05-27,SKU-DEC-099,296,0,14,247
2024-05-27,SKU-DEC-100,238,272,21,341
2024-05-27,SKU-DEC-101,452,0,7,181
2024-05-27,SKU-DEC-102,100,0,7,84
2024-05-27,SKU-DEC-103,1128,0,28,282
2024-05-27,SKU-DEC-104,86,0,7,72
2024-05-27,SKU-DEC-105,1792,0,28,448
2024-05-27,SKU-DEC-106,199,531,21,664
2024-05-27,SKU-DEC-107,1700,0,28,680
2024-05-27,SKU-DEC-108,113,302,14,378
2024-05-27,SKU-DEC-109,320,0,7,80
2024-05-27,SKU-DEC-110,780,0,21,195
2024-05-27,SKU-DEC-111,531,0,28,443
2024-05-27,SKU-DEC-112,401,458,28,573
2024-05-27,SKU-DEC-113,288,0,14,240
2024-05-27,SKU-DEC-114,67,180,7,225
2024-05-27,SKU-DEC-115,1684,0,28,421
2024-05-27,SKU-DEC-116,1557,0,21,623
2024-05-27,SKU-DEC-117,205,0,7,82
2024-05-27,SKU-DEC-118,66,176,21,221
2024-05-27,SKU-DEC-119,523,0,21,436
2024-05-27,SKU-DEC-120,111,127,7,159
2024-05-27,SKU-LIG-121,373,427,21,534
2024-05-27,SKU-LIG-122,123,140,14,176
2024-05-27,SKU-LIG-123,497,0,7,199
2024-05-27,SKU-LIG-124,66,177,7,222
2024-05-27,SKU-LIG-125,46,123,14,154
2024-05-27,SKU-LIG-126,250,0,14,209
2024-05-27,SKU-LIG-127,564,0,21,470
2024-05-27,SKU-LIG-128,662,0,14,265
2024-05-27,SKU-LIG-129,652,0,7,163
2024-05-27,SKU-LIG-130,350,400,21,500
2024-05-27,SKU-LIG-131,482,0,7,193
2024-05-27,SKU-LIG-132,354,405,28,507
2024-05-27,SKU-LIG-133,860,0,7,215
2024-05-27,SKU-LIG-134,78,89,7,112
2024-05-27,SKU-LIG-135,339,388,21,485
2024-05-27,SKU-LIG-136,2160,0,28,540
2024-05-27,SKU-LIG-137,632,0,7,158
2024-05-27,SKU-LIG-138,730,0,28,292
2024-05-27,SKU-LIG-139,313,358,14,448
2024-05-27,SKU-LIG-140,286,0,21,239
2024-05-27,SKU-LIG-141,133,152,7,191
2024-05-27,SKU-LIG-142,151,403,21,504
2024-05-27,SKU-LIG-143,267,0,7,107
2024-05-27,SKU-LIG-144,765,0,28,306
2024-05-27,SKU-LIG-145,1032,0,28,413
2024-05-27,SKU-LIG-146,1244,0,14,311
2024-05-27,SKU-LIG-147,62,71,7,89
2024-05-27,SKU-LIG-148,1576,0,21,394
2024-05-27,SKU-LIG-149,249,285,14,357
2024-05-27,SKU-LIG-150,680,0,28,567
2024-05-27,SKU-LIG-151,61,164,21,205
2024-05-27,SKU-LIG-152,444,0,7,111
2024-05-27,SKU-LIG-153,132,0,7,110
2024-05-27,SKU-LIG-154,144,165,7,207
2024-05-27,SKU-LIG-155,156,179,21,224
2024-05-27,SKU-LIG-156,816,0,14,204
2024-05-27,SKU-LIG-157,128,343,28,429
2024-05-27,SKU-LIG-158,410,469,21,587
2024-05-27,SKU-LIG-159,453,518,28,648
2024-05-27,SKU-LIG-160,277,316,14,396
2024-05-27,SKU-SMA-161,67,76,7,96
2024-05-27,SKU-SMA-162,230,263,28,329
2024-05-27,SKU-SMA-163,70,80,7,100
2024-05-27,SKU-SMA-164,184,211,21,264
2024-05-27,SKU-SMA-165,32,85,7,107
2024-05-27,SKU-SMA-166,103,0,7,86
2024-05-27,SKU-SMA-167,21,58,7,73
2024-05-27,SKU-SMA-168,1960,0,28,784
2024-05-27,SKU-SMA-169,1220,0,21,488
2024-05-27,SKU-SMA-170,563,644,28,805
2024-05-27,SKU-SMA-171,457,522,21,653
2024-05-27,SKU-SMA-172,95,108,7,136
2024-05-27,SKU-SMA-173,42,112,7,141
2024-05-27,SKU-SMA-174,547,0,28,456
2024-05-27,SKU-SMA-175,313,0,14,261
2024-05-27,SKU-SMA-176,32,86,7,108
2024-05-27,SKU-SMA-177,1228,0,14,307
2024-05-27,SKU-SMA-178,1636,0,21,409
2024-05-27,SKU-SMA-179,48,130,7,163
2024-05-27,SKU-SMA-180,445,509,21,637
2024-05-27,SKU-SMA-181,391,447,21,559
2024-05-27,SKU-SMA-182,229,262,14,328
2024-05-27,SKU-SMA-183,808,0,21,202
2024-05-27,SKU-SMA-184,242,0,14,202
2024-05-27,SKU-SMA-185,880,0,14,352
2024-05-27,SKU-SMA-186,581,664,28,830
2024-05-27,SKU-SMA-187,1210,0,21,484
2024-05-27,SKU-SMA-188,92,105,14,132
2024-05-27,SKU-SMA-189,477,0,7,191
2024-05-27,SKU-SMA-190,3212,0,28,803
2024-05-27,SKU-SMA-191,1916,0,21,479
2024-05-27,SKU-SMA-192,3056,0,28,764
2024-05-27,SKU-SMA-193,332,0,21,277
2024-05-27,SKU-SMA-194,375,0,7,150
2024-05-27,SKU-SMA-195,548,0,7,137
2024-05-27,SKU-SMA-196,1316,0,21,329
2024-05-27,SKU-SMA-197,69,184,7,230
2024-05-27,SKU-SMA-198,680,0,14,272
2024-05-27,SKU-SMA-199,1596,0,14,399
2024-05-27,SKU-SMA-200,1127,0,14,451
2024-06-03,SKU-BED-001,1122,0,14,449
2024-06-03,SKU-BED-002,732,0,7,183
2024-06-03,SKU-BED-003,232,619,28,774
2024-06-03,SKU-BED-004,905,0,28,362
2024-06-03,SKU-BED-005,553,0,28,461
2024-06-03,SKU-BED-006,192,0,7,160
2024-06-03,SKU-BED-007,547,0,7,219
2024-06-03,SKU-BED-008,335,383,21,479
2024-06-03,SKU-BED-009,1034,0,28,862
2024-06-03,SKU-BED-010,302,0,14,252
2024-06-03,SKU-BED-011,530,0,14,442
2024-06-03,SKU-BED-012,269,308,28,385
2024-06-03,SKU-BED-013,584,0,21,487
2024-06-03,SKU-BED-014,243,648,28,810
2024-06-03,SKU-BED-015,412,0,7,103
2024-06-03,SKU-BED-016,450,0,7,180
2024-06-03,SKU-BED-017,408,0,21,340
2024-06-03,SKU-BED-018,708,0,7,177
2024-06-03,SKU-BED-019,1584,0,14,396
2024-06-03,SKU-BED-020,944,0,28,787
2024-06-03,SKU-BED-021,442,505,28,632
2024-06-03,SKU-BED-022,97,111,14,139
2024-06-03,SKU-BED-023,91,244,14,305
2024-06-03,SKU-BED-024,626,0,21,522
2024-06-03,SKU-BED-025,104,119,14,149
2024-06-03,SKU-BED-026,240,274,14,343
2024-06-03,SKU-BED-027,234,0,21,195
2024-06-03,SKU-BED-028,1600,0,21,400
2024-06-03,SKU-BED-029,203,232,14,290
2024-06-03,SKU-BED-030,284,325,21,407
2024-06-03,SKU-BED-031,36,98,7,123
2024-06-03,SKU-BED-032,765,0,21,638
2024-06-03,SKU-BED-033,560,0,7,140
2024-06-03,SKU-BED-034,106,283,28,354
2024-06-03,SKU-BED-035,64,73,7,92
2024-06-03,SKU-BED-036,421,481,28,602
2024-06-03,SKU-BED-037,206,0,7,172
2024-06-03,SKU-BED-038,349,399,21,499
2024-06-03,SKU-BED-039,1042,0,28,869
2024-06-03,SKU-BED-040,1544,0,14,386
2024-06-03,SKU-FUR-041,2256,0,28,564
2024-06-03,SKU-FUR-042,726,0,21,605
2024-06-03,SKU-FUR-043,648,0,7,162
2024-06-03,SKU-FUR-044,877,0,21,351
2024-06-03,SKU-FUR-045,416,0,7,104
2024-06-03,SKU-FUR-046,880,0,7,220
2024-06-03,SKU-FUR-047,65,175,14,219
2024-06-03,SKU-FUR-048,552,0,7,138
2024-06-03,SKU-FUR-049,1890,0,28,756
2024-06-03,SKU-FUR-050,190,507,28,634
2024-06-03,SKU-FUR-051,841,0,28,701
2024-06-03,SKU-FUR-052,286,0,14,239
2024-06-03,SKU-FUR-053,131,350,21,438
2024-06-03,SKU-FUR-054,329,376,28,470
2024-06-03,SKU-FUR-055,346,0,14,289
2024-06-03,SKU-FUR-056,440,0,21,367
2024-06-03,SKU-FUR-057,63,169,14,212
2024-06-03,SKU-FUR-058,131,351,28,439
2024-06-03,SKU-FUR-059,456,521,28,652
2024-06-03,SKU-FUR-060,590,674,28,843
2024-06-03,SKU-FUR-061,46,124,7,156
2024-06-03,SKU-FUR-062,538,0,21,449
2024-06-03,SKU-FUR-063,950,0,28,380
2024-06-03,SKU-FUR-064,123,0,7,103
2024-06-03,SKU-FUR-065,117,314,21,393
2024-06-03,SKU-FUR-066,750,0,28,625
2024-06-03,SKU-FUR-067,412,0,7,103
2024-06-03,SKU-FUR-068,85,228,14,285
2024-06-03,SKU-FUR-069,109,292,14,365
2024-06-03,SKU-FUR-070,1382,0,28,553
2024-06-03,SKU-FUR-071,162,0,7,65
2024-06-03,SKU-FUR-072,1796,0,28,449
2024-06-03,SKU-FUR-073,182,208,14,261
2024-06-03,SKU-FUR-074,517,0,14,207
2024-06-03,SKU-FUR-075,696,0,7,174
2024-06-03,SKU-FUR-076,448,0,21,374
2024-06-03,SKU-FUR-077,93,248,14,311
2024-06-03,SKU-FUR-078,1932,0,28,483
2024-06-03,SKU-FUR-079,920,0,7,230
2024-06-03,SKU-FUR-080,139,372,21,466
2024-06-03,SKU-DEC-081,439,0,21,366
2024-06-03,SKU-DEC-082,97,111,7,139
2024-06-03,SKU-DEC-083,411,0,21,343
2024-06-03,SKU-DEC-084,121,0,7,101
2024-06-03,SKU-DEC-085,55,147,7,184
2024-06-03,SKU-DEC-086,870,0,21,348
2024-06-03,SKU-DEC-087,225,600,28,751
2024-06-03,SKU-DEC-088,1780,0,14,445
2024-06-03,SKU-DEC-089,858,0,28,715
2024-06-03,SKU-DEC-090,133,152,14,190
2024-06-03,SKU-DEC-091,168,448,21,561
2024-06-03,SKU-DEC-092,1748,0,28,437
2024-06-03,SKU-DEC-093,194,518,28,648
2024-06-03,SKU-DEC-094,686,0,21,572
2024-06-03,SKU-DEC-095,228,260,14,326
2024-06-03,SKU-DEC-096,567,0,7,227
2024-06-03,SKU-DEC-097,729,0,21,608
2024-06-03,SKU-DEC-098,135,360,28,451
2024-06-03,SKU-DEC-099,172,197,14,247
2024-06-03,SKU-DEC-100,852,0,21,341
2024-06-03,SKU-DEC-101,1362,0,21,545
2024-06-03,SKU-DEC-102,117,134,14,168
2024-06-03,SKU-DEC-103,705,0,28,282
2024-06-03,SKU-DEC-104,180,0,7,72
2024-06-03,SKU-DEC-105,134,0,7,112
2024-06-03,SKU-DEC-106,3544,0,28,886
2024-06-03,SKU-DEC-107,816,0,28,680
2024-06-03,SKU-DEC-108,227,605,28,757
2024-06-03,SKU-DEC-109,48,128,14,160
2024-06-03,SKU-DEC-110,162,0,7,65
2024-06-03,SKU-DEC-111,440,0,7,110
2024-06-03,SKU-DEC-112,85,228,14,286
2024-06-03,SKU-DEC-113,251,288,21,360
2024-06-03,SKU-DEC-114,472,540,21,675
2024-06-03,SKU-DEC-115,94,252,21,316
2024-06-03,SKU-DEC-116,62,165,7,207
2024-06-03,SKU-DEC-117,656,0,14,164
2024-06-03,SKU-DEC-118,1180,0,28,295
2024-06-03,SKU-DEC-119,305,348,21,436
2024-06-03,SKU-DEC-120,143,383,21,479
2024-06-03,SKU-LIG-121,106,284,14,356
2024-06-03,SKU-LIG-122,662,0,21,265
2024-06-03,SKU-LIG-123,557,637,28,797
2024-06-03,SKU-LIG-124,800,0,21,667
2024-06-03,SKU-LIG-125,385,0,14,154
2024-06-03,SKU-LIG-126,292,334,28,418
2024-06-03,SKU-LIG-127,1880,0,21,470
2024-06-03,SKU-LIG-128,318,0,14,265
2024-06-03,SKU-LIG-129,1222,0,21,489
2024-06-03,SKU-LIG-130,664,0,7,166
2024-06-03,SKU-LIG-131,1932,0,28,773
2024-06-03,SKU-LIG-132,354,405,28,507
2024-06-03,SKU-LIG-133,2584,0,21,646
2024-06-03,SKU-LIG-134,1352,0,21,338
2024-06-03,SKU-LIG-135,1617,0,28,647
2024-06-03,SKU-LIG-136,94,108,7,135
2024-06-03,SKU-LIG-137,1268,0,14,317
2024-06-03,SKU-LIG-138,175,0,14,146
2024-06-03,SKU-LIG-139,2688,0,21,672
2024-06-03,SKU-LIG-140,381,0,28,318
2024-06-03,SKU-LIG-141,687,0,21,573
2024-06-03,SKU-LIG-142,1260,0,21,504
2024-06-03,SKU-LIG-143,96,257,21,322
2024-06-03,SKU-LIG-144,91,0,7,76
2024-06-03,SKU-LIG-145,772,0,21,309
2024-06-03,SKU-LIG-146,1167,0,21,467
2024-06-03,SKU-LIG-147,249,285,28,357
2024-06-03,SKU-LIG-148,157,0,7,131
2024-06-03,SKU-LIG-149,2860,0,28,715
2024-06-03,SKU-LIG-150,2268,0,28,567
2024-06-03,SKU-LIG-151,272,0,7,68
2024-06-03,SKU-LIG-152,555,0,14,222
2024-06-03,SKU-LIG-153,1102,0,28,441
2024-06-03,SKU-LIG-154,828,0,7,207
2024-06-03,SKU-LIG-155,22,59,7,74
2024-06-03,SKU-LIG-156,1224,0,21,306
2024-06-03,SKU-LIG-157,128,343,28,429
2024-06-03,SKU-LIG-158,58,156,7,195
2024-06-03,SKU-LIG-159,1944,0,21,486
2024-06-03,SKU-LIG-160,237,0,7,198
2024-06-03,SKU-SMA-161,720,0,21,288
2024-06-03,SKU-SMA-162,394,0,28,329
2024-06-03,SKU-SMA-163,90,241,21,302
2024-06-03,SKU-SMA-164,1408,0,28,352
2024-06-03,SKU-SMA-165,258,0,14,215
2024-06-03,SKU-SMA-166,215,0,7,86
2024-06-03,SKU-SMA-167,102,116,14,146
2024-06-03,SKU-SMA-168,58,156,7,196
2024-06-03,SKU-SMA-169,195,520,28,651
2024-06-03,SKU-SMA-170,120,321,14,402
2024-06-03,SKU-SMA-171,522,0,14,435
2024-06-03,SKU-SMA-172,123,328,21,410
2024-06-03,SKU-SMA-173,352,0,7,141
2024-06-03,SKU-SMA-174,159,182,14,228
2024-06-03,SKU-SMA-175,78,208,14,261
2024-06-03,SKU-SMA-176,65,173,14,217
2024-06-03,SKU-SMA-177,1152,0,21,461
2024-06-03,SKU-SMA-178,682,0,14,273
2024-06-03,SKU-SMA-179,652,0,7,163
2024-06-03,SKU-SMA-180,508,0,14,424
2024-06-03,SKU-SMA-181,111,297,14,372
2024-06-03,SKU-SMA-182,1312,0,14,328
2024-06-03,SKU-SMA-183,672,0,28,269
2024-06-03,SKU-SMA-184,760,0,21,304
2024-06-03,SKU-SMA-185,493,564,28,705
2024-06-03,SKU-SMA-186,249,664,28,830
2024-06-03,SKU-SMA-187,193,0,7,161
2024-06-03,SKU-SMA-188,158,0,14,132
2024-06-03,SKU-SMA-189,1528,0,14,382
2024-06-03,SKU-SMA-190,140,160,7,200
2024-06-03,SKU-SMA-191,190,0,7,159
2024-06-03,SKU-SMA-192,3056,0,28,764
2024-06-03,SKU-SMA-193,27,73,7,92
2024-06-03,SKU-SMA-194,1125,0,21,450
2024-06-03,SKU-SMA-195,95,109,7,137
2024-06-03,SKU-SMA-196,547,0,14,219
2024-06-03,SKU-SMA-197,1150,0,14,460
2024-06-03,SKU-SMA-198,81,217,14,272
2024-06-03,SKU-SMA-199,59,159,7,199
2024-06-03,SKU-SMA-200,473,541,21,677
2024-06-10,SKU-BED-001,2696,0,21,674
2024-06-10,SKU-BED-002,165,440,21,551
2024-06-10,SKU-BED-003,174,464,21,581
2024-06-10,SKU-BED-004,724,0,14,181
2024-06-10,SKU-BED-005,161,184,14,230
2024-06-10,SKU-BED-006,640,0,7,160
2024-06-10,SKU-BED-007,262,0,7,219
2024-06-10,SKU-BED-008,446,510,28,638
2024-06-10,SKU-BED-009,2155,0,28,862
2024-06-10,SKU-BED-010,1260,0,28,504
2024-06-10,SKU-BED-011,309,353,14,442
2024-06-10,SKU-BED-012,28,76,7,96
2024-06-10,SKU-BED-013,2596,0,28,649
2024-06-10,SKU-BED-014,141,161,7,202
2024-06-10,SKU-BED-015,257,0,7,103
2024-06-10,SKU-BED-016,864,0,28,720
2024-06-10,SKU-BED-017,317,363,28,454
2024-06-10,SKU-BED-018,213,568,28,711
2024-06-10,SKU-BED-019,475,0,14,396
2024-06-10,SKU-BED-020,413,472,21,590
2024-06-10,SKU-BED-021,395,0,7,158
2024-06-10,SKU-BED-022,334,0,28,279
2024-06-10,SKU-BED-023,608,0,7,152
2024-06-10,SKU-BED-024,2784,0,28,696
2024-06-10,SKU-BED-025,44,119,14,149
2024-06-10,SKU-BED-026,411,0,14,343
2024-06-10,SKU-BED-027,312,0,28,260
2024-06-10,SKU-BED-028,320,0,14,267
2024-06-10,SKU-BED-029,174,464,28,581
2024-06-10,SKU-BED-030,162,0,7,135
2024-06-10,SKU-BED-031,988,0,14,247
2024-06-10,SKU-BED-032,63,169,7,212
2024-06-10,SKU-BED-033,1400,0,28,560
2024-06-10,SKU-BED-034,319,0,21,266
2024-06-10,SKU-BED-035,55,148,14,185
2024-06-10,SKU-BED-036,90,240,14,301
2024-06-10,SKU-BED-037,1290,0,21,516
2024-06-10,SKU-BED-038,232,265,14,332
2024-06-10,SKU-BED-039,456,521,21,652
2024-06-10,SKU-BED-040,135,154,7,193
2024-06-10,SKU-FUR-041,394,451,28,564
2024-06-10,SKU-FUR-042,2420,0,21,605
2024-06-10,SKU-FUR-043,194,0,7,162
2024-06-10,SKU-FUR-044,140,0,7,117
2024-06-10,SKU-FUR-045,260,0,7,104
2024-06-10,SKU-FUR-046,2640,0,21,660
2024-06-10,SKU-FUR-047,262,0,14,219
2024-06-10,SKU-FUR-048,165,0,7,138
2024-06-10,SKU-FUR-049,756,0,7,189
2024-06-10,SKU-FUR-050,142,380,21,476
2024-06-10,SKU-FUR-051,2100,0,21,525
2024-06-10,SKU-FUR-052,83,95,7,119
2024-06-10,SKU-FUR-053,43,116,7,146
2024-06-10,SKU-FUR-054,141,376,28,470
2024-06-10,SKU-FUR-055,1736,0,21,434
2024-06-10,SKU-FUR-056,1468,0,21,367
2024-06-10,SKU-FUR-057,848,0,14,212
2024-06-10,SKU-FUR-058,876,0,14,219
2024-06-10,SKU-FUR-059,195,521,28,652
2024-06-10,SKU-FUR-060,2107,0,28,843
2024-06-10,SKU-FUR-061,437,500,28,625
2024-06-10,SKU-FUR-062,179,479,28,599
2024-06-10,SKU-FUR-063,342,0,21,285
2024-06-10,SKU-FUR-064,30,82,7,103
2024-06-10,SKU-FUR-065,157,420,28,525
2024-06-10,SKU-FUR-066,46,124,7,156
2024-06-10,SKU-FUR-067,123,330,28,413
2024-06-10,SKU-FUR-068,299,342,21,428
2024-06-10,SKU-FUR-069,1825,0,28,730
2024-06-10,SKU-FUR-070,690,0,14,276
2024-06-10,SKU-FUR-071,1052,0,28,263
2024-06-10,SKU-FUR-072,448,0,7,112
2024-06-10,SKU-FUR-073,325,0,7,130
2024-06-10,SKU-FUR-074,828,0,14,207
2024-06-10,SKU-FUR-075,435,0,7,174
2024-06-10,SKU-FUR-076,37,99,7,124
2024-06-10,SKU-FUR-077,46,124,7,155
2024-06-10,SKU-FUR-078,905,0,21,362
2024-06-10,SKU-FUR-079,138,368,14,460
2024-06-10,SKU-FUR-080,1240,0,14,310
2024-06-10,SKU-DEC-081,292,0,14,244
2024-06-10,SKU-DEC-082,166,0,7,139
2024-06-10,SKU-DEC-083,411,0,21,343
2024-06-10,SKU-DEC-084,1624,0,28,406
2024-06-10,SKU-DEC-085,1472,0,14,368
2024-06-10,SKU-DEC-086,162,185,14,232
2024-06-10,SKU-DEC-087,467,0,7,187
2024-06-10,SKU-DEC-088,133,356,14,445
2024-06-10,SKU-DEC-089,124,142,7,178
2024-06-10,SKU-DEC-090,85,228,21,285
2024-06-10,SKU-DEC-091,448,0,14,374
2024-06-10,SKU-DEC-092,76,87,7,109
2024-06-10,SKU-DEC-093,340,388,21,486
2024-06-10,SKU-DEC-094,914,0,28,762
2024-06-10,SKU-DEC-095,195,0,7,163
2024-06-10,SKU-DEC-096,546,0,14,455
2024-06-10,SKU-DEC-097,121,324,14,405
2024-06-10,SKU-DEC-098,448,0,7,112
2024-06-10,SKU-DEC-099,147,0,7,123
2024-06-10,SKU-DEC-100,33,90,7,113
2024-06-10,SKU-DEC-101,724,0,7,181
2024-06-10,SKU-DEC-102,404,0,28,337
2024-06-10,SKU-DEC-103,197,225,28,282
2024-06-10,SKU-DEC-104,576,0,14,144
2024-06-10,SKU-DEC-105,156,179,14,224
2024-06-10,SKU-DEC-106,265,708,28,886
2024-06-10,SKU-DEC-107,1360,0,14,340
2024-06-10,SKU-DEC-108,756,0,7,189
2024-06-10,SKU-DEC-109,640,0,14,160
2024-06-10,SKU-DEC-110,91,104,14,130
2024-06-10,SKU-DEC-111,830,0,21,332
2024-06-10,SKU-DEC-112,200,228,14,286
2024-06-10,SKU-DEC-113,72,192,14,240
2024-06-10,SKU-DEC-114,1080,0,28,900
2024-06-10,SKU-DEC-115,126,336,28,421
2024-06-10,SKU-DEC-116,517,0,7,207
2024-06-10,SKU-DEC-117,98,0,7,82
2024-06-10,SKU-DEC-118,737,0,28,295
2024-06-10,SKU-DEC-119,87,232,14,291
2024-06-10,SKU-DEC-120,47,127,7,159
2024-06-10,SKU-LIG-121,1782,0,28,713
2024-06-10,SKU-LIG-122,211,0,14,176
2024-06-10,SKU-LIG-123,3188,0,28,797
2024-06-10,SKU-LIG-124,1066,0,28,889
2024-06-10,SKU-LIG-125,277,0,21,231
2024-06-10,SKU-LIG-126,1672,0,28,418
2024-06-10,SKU-LIG-127,329,376,21,470
2024-06-10,SKU-LIG-128,995,0,21,398
2024-06-10,SKU-LIG-129,195,521,28,652
2024-06-10,SKU-LIG-130,2000,0,21,500
2024-06-10,SKU-LIG-131,482,0,7,193
2024-06-10,SKU-LIG-132,266,304,21,380
2024-06-10,SKU-LIG-133,537,0,7,215
2024-06-10,SKU-LIG-134,280,0,7,112
2024-06-10,SKU-LIG-135,194,517,28,647
2024-06-10,SKU-LIG-136,121,324,21,405
2024-06-10,SKU-LIG-137,332,380,21,475
2024-06-10,SKU-LIG-138,1168,0,28,292
2024-06-10,SKU-LIG-139,67,179,7,224
2024-06-10,SKU-LIG-140,381,0,28,318
2024-06-10,SKU-LIG-141,1528,0,14,382
2024-06-10,SKU-LIG-142,604,0,21,504
2024-06-10,SKU-LIG-143,128,0,7,107
2024-06-10,SKU-LIG-144,183,0,14,153
2024-06-10,SKU-LIG-145,72,82,7,103
2024-06-10,SKU-LIG-146,2488,0,28,622
2024-06-10,SKU-LIG-147,428,0,28,357
2024-06-10,SKU-LIG-148,315,0,14,263
2024-06-10,SKU-LIG-149,500,572,28,715
2024-06-10,SKU-LIG-150,1132,0,14,283
2024-06-10,SKU-LIG-151,40,108,14,136
2024-06-10,SKU-LIG-152,77,88,7,111
2024-06-10,SKU-LIG-153,275,0,7,110
2024-06-10,SKU-LIG-154,746,0,21,622
2024-06-10,SKU-LIG-155,51,59,7,74
2024-06-10,SKU-LIG-156,122,326,28,408
2024-06-10,SKU-LIG-157,128,0,7,107
2024-06-10,SKU-LIG-158,136,156,7,195
2024-06-10,SKU-LIG-159,453,518,28,648
2024-06-10,SKU-LIG-160,554,633,28,792
2024-06-10,SKU-SMA-161,460,0,28,384
2024-06-10,SKU-SMA-162,295,0,21,246
2024-06-10,SKU-SMA-163,1208,0,21,302
2024-06-10,SKU-SMA-164,1056,0,21,264
2024-06-10,SKU-SMA-165,129,344,28,430
2024-06-10,SKU-SMA-166,692,0,14,173
2024-06-10,SKU-SMA-167,51,58,7,73
2024-06-10,SKU-SMA-168,784,0,7,196
2024-06-10,SKU-SMA-169,781,0,28,651
2024-06-10,SKU-SMA-170,482,0,14,402
2024-06-10,SKU-SMA-171,151,173,7,217
2024-06-10,SKU-SMA-172,682,0,14,273
2024-06-10,SKU-SMA-173,98,112,7,141
2024-06-10,SKU-SMA-174,410,0,21,342
2024-06-10,SKU-SMA-175,1564,0,21,391
2024-06-10,SKU-SMA-176,65,173,14,217
2024-06-10,SKU-SMA-177,138,368,21,461
2024-06-10,SKU-SMA-178,122,327,21,409
2024-06-10,SKU-SMA-179,1632,0,28,653
2024-06-10,SKU-SMA-180,191,509,21,637
2024-06-10,SKU-SMA-181,1862,0,28,745
2024-06-10,SKU-SMA-182,114,131,7,164
2024-06-10,SKU-SMA-183,505,0,21,202
2024-06-10,SKU-SMA-184,486,0,28,405
2024-06-10,SKU-SMA-185,52,140,7,176
2024-06-10,SKU-SMA-186,62,165,7,207
2024-06-10,SKU-SMA-187,1210,0,21,484
2024-06-10,SKU-SMA-188,330,0,14,132
2024-06-10,SKU-SMA-189,1528,0,14,382
2024-06-10,SKU-SMA-190,2007,0,28,803
2024-06-10,SKU-SMA-191,1597,0,28,639
2024-06-10,SKU-SMA-192,2292,0,21,573
2024-06-10,SKU-SMA-193,55,147,14,184
2024-06-10,SKU-SMA-194,135,360,21,450
2024-06-10,SKU-SMA-195,191,219,14,274
2024-06-10,SKU-SMA-196,130,0,7,109
2024-06-10,SKU-SMA-197,644,736,28,921
2024-06-10,SKU-SMA-198,1088,0,14,272
2024-06-10,SKU-SMA-199,796,0,7,199
2024-06-10,SKU-SMA-200,1127,0,14,451
2024-06-17,SKU-BED-001,314,359,14,449
2024-06-17,SKU-BED-002,661,0,21,551
2024-06-17,SKU-BED-003,3096,0,28,774
2024-06-17,SKU-BED-004,1084,0,21,271
2024-06-17,SKU-BED-005,575,0,14,230
2024-06-17,SKU-BED-006,1280,0,14,320
2024-06-17,SKU-BED-007,547,0,7,219
2024-06-17,SKU-BED-008,47,127,7,159
2024-06-17,SKU-BED-009,2584,0,21,646
2024-06-17,SKU-BED-010,88,100,7,126
2024-06-17,SKU-BED-011,1768,0,14,442
2024-06-17,SKU-BED-012,201,230,21,288
2024-06-17,SKU-BED-013,454,519,28,649
2024-06-17,SKU-BED-014,243,648,28,810
2024-06-17,SKU-BED-015,1037,0,28,415
2024-06-17,SKU-BED-016,1350,0,21,540
2024-06-17,SKU-BED-017,1816,0,28,454
2024-06-17,SKU-BED-018,1332,0,21,533
2024-06-17,SKU-BED-019,237,0,7,198
2024-06-17,SKU-BED-020,490,0,7,196
2024-06-17,SKU-BED-021,2528,0,28,632
2024-06-17,SKU-BED-022,172,0,7,69
2024-06-17,SKU-BED-023,45,121,7,152
2024-06-17,SKU-BED-024,1305,0,21,522
2024-06-17,SKU-BED-025,185,0,7,74
2024-06-17,SKU-BED-026,360,412,21,515
2024-06-17,SKU-BED-027,19,52,7,65
2024-06-17,SKU-BED-028,373,427,28,534
2024-06-17,SKU-BED-029,523,0,21,436
2024-06-17,SKU-BED-030,40,108,7,135
2024-06-17,SKU-BED-031,492,0,7,123
2024-06-17,SKU-BED-032,446,510,21,638
2024-06-17,SKU-BED-033,2240,0,28,560
2024-06-17,SKU-BED-034,708,0,14,177
2024-06-17,SKU-BED-035,193,221,21,277
2024-06-17,SKU-BED-036,2408,0,28,602
2024-06-17,SKU-BED-037,361,412,21,516
2024-06-17,SKU-BED-038,465,532,28,665
2024-06-17,SKU-BED-039,65,173,7,217
2024-06-17,SKU-BED-040,57,154,7,193
2024-06-17,SKU-FUR-041,507,0,21,423
2024-06-17,SKU-FUR-042,241,644,28,806
2024-06-17,SKU-FUR-043,48,129,7,162
2024-06-17,SKU-FUR-044,327,374,28,468
2024-06-17,SKU-FUR-045,62,166,14,208
2024-06-17,SKU-FUR-046,1056,0,28,880
2024-06-17,SKU-FUR-047,153,175,14,219
2024-06-17,SKU-FUR-048,499,0,21,416
2024-06-17,SKU-FUR-049,1512,0,14,378
2024-06-17,SKU-FUR-050,1190,0,21,476
2024-06-17,SKU-FUR-051,875,0,14,350
2024-06-17,SKU-FUR-052,956,0,14,239
2024-06-17,SKU-FUR-053,365,0,7,146
2024-06-17,SKU-FUR-054,105,281,21,352
2024-06-17,SKU-FUR-055,130,347,21,434
2024-06-17,SKU-FUR-056,171,196,14,245
2024-06-17,SKU-FUR-057,1062,0,28,425
2024-06-17,SKU-FUR-058,272,0,7,109
2024-06-17,SKU-FUR-059,195,0,7,163
2024-06-17,SKU-FUR-060,189,505,21,632
2024-06-17,SKU-FUR-061,1562,0,28,625
2024-06-17,SKU-FUR-062,419,479,28,599
2024-06-17,SKU-FUR-063,266,304,28,380
2024-06-17,SKU-FUR-064,289,331,28,414
2024-06-17,SKU-FUR-065,524,0,7,131
2024-06-17,SKU-FUR-066,1562,0,28,625
2024-06-17,SKU-FUR-067,412,0,7,103
2024-06-17,SKU-FUR-068,1070,0,21,428
2024-06-17,SKU-FUR-069,164,437,21,547
2024-06-17,SKU-FUR-070,1035,0,21,414
2024-06-17,SKU-FUR-071,788,0,21,197
2024-06-17,SKU-FUR-072,314,359,28,449
2024-06-17,SKU-FUR-073,652,0,14,261
2024-06-17,SKU-FUR-074,828,0,14,207
2024-06-17,SKU-FUR-075,52,139,7,174
2024-06-17,SKU-FUR-076,298,0,14,249
2024-06-17,SKU-FUR-077,46,124,7,155
2024-06-17,SKU-FUR-078,1932,0,28,483
2024-06-17,SKU-FUR-079,138,368,14,460
2024-06-17,SKU-FUR-080,186,496,28,621
2024-06-17,SKU-DEC-081,585,0,28,488
2024-06-17,SKU-DEC-082,667,0,28,556
2024-06-17,SKU-DEC-083,102,274,21,343
2024-06-17,SKU-DEC-084,91,244,21,305
2024-06-17,SKU-DEC-085,736,0,7,184
2024-06-17,SKU-DEC-086,139,0,7,116
2024-06-17,SKU-DEC-087,901,0,28,751
2024-06-17,SKU-DEC-088,66,177,7,222
2024-06-17,SKU-DEC-089,892,0,14,357
2024-06-17,SKU-DEC-090,133,152,14,190
2024-06-17,SKU-DEC-091,448,0,14,374
2024-06-17,SKU-DEC-092,1092,0,28,437
2024-06-17,SKU-DEC-093,777,0,28,648
2024-06-17,SKU-DEC-094,475,0,7,190
2024-06-17,SKU-DEC-095,457,522,28,653
2024-06-17,SKU-DEC-096,819,0,21,683
2024-06-17,SKU-DEC-097,729,0,21,608
2024-06-17,SKU-DEC-098,900,0,14,225
2024-06-17,SKU-DEC-099,111,296,21,370
2024-06-17,SKU-DEC-100,546,0,28,455
2024-06-17,SKU-DEC-101,163,436,21,545
2024-06-17,SKU-DEC-102,75,201,21,252
2024-06-17,SKU-DEC-103,84,0,7,70
2024-06-17,SKU-DEC-104,288,0,7,72
2024-06-17,SKU-DEC-105,560,0,14,224
2024-06-17,SKU-DEC-106,2656,0,21,664
2024-06-17,SKU-DEC-107,680,0,7,170
2024-06-17,SKU-DEC-108,397,454,21,568
2024-06-17,SKU-DEC-109,600,0,21,240
2024-06-17,SKU-DEC-110,78,0,7,65
2024-06-17,SKU-DEC-111,99,265,21,332
2024-06-17,SKU-DEC-112,1144,0,14,286
2024-06-17,SKU-DEC-113,144,0,7,120
2024-06-17,SKU-DEC-114,2700,0,21,675
2024-06-17,SKU-DEC-115,126,336,28,421
2024-06-17,SKU-DEC-116,436,498,21,623
2024-06-17,SKU-DEC-117,114,131,14,164
2024-06-17,SKU-DEC-118,206,236,28,295
2024-06-17,SKU-DEC-119,101,116,7,145
2024-06-17,SKU-DEC-120,2556,0,28,639
2024-06-17,SKU-LIG-121,249,284,14,356
2024-06-17,SKU-LIG-122,352,0,7,88
2024-06-17,SKU-LIG-123,796,0,7,199
2024-06-17,SKU-LIG-124,310,355,14,444
2024-06-17,SKU-LIG-125,370,0,28,309
2024-06-17,SKU-LIG-126,72,83,7,104
2024-06-17,SKU-LIG-127,782,0,14,313
2024-06-17,SKU-LIG-128,637,0,28,531
2024-06-17,SKU-LIG-129,97,260,14,326
2024-06-17,SKU-LIG-130,2000,0,21,500
2024-06-17,SKU-LIG-131,463,0,14,386
2024-06-17,SKU-LIG-132,177,202,14,253
2024-06-17,SKU-LIG-133,1724,0,14,431
2024-06-17,SKU-LIG-134,33,89,7,112
2024-06-17,SKU-LIG-135,1940,0,21,485
2024-06-17,SKU-LIG-136,81,216,14,270
2024-06-17,SKU-LIG-137,190,507,28,634
2024-06-17,SKU-LIG-138,21,58,7,73
2024-06-17,SKU-LIG-139,268,0,7,224
2024-06-17,SKU-LIG-140,167,191,21,239
2024-06-17,SKU-LIG-141,916,0,28,764
2024-06-17,SKU-LIG-142,1344,0,14,336
2024-06-17,SKU-LIG-143,225,257,21,322
2024-06-17,SKU-LIG-144,367,0,28,306
2024-06-17,SKU-LIG-145,92,247,21,309
2024-06-17,SKU-LIG-146,373,0,14,311
2024-06-17,SKU-LIG-147,249,285,28,357
2024-06-17,SKU-LIG-148,39,104,7,131
2024-06-17,SKU-LIG-149,213,0,7,178
2024-06-17,SKU-LIG-150,127,340,21,425
2024-06-17,SKU-LIG-151,143,164,21,205
2024-06-17,SKU-LIG-152,233,267,21,334
2024-06-17,SKU-LIG-153,308,352,28,441
2024-06-17,SKU-LIG-154,517,0,7,207
2024-06-17,SKU-LIG-155,1196,0,28,299
2024-06-17,SKU-LIG-156,367,0,21,306
2024-06-17,SKU-LIG-157,428,0,7,107
2024-06-17,SKU-LIG-158,176,469,21,587
2024-06-17,SKU-LIG-159,226,259,14,324
2024-06-17,SKU-LIG-160,2376,0,21,594
2024-06-17,SKU-SMA-161,115,0,7,96
2024-06-17,SKU-SMA-162,410,0,14,164
2024-06-17,SKU-SMA-163,241,0,14,201
2024-06-17,SKU-SMA-164,1056,0,21,264
2024-06-17,SKU-SMA-165,1720,0,28,430
2024-06-17,SKU-SMA-166,650,0,21,260
2024-06-17,SKU-SMA-167,175,0,14,146
2024-06-17,SKU-SMA-168,1470,0,21,588
2024-06-17,SKU-SMA-169,1952,0,21,488
2024-06-17,SKU-SMA-170,181,483,21,604
2024-06-17,SKU-SMA-171,261,696,28,871
2024-06-17,SKU-SMA-172,191,218,14,273
2024-06-17,SKU-SMA-173,1700,0,21,425
2024-06-17,SKU-SMA-174,1140,0,28,456
2024-06-17,SKU-SMA-175,91,104,7,130
2024-06-17,SKU-SMA-176,391,0,21,326
2024-06-17,SKU-SMA-177,2456,0,28,614
2024-06-17,SKU-SMA-178,1365,0,28,546
2024-06-17,SKU-SMA-179,195,0,7,163
2024-06-17,SKU-SMA-180,1018,0,28,849
2024-06-17,SKU-SMA-181,111,297,14,372
2024-06-17,SKU-SMA-182,2628,0,28,657
2024-06-17,SKU-SMA-183,93,107,14,134
2024-06-17,SKU-SMA-184,252,0,7,101
2024-06-17,SKU-SMA-185,105,281,14,352
2024-06-17,SKU-SMA-186,249,664,28,830
2024-06-17,SKU-SMA-187,338,387,21,484
2024-06-17,SKU-SMA-188,46,52,7,66
2024-06-17,SKU-SMA-189,57,152,7,191
2024-06-17,SKU-SMA-190,2007,0,28,803
2024-06-17,SKU-SMA-191,797,0,14,319
2024-06-17,SKU-SMA-192,1528,0,14,382
2024-06-17,SKU-SMA-193,922,0,28,369
2024-06-17,SKU-SMA-194,210,240,14,300
2024-06-17,SKU-SMA-195,287,328,21,411
2024-06-17,SKU-SMA-196,306,350,28,438
2024-06-17,SKU-SMA-197,1150,0,14,460
2024-06-17,SKU-SMA-198,81,217,14,272
2024-06-17,SKU-SMA-199,2396,0,21,599
2024-06-17,SKU-SMA-200,1692,0,21,677
2024-06-24,SKU-BED-001,629,719,28,899
2024-06-24,SKU-BED-002,440,0,14,367
2024-06-24,SKU-BED-003,3096,0,28,774
2024-06-24,SKU-BED-004,54,144,14,181
2024-06-24,SKU-BED-005,287,0,7,115
2024-06-24,SKU-BED-006,768,0,28,640
2024-06-24,SKU-BED-007,1752,0,14,438
2024-06-24,SKU-BED-008,143,383,21,479
2024-06-24,SKU-BED-009,258,689,28,862
2024-06-24,SKU-BED-010,630,0,14,252
2024-06-24,SKU-BED-011,265,707,28,884
2024-06-24,SKU-BED-012,86,230,21,288
2024-06-24,SKU-BED-013,1296,0,14,324
2024-06-24,SKU-BED-014,3240,0,28,810
2024-06-24,SKU-BED-015,412,0,7,103
2024-06-24,SKU-BED-016,503,576,28,720
2024-06-24,SKU-BED-017,135,0,7,113
2024-06-24,SKU-BED-018,373,426,21,533
2024-06-24,SKU-BED-019,2376,0,21,594
2024-06-24,SKU-BED-020,490,0,7,196
2024-06-24,SKU-BED-021,331,379,21,474
2024-06-24,SKU-BED-022,334,0,28,279
2024-06-24,SKU-BED-023,1220,0,14,305
2024-06-24,SKU-BED-024,243,278,14,348
2024-06-24,SKU-BED-025,51,59,7,74
2024-06-24,SKU-BED-026,2748,0,28,687
2024-06-24,SKU-BED-027,260,0,7,65
2024-06-24,SKU-BED-028,160,427,28,534
2024-06-24,SKU-BED-029,362,0,7,145
2024-06-24,SKU-BED-030,284,325,21,407
2024-06-24,SKU-BED-031,346,396,28,495
2024-06-24,SKU-BED-032,127,340,14,425
2024-06-24,SKU-BED-033,1680,0,21,420
2024-06-24,SKU-BED-034,79,212,21,266
2024-06-24,SKU-BED-035,55,148,14,185
2024-06-24,SKU-BED-036,722,0,28,602
2024-06-24,SKU-BED-037,482,551,28,689
2024-06-24,SKU-BED-038,349,399,21,499
2024-06-24,SKU-BED-039,2172,0,28,869
2024-06-24,SKU-BED-040,772,0,7,193
2024-06-24,SKU-FUR-041,197,225,14,282
2024-06-24,SKU-FUR-042,1512,0,21,605
2024-06-24,SKU-FUR-043,454,520,28,650
2024-06-24,SKU-FUR-044,877,0,21,351
2024-06-24,SKU-FUR-045,93,249,21,312
2024-06-24,SKU-FUR-046,308,352,14,440
2024-06-24,SKU-FUR-047,547,0,14,219
2024-06-24,SKU-FUR-048,387,443,28,554
2024-06-24,SKU-FUR-049,907,0,28,756
2024-06-24,SKU-FUR-050,380,0,14,317
2024-06-24,SKU-FUR-051,1400,0,14,350
2024-06-24,SKU-FUR-052,1195,0,28,478
2024-06-24,SKU-FUR-053,1752,0,21,438
2024-06-24,SKU-FUR-054,1175,0,28,470
2024-06-24,SKU-FUR-055,722,0,14,289
2024-06-24,SKU-FUR-056,147,392,28,490
2024-06-24,SKU-FUR-057,1276,0,21,319
2024-06-24,SKU-FUR-058,307,351,28,439
2024-06-24,SKU-FUR-059,1630,0,28,652
2024-06-24,SKU-FUR-060,1684,0,14,421
2024-06-24,SKU-FUR-061,2500,0,28,625
2024-06-24,SKU-FUR-062,89,239,14,299
2024-06-24,SKU-FUR-063,760,0,14,190
2024-06-24,SKU-FUR-064,1656,0,28,414
2024-06-24,SKU-FUR-065,655,0,14,262
2024-06-24,SKU-FUR-066,780,0,14,312
2024-06-24,SKU-FUR-067,93,248,21,310
2024-06-24,SKU-FUR-068,42,113,7,142
2024-06-24,SKU-FUR-069,1460,0,14,365
2024-06-24,SKU-FUR-070,165,0,7,138
2024-06-24,SKU-FUR-071,162,0,7,65
2024-06-24,SKU-FUR-072,404,0,21,337
2024-06-24,SKU-FUR-073,366,418,28,523
2024-06-24,SKU-FUR-074,72,82,7,103
2024-06-24,SKU-FUR-075,1307,0,21,523
2024-06-24,SKU-FUR-076,448,0,21,374
2024-06-24,SKU-FUR-077,1244,0,14,311
2024-06-24,SKU-FUR-078,338,386,28,483
2024-06-24,SKU-FUR-079,1840,0,14,460
2024-06-24,SKU-FUR-080,217,248,14,310
2024-06-24,SKU-DEC-081,292,0,14,244
2024-06-24,SKU-DEC-082,194,222,14,278
2024-06-24,SKU-DEC-083,285,0,7,114
2024-06-24,SKU-DEC-084,404,0,7,101
2024-06-24,SKU-DEC-085,220,0,7,184
2024-06-24,SKU-DEC-086,580,0,14,232
2024-06-24,SKU-DEC-087,1877,0,28,751
2024-06-24,SKU-DEC-088,133,356,14,445
2024-06-24,SKU-DEC-089,53,142,7,178
2024-06-24,SKU-DEC-090,1140,0,21,285
2024-06-24,SKU-DEC-091,1496,0,14,374
2024-06-24,SKU-DEC-092,229,262,21,328
2024-06-24,SKU-DEC-093,97,259,14,324
2024-06-24,SKU-DEC-094,760,0,7,190
2024-06-24,SKU-DEC-095,1304,0,14,326
2024-06-24,SKU-DEC-096,908,0,7,227
2024-06-24,SKU-DEC-097,2027,0,28,811
2024-06-24,SKU-DEC-098,280,0,7,112
2024-06-24,SKU-DEC-099,86,98,7,123
2024-06-24,SKU-DEC-100,546,0,28,455
2024-06-24,SKU-DEC-101,435,0,14,363
2024-06-24,SKU-DEC-102,336,0,7,84
2024-06-24,SKU-DEC-103,42,112,14,141
2024-06-24,SKU-DEC-104,1152,0,28,288
2024-06-24,SKU-DEC-105,280,0,7,112
2024-06-24,SKU-DEC-106,2656,0,21,664
2024-06-24,SKU-DEC-107,357,408,21,510
2024-06-24,SKU-DEC-108,170,454,21,568
2024-06-24,SKU-DEC-109,200,0,7,80
2024-06-24,SKU-DEC-110,78,0,7,65
2024-06-24,SKU-DEC-111,1107,0,28,443
2024-06-24,SKU-DEC-112,687,0,28,573
2024-06-24,SKU-DEC-113,1200,0,28,480
2024-06-24,SKU-DEC-114,1125,0,14,450
2024-06-24,SKU-DEC-115,221,252,21,316
2024-06-24,SKU-DEC-116,517,0,7,207
2024-06-24,SKU-DEC-117,820,0,28,328
2024-06-24,SKU-DEC-118,552,0,21,221
2024-06-24,SKU-DEC-119,203,232,14,291
2024-06-24,SKU-DEC-120,447,511,28,639
2024-06-24,SKU-LIG-121,640,0,21,534
2024-06-24,SKU-LIG-122,105,282,28,353
2024-06-24,SKU-LIG-123,477,0,14,398
2024-06-24,SKU-LIG-124,1776,0,14,444
2024-06-24,SKU-LIG-125,924,0,21,231
2024-06-24,SKU-LIG-126,124,0,7,104
2024-06-24,SKU-LIG-127,390,0,7,156
2024-06-24,SKU-LIG-128,330,0,7,132
2024-06-24,SKU-LIG-129,1304,0,14,326
2024-06-24,SKU-LIG-130,800,0,28,667
2024-06-24,SKU-LIG-131,3092,0,28,773
2024-06-24,SKU-LIG-132,303,0,14,253
2024-06-24,SKU-LIG-133,150,172,7,215
2024-06-24,SKU-LIG-134,78,89,7,112
2024-06-24,SKU-LIG-135,387,0,14,323
2024-06-24,SKU-LIG-136,162,0,7,135
2024-06-24,SKU-LIG-137,570,0,21,475
2024-06-24,SKU-LIG-138,876,0,21,219
2024-06-24,SKU-LIG-139,156,179,7,224
2024-06-24,SKU-LIG-140,222,254,28,318
2024-06-24,SKU-LIG-141,458,0,14,382
2024-06-24,SKU-LIG-142,100,268,14,336
2024-06-24,SKU-LIG-143,225,257,21,322
2024-06-24,SKU-LIG-144,53,60,7,76
2024-06-24,SKU-LIG-145,123,330,28,413
2024-06-24,SKU-LIG-146,1868,0,21,467
2024-06-24,SKU-LIG-147,106,0,7,89
2024-06-24,SKU-LIG-148,631,0,28,526
2024-06-24,SKU-LIG-149,2144,0,21,536
2024-06-24,SKU-LIG-150,42,112,7,141
2024-06-24,SKU-LIG-151,820,0,21,205
2024-06-24,SKU-LIG-152,1336,0,21,334
2024-06-24,SKU-LIG-153,99,264,21,331
2024-06-24,SKU-LIG-154,289,331,14,414
2024-06-24,SKU-LIG-155,268,0,21,224
2024-06-24,SKU-LIG-156,1224,0,21,306
2024-06-24,SKU-LIG-157,300,343,28,429
2024-06-24,SKU-LIG-158,273,312,14,391
2024-06-24,SKU-LIG-159,194,518,28,648
2024-06-24,SKU-LIG-160,415,475,21,594
2024-06-24,SKU-SMA-161,268,307,28,384
2024-06-24,SKU-SMA-162,295,0,21,246
2024-06-24,SKU-SMA-163,1612,0,28,403
2024-06-24,SKU-SMA-164,880,0,28,352
2024-06-24,SKU-SMA-165,128,0,7,107
2024-06-24,SKU-SMA-166,215,0,7,86
2024-06-24,SKU-SMA-167,547,0,21,219
2024-06-24,SKU-SMA-168,1470,0,21,588
2024-06-24,SKU-SMA-169,390,0,14,325
2024-06-24,SKU-SMA-170,563,644,28,805
2024-06-24,SKU-SMA-171,261,696,28,871
2024-06-24,SKU-SMA-172,544,0,7,136
2024-06-24,SKU-SMA-173,84,226,14,283
2024-06-24,SKU-SMA-174,319,364,28,456
2024-06-24,SKU-SMA-175,652,0,14,261
2024-06-24,SKU-SMA-176,75,86,7,108
2024-06-24,SKU-SMA-177,612,0,7,153
2024-06-24,SKU-SMA-178,682,0,14,273
2024-06-24,SKU-SMA-179,457,522,28,653
2024-06-24,SKU-SMA-180,3396,0,28,849
2024-06-24,SKU-SMA-181,2236,0,21,559
2024-06-24,SKU-SMA-182,196,0,7,164
2024-06-24,SKU-SMA-183,505,0,21,202
2024-06-24,SKU-SMA-184,1620,0,28,405
2024-06-24,SKU-SMA-185,880,0,14,352
2024-06-24,SKU-SMA-186,1555,0,21,622
2024-06-24,SKU-SMA-187,775,0,28,646
2024-06-24,SKU-SMA-188,92,105,14,132
2024-06-24,SKU-SMA-189,229,0,7,191
2024-06-24,SKU-SMA-190,240,642,28,803
2024-06-24,SKU-SMA-191,191,511,28,639
2024-06-24,SKU-SMA-192,687,0,21,573
2024-06-24,SKU-SMA-193,128,147,14,184
2024-06-24,SKU-SMA-194,105,120,7,150
2024-06-24,SKU-SMA-195,164,439,28,549
2024-06-24,SKU-SMA-196,153,175,14,219
2024-06-24,SKU-SMA-197,3684,0,28,921
2024-06-24,SKU-SMA-198,190,217,14,272
2024-06-24,SKU-SMA-199,3196,0,28,799
2024-06-24,SKU-SMA-200,157,180,7,225
2024-07-01,SKU-BED-001,2247,0,28,899
2024-07-01,SKU-BED-002,220,587,28,734
2024-07-01,SKU-BED-003,57,154,7,193
2024-07-01,SKU-BED-004,27,72,7,90
2024-07-01,SKU-BED-005,414,0,21,345
2024-07-01,SKU-BED-006,576,0,21,480
2024-07-01,SKU-BED-007,1642,0,21,657
2024-07-01,SKU-BED-008,95,255,14,319
2024-07-01,SKU-BED-009,517,0,14,431
2024-07-01,SKU-BED-010,151,403,28,504
2024-07-01,SKU-BED-011,1105,0,14,442
2024-07-01,SKU-BED-012,1540,0,28,385
2024-07-01,SKU-BED-013,48,129,7,162
2024-07-01,SKU-BED-014,121,324,14,405
2024-07-01,SKU-BED-015,124,332,28,415
2024-07-01,SKU-BED-016,1800,0,28,720
2024-07-01,SKU-BED-017,850,0,21,340
2024-07-01,SKU-BED-018,887,0,14,355
2024-07-01,SKU-BED-019,277,316,14,396
2024-07-01,SKU-BED-020,117,314,14,393
2024-07-01,SKU-BED-021,110,126,7,158
2024-07-01,SKU-BED-022,20,55,7,69
2024-07-01,SKU-BED-023,2440,0,28,610
2024-07-01,SKU-BED-024,1740,0,28,696
2024-07-01,SKU-BED-025,104,119,14,149
2024-07-01,SKU-BED-026,240,274,14,343
2024-07-01,SKU-BED-027,19,52,7,65
2024-07-01,SKU-BED-028,640,0,28,534
2024-07-01,SKU-BED-029,174,464,28,581
2024-07-01,SKU-BED-030,122,325,21,407
2024-07-01,SKU-BED-031,927,0,21,371
2024-07-01,SKU-BED-032,255,680,28,851
2024-07-01,SKU-BED-033,294,336,21,420
2024-07-01,SKU-BED-034,220,0,7,88
2024-07-01,SKU-BED-035,129,148,14,185
2024-07-01,SKU-BED-036,90,240,14,301
2024-07-01,SKU-BED-037,482,551,28,689
2024-07-01,SKU-BED-038,1247,0,21,499
2024-07-01,SKU-BED-039,303,347,14,434
2024-07-01,SKU-BED-040,115,308,14,386
2024-07-01,SKU-FUR-041,197,225,14,282
2024-07-01,SKU-FUR-042,241,0,7,201
2024-07-01,SKU-FUR-043,1217,0,21,487
2024-07-01,SKU-FUR-044,105,280,21,351
2024-07-01,SKU-FUR-045,374,0,21,312
2024-07-01,SKU-FUR-046,880,0,7,220
2024-07-01,SKU-FUR-047,272,0,7,109
2024-07-01,SKU-FUR-048,552,0,7,138
2024-07-01,SKU-FUR-049,756,0,7,189
2024-07-01,SKU-FUR-050,380,0,14,317
2024-07-01,SKU-FUR-051,122,140,7,175
2024-07-01,SKU-FUR-052,143,382,28,478
2024-07-01,SKU-FUR-053,204,233,14,292
2024-07-01,SKU-FUR-054,587,0,14,235
2024-07-01,SKU-FUR-055,86,231,14,289
2024-07-01,SKU-FUR-056,171,196,14,245
2024-07-01,SKU-FUR-057,95,255,21,319
2024-07-01,SKU-FUR-058,547,0,14,219
2024-07-01,SKU-FUR-059,114,130,7,163
2024-07-01,SKU-FUR-060,1684,0,14,421
2024-07-01,SKU-FUR-061,46,124,7,156
2024-07-01,SKU-FUR-062,372,0,7,149
2024-07-01,SKU-FUR-063,57,152,14,190
2024-07-01,SKU-FUR-064,517,0,14,207
2024-07-01,SKU-FUR-065,367,420,28,525
2024-07-01,SKU-FUR-066,93,249,14,312
2024-07-01,SKU-FUR-067,372,0,21,310
2024-07-01,SKU-FUR-068,685,0,28,571
2024-07-01,SKU-FUR-069,1367,0,21,547
2024-07-01,SKU-FUR-070,663,0,28,553
2024-07-01,SKU-FUR-071,1052,0,28,263
2024-07-01,SKU-FUR-072,896,0,14,224
2024-07-01,SKU-FUR-073,1307,0,28,523
2024-07-01,SKU-FUR-074,30,82,7,103
2024-07-01,SKU-FUR-075,1396,0,14,349
2024-07-01,SKU-FUR-076,598,0,28,499
2024-07-01,SKU-FUR-077,108,124,7,155
2024-07-01,SKU-FUR-078,964,0,14,241
2024-07-01,SKU-FUR-079,2302,0,28,921
2024-07-01,SKU-FUR-080,387,0,7,155
2024-07-01,SKU-DEC-081,85,97,7,122
2024-07-01,SKU-DEC-082,695,0,14,278
2024-07-01,SKU-DEC-083,34,91,7,114
2024-07-01,SKU-DEC-084,60,162,14,203
2024-07-01,SKU-DEC-085,1380,0,21,552
2024-07-01,SKU-DEC-086,278,0,14,232
2024-07-01,SKU-DEC-087,1407,0,21,563
2024-07-01,SKU-DEC-088,1670,0,21,668
2024-07-01,SKU-DEC-089,500,572,28,715
2024-07-01,SKU-DEC-090,228,0,14,190
2024-07-01,SKU-DEC-091,448,0,14,374
2024-07-01,SKU-DEC-092,1748,0,28,437
2024-07-01,SKU-DEC-093,1944,0,21,486
2024-07-01,SKU-DEC-094,114,304,14,381
2024-07-01,SKU-DEC-095,391,0,14,326
2024-07-01,SKU-DEC-096,1137,0,14,455
2024-07-01,SKU-DEC-097,121,324,14,405
2024-07-01,SKU-DEC-098,157,180,14,225
2024-07-01,SKU-DEC-099,1480,0,21,370
2024-07-01,SKU-DEC-100,1137,0,28,455
2024-07-01,SKU-DEC-101,2180,0,21,545
2024-07-01,SKU-DEC-102,100,0,7,84
2024-07-01,SKU-DEC-103,21,56,7,70
2024-07-01,SKU-DEC-104,43,115,14,144
2024-07-01,SKU-DEC-105,67,179,14,224
2024-07-01,SKU-DEC-106,796,0,21,664
2024-07-01,SKU-DEC-107,204,0,7,170
2024-07-01,SKU-DEC-108,908,0,28,757
2024-07-01,SKU-DEC-109,1280,0,28,320
2024-07-01,SKU-DEC-110,182,208,28,260
2024-07-01,SKU-DEC-111,1328,0,21,332
2024-07-01,SKU-DEC-112,100,114,7,143
2024-07-01,SKU-DEC-113,1440,0,21,360
2024-07-01,SKU-DEC-114,562,0,7,225
2024-07-01,SKU-DEC-115,147,168,14,210
2024-07-01,SKU-DEC-116,2077,0,28,831
2024-07-01,SKU-DEC-117,196,0,14,164
2024-07-01,SKU-DEC-118,21,58,7,73
2024-07-01,SKU-DEC-119,305,348,21,436
2024-07-01,SKU-DEC-120,636,0,7,159
2024-07-01,SKU-LIG-121,106,284,14,356
2024-07-01,SKU-LIG-122,123,140,14,176
2024-07-01,SKU-LIG-123,3188,0,28,797
2024-07-01,SKU-LIG-124,532,0,14,444
2024-07-01,SKU-LIG-125,924,0,21,231
2024-07-01,SKU-LIG-126,501,0,28,418
2024-07-01,SKU-LIG-127,329,376,21,470
2024-07-01,SKU-LIG-128,1060,0,14,265
2024-07-01,SKU-LIG-129,2608,0,28,652
2024-07-01,SKU-LIG-130,399,0,14,333
2024-07-01,SKU-LIG-131,270,308,14,386
2024-07-01,SKU-LIG-132,37,100,7,126
2024-07-01,SKU-LIG-133,452,516,21,646
2024-07-01,SKU-LIG-134,270,0,14,225
2024-07-01,SKU-LIG-135,1212,0,21,485
2024-07-01,SKU-LIG-136,81,216,14,270
2024-07-01,SKU-LIG-137,1187,0,21,475
2024-07-01,SKU-LIG-138,292,0,7,73
2024-07-01,SKU-LIG-139,1680,0,21,672
2024-07-01,SKU-LIG-140,111,127,14,159
2024-07-01,SKU-LIG-141,57,152,7,191
2024-07-01,SKU-LIG-142,840,0,14,336
2024-07-01,SKU-LIG-143,300,343,28,429
2024-07-01,SKU-LIG-144,304,0,7,76
2024-07-01,SKU-LIG-145,289,330,28,413
2024-07-01,SKU-LIG-146,217,248,14,311
2024-07-01,SKU-LIG-147,1068,0,21,267
2024-07-01,SKU-LIG-148,275,315,21,394
2024-07-01,SKU-LIG-149,500,572,28,715
2024-07-01,SKU-LIG-150,707,0,14,283
2024-07-01,SKU-LIG-151,512,0,21,205
2024-07-01,SKU-LIG-152,1112,0,28,445
2024-07-01,SKU-LIG-153,827,0,21,331
2024-07-01,SKU-LIG-154,1656,0,14,414
2024-07-01,SKU-LIG-155,372,0,14,149
2024-07-01,SKU-LIG-156,122,326,28,408
2024-07-01,SKU-LIG-157,149,171,14,214
2024-07-01,SKU-LIG-158,1467,0,21,587
2024-07-01,SKU-LIG-159,1944,0,21,486
2024-07-01,SKU-LIG-160,990,0,14,396
2024-07-01,SKU-SMA-161,720,0,21,288
2024-07-01,SKU-SMA-162,822,0,28,329
2024-07-01,SKU-SMA-163,60,160,14,201
2024-07-01,SKU-SMA-164,211,0,14,176
2024-07-01,SKU-SMA-165,150,172,14,215
2024-07-01,SKU-SMA-166,692,0,14,173
2024-07-01,SKU-SMA-167,87,0,7,73
2024-07-01,SKU-SMA-168,490,0,7,196
2024-07-01,SKU-SMA-169,390,0,14,325
2024-07-01,SKU-SMA-170,2416,0,21,604
2024-07-01,SKU-SMA-171,151,173,7,217
2024-07-01,SKU-SMA-172,327,0,14,273
2024-07-01,SKU-SMA-173,169,0,7,141
2024-07-01,SKU-SMA-174,570,0,14,228
2024-07-01,SKU-SMA-175,91,104,7,130
2024-07-01,SKU-SMA-176,520,0,28,434
2024-07-01,SKU-SMA-177,767,0,14,307
2024-07-01,SKU-SMA-178,122,327,21,409
2024-07-01,SKU-SMA-179,407,0,7,163
2024-07-01,SKU-SMA-180,3396,0,28,849
2024-07-01,SKU-SMA-181,130,148,7,186
2024-07-01,SKU-SMA-182,196,0,7,164
2024-07-01,SKU-SMA-183,268,0,7,67
2024-07-01,SKU-SMA-184,1620,0,28,405
2024-07-01,SKU-SMA-185,246,281,14,352
2024-07-01,SKU-SMA-186,3320,0,28,830
2024-07-01,SKU-SMA-187,48,128,7,161
2024-07-01,SKU-SMA-188,79,212,28,265
2024-07-01,SKU-SMA-189,229,612,28,765
2024-07-01,SKU-SMA-190,481,0,14,401
2024-07-01,SKU-SMA-191,766,0,28,639
2024-07-01,SKU-SMA-192,1432,0,21,573
2024-07-01,SKU-SMA-193,230,0,7,92
2024-07-01,SKU-SMA-194,600,0,7,150
2024-07-01,SKU-SMA-195,123,328,21,411
2024-07-01,SKU-SMA-196,65,175,14,219
2024-07-01,SKU-SMA-197,276,0,7,230
2024-07-01,SKU-SMA-198,380,435,28,544
2024-07-01,SKU-SMA-199,796,0,7,199
2024-07-01,SKU-SMA-200,632,722,28,903
2024-07-08,SKU-BED-001,896,0,7,224
2024-07-08,SKU-BED-002,661,0,21,551
2024-07-08,SKU-BED-003,406,464,21,581
2024-07-08,SKU-BED-004,325,0,21,271
2024-07-08,SKU-BED-005,161,184,14,230
2024-07-08,SKU-BED-006,800,0,14,320
2024-07-08,SKU-BED-007,613,700,28,876
2024-07-08,SKU-BED-008,143,383,21,479
2024-07-08,SKU-BED-009,258,689,28,862
2024-07-08,SKU-BED-010,151,0,7,126
2024-07-08,SKU-BED-011,66,176,7,221
2024-07-08,SKU-BED-012,462,0,28,385
2024-07-08,SKU-BED-013,226,259,14,324
2024-07-08,SKU-BED-014,243,648,28,810
2024-07-08,SKU-BED-015,828,0,14,207
2024-07-08,SKU-BED-016,432,0,14,360
2024-07-08,SKU-BED-017,1360,0,21,340
2024-07-08,SKU-BED-018,123,141,7,177
2024-07-08,SKU-BED-019,1485,0,21,594
2024-07-08,SKU-BED-020,177,472,21,590
2024-07-08,SKU-BED-021,1896,0,21,474
2024-07-08,SKU-BED-022,41,111,14,139
2024-07-08,SKU-BED-023,380,0,7,152
2024-07-08,SKU-BED-024,835,0,28,696
2024-07-08,SKU-BED-025,66,178,21,223
2024-07-08,SKU-BED-026,1372,0,14,343
2024-07-08,SKU-BED-027,45,52,7,65
2024-07-08,SKU-BED-028,532,0,7,133
2024-07-08,SKU-BED-029,1744,0,21,436
2024-07-08,SKU-BED-030,380,434,28,543
2024-07-08,SKU-BED-031,988,0,14,247
2024-07-08,SKU-BED-032,2127,0,28,851
2024-07-08,SKU-BED-033,1400,0,28,560
2024-07-08,SKU-BED-034,319,0,21,266
2024-07-08,SKU-BED-035,462,0,14,185
2024-07-08,SKU-BED-036,375,0,7,150
2024-07-08,SKU-BED-037,1722,0,28,689
2024-07-08,SKU-BED-038,465,532,28,665
2024-07-08,SKU-BED-039,782,0,21,652
2024-07-08,SKU-BED-040,772,0,7,193
2024-07-08,SKU-FUR-041,1057,0,21,423
2024-07-08,SKU-FUR-042,181,484,21,605
2024-07-08,SKU-FUR-043,1217,0,21,487
2024-07-08,SKU-FUR-044,163,187,14,234
2024-07-08,SKU-FUR-045,145,166,14,208
2024-07-08,SKU-FUR-046,616,704,28,880
2024-07-08,SKU-FUR-047,394,0,21,329
2024-07-08,SKU-FUR-048,193,221,14,277
2024-07-08,SKU-FUR-049,264,302,14,378
2024-07-08,SKU-FUR-050,443,507,28,634
2024-07-08,SKU-FUR-051,122,140,7,175
2024-07-08,SKU-FUR-052,35,95,7,119
2024-07-08,SKU-FUR-053,43,116,7,146
2024-07-08,SKU-FUR-054,292,0,7,117
2024-07-08,SKU-FUR-055,694,0,28,579
2024-07-08,SKU-FUR-056,1225,0,28,490
2024-07-08,SKU-FUR-057,382,0,21,319
2024-07-08,SKU-FUR-058,153,175,14,219
2024-07-08,SKU-FUR-059,1630,0,28,652
2024-07-08,SKU-FUR-060,126,336,14,421
2024-07-08,SKU-FUR-061,1172,0,21,469
2024-07-08,SKU-FUR-062,372,0,7,149
2024-07-08,SKU-FUR-063,342,0,21,285
2024-07-08,SKU-FUR-064,144,165,14,207
2024-07-08,SKU-FUR-065,2100,0,28,525
2024-07-08,SKU-FUR-066,46,124,7,156
2024-07-08,SKU-FUR-067,1240,0,21,310
2024-07-08,SKU-FUR-068,1070,0,21,428
2024-07-08,SKU-FUR-069,109,292,14,365
2024-07-08,SKU-FUR-070,345,0,7,138
2024-07-08,SKU-FUR-071,315,0,28,263
2024-07-08,SKU-FUR-072,134,359,28,449
2024-07-08,SKU-FUR-073,274,313,21,392
2024-07-08,SKU-FUR-074,72,82,7,103
2024-07-08,SKU-FUR-075,1745,0,28,698
2024-07-08,SKU-FUR-076,996,0,14,249
2024-07-08,SKU-FUR-077,1167,0,21,467
2024-07-08,SKU-FUR-078,300,0,7,120
2024-07-08,SKU-FUR-079,2764,0,21,691
2024-07-08,SKU-FUR-080,1240,0,14,310
2024-07-08,SKU-DEC-081,976,0,14,244
2024-07-08,SKU-DEC-082,333,0,14,278
2024-07-08,SKU-DEC-083,274,0,14,229
2024-07-08,SKU-DEC-084,252,0,7,101
2024-07-08,SKU-DEC-085,441,0,14,368
2024-07-08,SKU-DEC-086,81,92,7,116
2024-07-08,SKU-DEC-087,937,0,14,375
2024-07-08,SKU-DEC-088,266,0,7,222
2024-07-08,SKU-DEC-089,428,0,14,357
2024-07-08,SKU-DEC-090,114,0,7,95
2024-07-08,SKU-DEC-091,467,0,7,187
2024-07-08,SKU-DEC-092,65,174,14,218
2024-07-08,SKU-DEC-093,1215,0,21,486
2024-07-08,SKU-DEC-094,760,0,7,190
2024-07-08,SKU-DEC-095,1956,0,21,489
2024-07-08,SKU-DEC-096,1092,0,28,910
2024-07-08,SKU-DEC-097,2432,0,21,608
2024-07-08,SKU-DEC-098,157,180,14,225
2024-07-08,SKU-DEC-099,74,197,14,247
2024-07-08,SKU-DEC-100,908,0,14,227
2024-07-08,SKU-DEC-101,508,581,28,727
2024-07-08,SKU-DEC-102,176,201,21,252
2024-07-08,SKU-DEC-103,175,0,7,70
2024-07-08,SKU-DEC-104,720,0,28,288
2024-07-08,SKU-DEC-105,1120,0,28,448
2024-07-08,SKU-DEC-106,310,354,14,443
2024-07-08,SKU-DEC-107,816,0,28,680
2024-07-08,SKU-DEC-108,756,0,7,189
2024-07-08,SKU-DEC-109,384,0,28,320
2024-07-08,SKU-DEC-110,45,52,7,65
2024-07-08,SKU-DEC-111,884,0,14,221
2024-07-08,SKU-DEC-112,85,228,14,286
2024-07-08,SKU-DEC-113,1920,0,28,480
2024-07-08,SKU-DEC-114,1687,0,21,675
2024-07-08,SKU-DEC-115,147,168,14,210
2024-07-08,SKU-DEC-116,997,0,28,831
2024-07-08,SKU-DEC-117,49,131,14,164
2024-07-08,SKU-DEC-118,737,0,28,295
2024-07-08,SKU-DEC-119,203,232,14,291
2024-07-08,SKU-DEC-120,1916,0,21,479
2024-07-08,SKU-LIG-121,373,427,21,534
2024-07-08,SKU-LIG-122,220,0,7,88
2024-07-08,SKU-LIG-123,278,318,14,398
2024-07-08,SKU-LIG-124,266,711,28,889
2024-07-08,SKU-LIG-125,385,0,14,154
2024-07-08,SKU-LIG-126,260,0,7,104
2024-07-08,SKU-LIG-127,109,124,7,156
2024-07-08,SKU-LIG-128,1592,0,21,398
2024-07-08,SKU-LIG-129,1222,0,21,489
2024-07-08,SKU-LIG-130,800,0,28,667
2024-07-08,SKU-LIG-131,135,154,7,193
2024-07-08,SKU-LIG-132,266,304,21,380
2024-07-08,SKU-LIG-133,603,689,28,862
2024-07-08,SKU-LIG-134,135,360,28,451
2024-07-08,SKU-LIG-135,193,0,7,161
2024-07-08,SKU-LIG-136,189,216,14,270
2024-07-08,SKU-LIG-137,443,507,28,634
2024-07-08,SKU-LIG-138,87,233,28,292
2024-07-08,SKU-LIG-139,268,0,7,224
2024-07-08,SKU-LIG-140,190,0,14,159
2024-07-08,SKU-LIG-141,1910,0,28,764
2024-07-08,SKU-LIG-142,403,0,14,336
2024-07-08,SKU-LIG-143,1716,0,28,429
2024-07-08,SKU-LIG-144,612,0,14,153
2024-07-08,SKU-LIG-145,257,0,7,103
2024-07-08,SKU-LIG-146,373,0,14,311
2024-07-08,SKU-LIG-147,186,213,21,267
2024-07-08,SKU-LIG-148,1315,0,28,526
2024-07-08,SKU-LIG-149,1787,0,28,715
2024-07-08,SKU-LIG-150,84,226,14,283
2024-07-08,SKU-LIG-151,1092,0,28,273
2024-07-08,SKU-LIG-152,888,0,14,222
2024-07-08,SKU-LIG-153,132,352,28,441
2024-07-08,SKU-LIG-154,186,497,21,622
2024-07-08,SKU-LIG-155,178,0,14,149
2024-07-08,SKU-LIG-156,816,0,14,204
2024-07-08,SKU-LIG-157,805,0,21,322
2024-07-08,SKU-LIG-158,487,0,7,195
2024-07-08,SKU-LIG-159,388,0,14,324
2024-07-08,SKU-LIG-160,554,633,28,792
2024-07-08,SKU-SMA-161,28,76,7,96
2024-07-08,SKU-SMA-162,295,0,21,246
2024-07-08,SKU-SMA-163,1612,0,28,403
2024-07-08,SKU-SMA-164,704,0,14,176
2024-07-08,SKU-SMA-165,386,0,21,322
2024-07-08,SKU-SMA-166,215,0,7,86
2024-07-08,SKU-SMA-167,292,0,7,73
2024-07-08,SKU-SMA-168,490,0,7,196
2024-07-08,SKU-SMA-169,146,390,21,488
2024-07-08,SKU-SMA-170,281,321,14,402
2024-07-08,SKU-SMA-171,1045,0,28,871
2024-07-08,SKU-SMA-172,656,0,28,547
2024-07-08,SKU-SMA-173,679,0,28,566
2024-07-08,SKU-SMA-174,547,0,28,456
2024-07-08,SKU-SMA-175,1564,0,21,391
2024-07-08,SKU-SMA-176,520,0,28,434
2024-07-08,SKU-SMA-177,1228,0,14,307
2024-07-08,SKU-SMA-178,286,327,21,409
2024-07-08,SKU-SMA-179,1632,0,28,653
2024-07-08,SKU-SMA-180,848,0,7,212
2024-07-08,SKU-SMA-181,465,0,7,186
2024-07-08,SKU-SMA-182,820,0,14,328
2024-07-08,SKU-SMA-183,188,215,28,269
2024-07-08,SKU-SMA-184,242,0,14,202
2024-07-08,SKU-SMA-185,246,281,14,352
2024-07-08,SKU-SMA-186,124,332,14,415
2024-07-08,SKU-SMA-187,775,0,28,646
2024-07-08,SKU-SMA-188,79,212,28,265
2024-07-08,SKU-SMA-189,2296,0,21,574
2024-07-08,SKU-SMA-190,180,481,21,602
2024-07-08,SKU-SMA-191,1276,0,14,319
2024-07-08,SKU-SMA-192,764,0,7,191
2024-07-08,SKU-SMA-193,83,221,21,277
2024-07-08,SKU-SMA-194,1125,0,21,450
2024-07-08,SKU-SMA-195,164,439,28,549
2024-07-08,SKU-SMA-196,876,0,14,219
2024-07-08,SKU-SMA-197,1727,0,21,691
2024-07-08,SKU-SMA-198,1360,0,28,544
2024-07-08,SKU-SMA-199,238,0,7,199
2024-07-08,SKU-SMA-200,812,0,21,677
2024-07-15,SKU-BED-001,471,539,21,674
2024-07-15,SKU-BED-002,2936,0,28,734
2024-07-15,SKU-BED-003,406,464,21,581
2024-07-15,SKU-BED-004,434,0,28,362
2024-07-15,SKU-BED-005,161,184,14,230
2024-07-15,SKU-BED-006,1280,0,14,320
2024-07-15,SKU-BED-007,153,175,7,219
2024-07-15,SKU-BED-008,111,127,7,159
2024-07-15,SKU-BED-009,452,516,21,646
2024-07-15,SKU-BED-010,504,0,7,126
2024-07-15,SKU-BED-011,464,530,21,663
2024-07-15,SKU-BED-012,86,230,21,288
2024-07-15,SKU-BED-013,405,0,7,162
2024-07-15,SKU-BED-014,808,0,7,202
2024-07-15,SKU-BED-015,777,0,21,311
2024-07-15,SKU-BED-016,864,0,28,720
2024-07-15,SKU-BED-017,908,0,14,227
2024-07-15,SKU-BED-018,1332,0,21,533
2024-07-15,SKU-BED-019,237,0,7,198
2024-07-15,SKU-BED-020,413,472,21,590
2024-07-15,SKU-BED-021,790,0,14,316
2024-07-15,SKU-BED-022,522,0,21,209
2024-07-15,SKU-BED-023,182,0,7,152
2024-07-15,SKU-BED-024,2784,0,28,696
2024-07-15,SKU-BED-025,267,0,21,223
2024-07-15,SKU-BED-026,154,412,21,515
2024-07-15,SKU-BED-027,260,0,7,65
2024-07-15,SKU-BED-028,480,0,21,400
2024-07-15,SKU-BED-029,203,232,14,290
2024-07-15,SKU-BED-030,337,0,7,135
2024-07-15,SKU-BED-031,988,0,14,247
2024-07-15,SKU-BED-032,255,680,28,851
2024-07-15,SKU-BED-033,294,336,21,420
2024-07-15,SKU-BED-034,212,0,14,177
2024-07-15,SKU-BED-035,332,0,21,277
2024-07-15,SKU-BED-036,752,0,14,301
2024-07-15,SKU-BED-037,240,275,14,344
2024-07-15,SKU-BED-038,349,399,21,499
2024-07-15,SKU-BED-039,456,521,21,652
2024-07-15,SKU-BED-040,1544,0,14,386
2024-07-15,SKU-FUR-041,1057,0,21,423
2024-07-15,SKU-FUR-042,1512,0,21,605
2024-07-15,SKU-FUR-043,390,0,14,325
2024-07-15,SKU-FUR-044,1872,0,28,468
2024-07-15,SKU-FUR-045,72,83,7,104
2024-07-15,SKU-FUR-046,461,528,21,660
2024-07-15,SKU-FUR-047,547,0,14,219
2024-07-15,SKU-FUR-048,1040,0,21,416
2024-07-15,SKU-FUR-049,756,0,7,189
2024-07-15,SKU-FUR-050,47,126,7,158
2024-07-15,SKU-FUR-051,210,0,7,175
2024-07-15,SKU-FUR-052,1912,0,28,478
2024-07-15,SKU-FUR-053,525,0,21,438
2024-07-15,SKU-FUR-054,940,0,14,235
2024-07-15,SKU-FUR-055,130,347,21,434
2024-07-15,SKU-FUR-056,440,0,21,367
2024-07-15,SKU-FUR-057,297,340,28,425
2024-07-15,SKU-FUR-058,547,0,14,219
2024-07-15,SKU-FUR-059,228,260,14,326
2024-07-15,SKU-FUR-060,1052,0,14,421
2024-07-15,SKU-FUR-061,187,0,7,156
2024-07-15,SKU-FUR-062,2396,0,28,599
2024-07-15,SKU-FUR-063,114,304,28,380
2024-07-15,SKU-FUR-064,1240,0,21,310
2024-07-15,SKU-FUR-065,982,0,21,393
2024-07-15,SKU-FUR-066,750,0,28,625
2024-07-15,SKU-FUR-067,495,0,28,413
2024-07-15,SKU-FUR-068,170,0,7,142
2024-07-15,SKU-FUR-069,109,292,14,365
2024-07-15,SKU-FUR-070,496,0,21,414
2024-07-15,SKU-FUR-071,45,52,7,65
2024-07-15,SKU-FUR-072,404,0,21,337
2024-07-15,SKU-FUR-073,2092,0,28,523
2024-07-15,SKU-FUR-074,30,82,7,103
2024-07-15,SKU-FUR-075,52,139,7,174
2024-07-15,SKU-FUR-076,310,0,7,124
2024-07-15,SKU-FUR-077,326,373,21,467
2024-07-15,SKU-FUR-078,1207,0,28,483
2024-07-15,SKU-FUR-079,207,552,21,691
2024-07-15,SKU-FUR-080,1552,0,28,621
2024-07-15,SKU-DEC-081,1220,0,28,488
2024-07-15,SKU-DEC-082,556,0,7,139
2024-07-15,SKU-DEC-083,456,0,7,114
2024-07-15,SKU-DEC-084,507,0,14,203
2024-07-15,SKU-DEC-085,2944,0,28,736
2024-07-15,SKU-DEC-086,69,185,14,232
2024-07-15,SKU-DEC-087,225,600,28,751
2024-07-15,SKU-DEC-088,2672,0,21,668
2024-07-15,SKU-DEC-089,500,572,28,715
2024-07-15,SKU-DEC-090,712,0,21,285
2024-07-15,SKU-DEC-091,56,149,7,187
2024-07-15,SKU-DEC-092,261,0,14,218
2024-07-15,SKU-DEC-093,1944,0,21,486
2024-07-15,SKU-DEC-094,457,0,14,381
2024-07-15,SKU-DEC-095,97,260,14,326
2024-07-15,SKU-DEC-096,204,546,21,683
2024-07-15,SKU-DEC-097,808,0,7,202
2024-07-15,SKU-DEC-098,134,0,7,112
2024-07-15,SKU-DEC-099,296,0,14,247
2024-07-15,SKU-DEC-100,282,0,7,113
2024-07-15,SKU-DEC-101,654,0,21,545
2024-07-15,SKU-DEC-102,201,0,14,168
2024-07-15,SKU-DEC-103,49,56,7,70
2024-07-15,SKU-DEC-104,180,0,7,72
2024-07-15,SKU-DEC-105,134,358,28,448
2024-07-15,SKU-DEC-106,552,0,7,221
2024-07-15,SKU-DEC-107,237,272,14,340
2024-07-15,SKU-DEC-108,756,0,7,189
2024-07-15,SKU-DEC-109,96,256,28,320
2024-07-15,SKU-DEC-110,1040,0,28,260
2024-07-15,SKU-DEC-111,830,0,21,332
2024-07-15,SKU-DEC-112,1075,0,21,430
2024-07-15,SKU-DEC-113,900,0,21,360
2024-07-15,SKU-DEC-114,1687,0,21,675
2024-07-15,SKU-DEC-115,252,0,14,210
2024-07-15,SKU-DEC-116,1660,0,14,415
2024-07-15,SKU-DEC-117,1312,0,28,328
2024-07-15,SKU-DEC-118,88,236,28,295
2024-07-15,SKU-DEC-119,727,0,14,291
2024-07-15,SKU-DEC-120,574,0,21,479
2024-07-15,SKU-LIG-121,124,142,7,178
2024-07-15,SKU-LIG-122,247,282,28,353
2024-07-15,SKU-LIG-123,1492,0,21,597
2024-07-15,SKU-LIG-124,66,177,7,222
2024-07-15,SKU-LIG-125,161,184,21,231
2024-07-15,SKU-LIG-126,1256,0,21,314
2024-07-15,SKU-LIG-127,109,124,7,156
2024-07-15,SKU-LIG-128,79,212,14,265
2024-07-15,SKU-LIG-129,1956,0,21,489
2024-07-15,SKU-LIG-130,800,0,28,667
2024-07-15,SKU-LIG-131,1447,0,21,579
2024-07-15,SKU-LIG-132,2028,0,28,507
2024-07-15,SKU-LIG-133,603,689,28,862
2024-07-15,SKU-LIG-134,448,0,7,112
2024-07-15,SKU-LIG-135,48,128,7,161
2024-07-15,SKU-LIG-136,337,0,7,135
2024-07-15,SKU-LIG-137,570,0,21,475
2024-07-15,SKU-LIG-138,21,58,7,73
2024-07-15,SKU-LIG-139,2242,0,28,897
2024-07-15,SKU-LIG-140,222,254,28,318
2024-07-15,SKU-LIG-141,229,611,28,764
2024-07-15,SKU-LIG-142,403,0,14,336
2024-07-15,SKU-LIG-143,267,0,7,107
2024-07-15,SKU-LIG-144,183,0,14,153
2024-07-15,SKU-LIG-145,289,330,28,413
2024-07-15,SKU-LIG-146,93,248,14,311
2024-07-15,SKU-LIG-147,712,0,14,178
2024-07-15,SKU-LIG-148,368,420,28,526
2024-07-15,SKU-LIG-149,53,142,7,178
2024-07-15,SKU-LIG-150,127,340,21,425
2024-07-15,SKU-LIG-151,81,218,28,273
2024-07-15,SKU-LIG-152,1112,0,28,445
2024-07-15,SKU-LIG-153,275,0,7,110
2024-07-15,SKU-LIG-154,994,0,28,829
2024-07-15,SKU-LIG-155,89,239,28,299
2024-07-15,SKU-LIG-156,408,0,7,102
2024-07-15,SKU-LIG-157,386,0,21,322
2024-07-15,SKU-LIG-158,410,469,21,587
2024-07-15,SKU-LIG-159,453,518,28,648
2024-07-15,SKU-LIG-160,1485,0,21,594
2024-07-15,SKU-SMA-161,67,76,7,96
2024-07-15,SKU-SMA-162,98,263,28,329
2024-07-15,SKU-SMA-163,120,0,7,100
2024-07-15,SKU-SMA-164,246,281,28,352
2024-07-15,SKU-SMA-165,1075,0,28,430
2024-07-15,SKU-SMA-166,650,0,21,260
2024-07-15,SKU-SMA-167,584,0,14,146
2024-07-15,SKU-SMA-168,117,313,14,392
2024-07-15,SKU-SMA-169,2604,0,28,651
2024-07-15,SKU-SMA-170,2012,0,28,805
2024-07-15,SKU-SMA-171,1087,0,14,435
2024-07-15,SKU-SMA-172,382,437,28,547
2024-07-15,SKU-SMA-173,339,0,14,283
2024-07-15,SKU-SMA-174,1368,0,21,342
2024-07-15,SKU-SMA-175,652,0,14,261
2024-07-15,SKU-SMA-176,432,0,7,108
2024-07-15,SKU-SMA-177,92,245,14,307
2024-07-15,SKU-SMA-178,682,0,14,273
2024-07-15,SKU-SMA-179,1632,0,28,653
2024-07-15,SKU-SMA-180,148,169,7,212
2024-07-15,SKU-SMA-181,2980,0,28,745
2024-07-15,SKU-SMA-182,459,525,28,657
2024-07-15,SKU-SMA-183,188,215,28,269
2024-07-15,SKU-SMA-184,486,0,28,405
2024-07-15,SKU-SMA-185,158,422,21,528
2024-07-15,SKU-SMA-186,2488,0,21,622
2024-07-15,SKU-SMA-187,1936,0,21,484
2024-07-15,SKU-SMA-188,238,0,21,199
2024-07-15,SKU-SMA-189,477,0,7,191
2024-07-15,SKU-SMA-190,722,0,21,602
2024-07-15,SKU-SMA-191,111,127,7,159
2024-07-15,SKU-SMA-192,916,0,28,764
2024-07-15,SKU-SMA-193,27,73,7,92
2024-07-15,SKU-SMA-194,180,480,28,600
2024-07-15,SKU-SMA-195,384,439,28,549
2024-07-15,SKU-SMA-196,822,0,21,329
2024-07-15,SKU-SMA-197,644,736,28,921
2024-07-15,SKU-SMA-198,1088,0,14,272
2024-07-15,SKU-SMA-199,59,159,7,199
2024-07-15,SKU-SMA-200,315,360,14,451
2024-07-22,SKU-BED-001,134,359,14,449
2024-07-22,SKU-BED-002,220,587,28,734
2024-07-22,SKU-BED-003,967,0,14,387
2024-07-22,SKU-BED-004,434,0,28,362
2024-07-22,SKU-BED-005,1380,0,21,345
2024-07-22,SKU-BED-006,192,0,7,160
2024-07-22,SKU-BED-007,262,700,28,876
2024-07-22,SKU-BED-008,223,255,14,319
2024-07-22,SKU-BED-009,1615,0,21,646
2024-07-22,SKU-BED-010,75,201,14,252
2024-07-22,SKU-BED-011,1060,0,28,884
2024-07-22,SKU-BED-012,230,0,14,192
2024-07-22,SKU-BED-013,1622,0,28,649
2024-07-22,SKU-BED-014,728,0,21,607
2024-07-22,SKU-BED-015,93,248,21,311
2024-07-22,SKU-BED-016,432,0,14,360
2024-07-22,SKU-BED-017,908,0,14,227
2024-07-22,SKU-BED-018,1420,0,14,355
2024-07-22,SKU-BED-019,792,0,7,198
2024-07-22,SKU-BED-020,177,472,21,590
2024-07-22,SKU-BED-021,1580,0,28,632
2024-07-22,SKU-BED-022,41,111,14,139
2024-07-22,SKU-BED-023,182,0,7,152
2024-07-22,SKU-BED-024,1740,0,28,696
2024-07-22,SKU-BED-025,557,0,21,223
2024-07-22,SKU-BED-026,2060,0,21,515
2024-07-22,SKU-BED-027,260,0,7,65
2024-07-22,SKU-BED-028,159,0,7,133
2024-07-22,SKU-BED-029,1744,0,21,436
2024-07-22,SKU-BED-030,677,0,14,271
2024-07-22,SKU-BED-031,1484,0,21,371
2024-07-22,SKU-BED-032,1595,0,21,638
2024-07-22,SKU-BED-033,126,336,21,420
2024-07-22,SKU-BED-034,1064,0,21,266
2024-07-22,SKU-BED-035,444,0,28,370
2024-07-22,SKU-BED-036,361,0,14,301
2024-07-22,SKU-BED-037,826,0,28,689
2024-07-22,SKU-BED-038,465,532,28,665
2024-07-22,SKU-BED-039,1736,0,14,434
2024-07-22,SKU-BED-040,1544,0,14,386
2024-07-22,SKU-FUR-041,1128,0,14,282
2024-07-22,SKU-FUR-042,282,322,14,403
2024-07-22,SKU-FUR-043,1948,0,21,487
2024-07-22,SKU-FUR-044,877,0,21,351
2024-07-22,SKU-FUR-045,832,0,14,208
2024-07-22,SKU-FUR-046,880,0,7,220
2024-07-22,SKU-FUR-047,262,0,14,219
2024-07-22,SKU-FUR-048,1664,0,21,416
2024-07-22,SKU-FUR-049,529,604,28,756
2024-07-22,SKU-FUR-050,1904,0,21,476
2024-07-22,SKU-FUR-051,157,420,21,525
2024-07-22,SKU-FUR-052,286,0,14,239
2024-07-22,SKU-FUR-053,408,467,28,584
2024-07-22,SKU-FUR-054,141,376,28,470
2024-07-22,SKU-FUR-055,405,463,28,579
2024-07-22,SKU-FUR-056,146,0,7,122
2024-07-22,SKU-FUR-057,297,340,28,425
2024-07-22,SKU-FUR-058,65,175,14,219
2024-07-22,SKU-FUR-059,456,521,28,652
2024-07-22,SKU-FUR-060,1580,0,21,632
2024-07-22,SKU-FUR-061,109,124,7,156
2024-07-22,SKU-FUR-062,179,479,28,599
2024-07-22,SKU-FUR-063,114,0,7,95
2024-07-22,SKU-FUR-064,93,248,21,310
2024-07-22,SKU-FUR-065,157,0,7,131
2024-07-22,SKU-FUR-066,437,500,28,625
2024-07-22,SKU-FUR-067,123,330,28,413
2024-07-22,SKU-FUR-068,299,342,21,428
2024-07-22,SKU-FUR-069,164,437,21,547
2024-07-22,SKU-FUR-070,1104,0,14,276
2024-07-22,SKU-FUR-071,657,0,28,263
2024-07-22,SKU-FUR-072,235,269,21,337
2024-07-22,SKU-FUR-073,470,0,21,392
2024-07-22,SKU-FUR-074,144,165,14,207
2024-07-22,SKU-FUR-075,418,0,14,349
2024-07-22,SKU-FUR-076,448,0,21,374
2024-07-22,SKU-FUR-077,1167,0,21,467
2024-07-22,SKU-FUR-078,602,0,14,241
2024-07-22,SKU-FUR-079,161,184,7,230
2024-07-22,SKU-FUR-080,46,124,7,155
2024-07-22,SKU-DEC-081,585,0,28,488
2024-07-22,SKU-DEC-082,125,333,21,417
2024-07-22,SKU-DEC-083,79,91,7,114
2024-07-22,SKU-DEC-084,91,244,21,305
2024-07-22,SKU-DEC-085,2944,0,28,736
2024-07-22,SKU-DEC-086,1856,0,28,464
2024-07-22,SKU-DEC-087,525,600,28,751
2024-07-22,SKU-DEC-088,1068,0,28,890
2024-07-22,SKU-DEC-089,643,0,21,536
2024-07-22,SKU-DEC-090,114,0,7,95
2024-07-22,SKU-DEC-091,56,149,7,187
2024-07-22,SKU-DEC-092,820,0,21,328
2024-07-22,SKU-DEC-093,1944,0,21,486
2024-07-22,SKU-DEC-094,914,0,28,762
2024-07-22,SKU-DEC-095,783,0,28,653
2024-07-22,SKU-DEC-096,3640,0,28,910
2024-07-22,SKU-DEC-097,973,0,28,811
2024-07-22,SKU-DEC-098,157,180,14,225
2024-07-22,SKU-DEC-099,147,0,7,123
2024-07-22,SKU-DEC-100,1820,0,28,455
2024-07-22,SKU-DEC-101,54,144,7,181
2024-07-22,SKU-DEC-102,25,67,7,84
2024-07-22,SKU-DEC-103,197,225,28,282
2024-07-22,SKU-DEC-104,50,57,7,72
2024-07-22,SKU-DEC-105,78,89,7,112
2024-07-22,SKU-DEC-106,265,708,28,886
2024-07-22,SKU-DEC-107,425,0,7,170
2024-07-22,SKU-DEC-108,472,0,7,189
2024-07-22,SKU-DEC-109,48,128,14,160
2024-07-22,SKU-DEC-110,260,0,7,65
2024-07-22,SKU-DEC-111,232,265,21,332
2024-07-22,SKU-DEC-112,42,114,7,143
2024-07-22,SKU-DEC-113,300,0,7,120
2024-07-22,SKU-DEC-114,270,0,7,225
2024-07-22,SKU-DEC-115,1684,0,28,421
2024-07-22,SKU-DEC-116,2077,0,28,831
2024-07-22,SKU-DEC-117,393,0,28,328
2024-07-22,SKU-DEC-118,66,176,21,221
2024-07-22,SKU-DEC-119,727,0,14,291
2024-07-22,SKU-DEC-120,1597,0,28,639
2024-07-22,SKU-LIG-121,106,284,14,356
2024-07-22,SKU-LIG-122,704,0,14,176
2024-07-22,SKU-LIG-123,3188,0,28,797
2024-07-22,SKU-LIG-124,1110,0,14,444
2024-07-22,SKU-LIG-125,161,184,21,231
2024-07-22,SKU-LIG-126,72,83,7,104
2024-07-22,SKU-LIG-127,219,250,14,313
2024-07-22,SKU-LIG-128,92,105,7,132
2024-07-22,SKU-LIG-129,146,391,21,489
2024-07-22,SKU-LIG-130,399,0,14,333
2024-07-22,SKU-LIG-131,965,0,14,386
2024-07-22,SKU-LIG-132,177,202,14,253
2024-07-22,SKU-LIG-133,2155,0,28,862
2024-07-22,SKU-LIG-134,134,0,7,112
2024-07-22,SKU-LIG-135,96,258,14,323
2024-07-22,SKU-LIG-136,675,0,14,270
2024-07-22,SKU-LIG-137,380,0,14,317
2024-07-22,SKU-LIG-138,584,0,14,146
2024-07-22,SKU-LIG-139,156,179,7,224
2024-07-22,SKU-LIG-140,397,0,14,159
2024-07-22,SKU-LIG-141,1910,0,28,764
2024-07-22,SKU-LIG-142,201,0,7,168
2024-07-22,SKU-LIG-143,514,0,28,429
2024-07-22,SKU-LIG-144,572,0,21,229
2024-07-22,SKU-LIG-145,257,0,7,103
2024-07-22,SKU-LIG-146,93,248,14,311
2024-07-22,SKU-LIG-147,428,0,28,357
2024-07-22,SKU-LIG-148,985,0,21,394
2024-07-22,SKU-LIG-149,214,572,28,715
2024-07-22,SKU-LIG-150,339,0,14,283
2024-07-22,SKU-LIG-151,81,218,28,273
2024-07-22,SKU-LIG-152,100,267,21,334
2024-07-22,SKU-LIG-153,397,0,21,331
2024-07-22,SKU-LIG-154,580,663,28,829
2024-07-22,SKU-LIG-155,560,0,21,224
2024-07-22,SKU-LIG-156,122,0,7,102
2024-07-22,SKU-LIG-157,856,0,14,214
2024-07-22,SKU-LIG-158,548,626,28,783
2024-07-22,SKU-LIG-159,2592,0,28,648
2024-07-22,SKU-LIG-160,1584,0,14,396
2024-07-22,SKU-SMA-161,115,307,28,384
2024-07-22,SKU-SMA-162,615,0,21,246
2024-07-22,SKU-SMA-163,241,0,14,201
2024-07-22,SKU-SMA-164,352,0,7,88
2024-07-22,SKU-SMA-165,1288,0,21,322
2024-07-22,SKU-SMA-166,104,277,28,347
2024-07-22,SKU-SMA-167,292,0,7,73
2024-07-22,SKU-SMA-168,548,627,28,784
2024-07-22,SKU-SMA-169,648,0,7,162
2024-07-22,SKU-SMA-170,120,321,14,402
2024-07-22,SKU-SMA-171,2612,0,21,653
2024-07-22,SKU-SMA-172,327,0,14,273
2024-07-22,SKU-SMA-173,98,112,7,141
2024-07-22,SKU-SMA-174,1368,0,21,342
2024-07-22,SKU-SMA-175,273,312,21,391
2024-07-22,SKU-SMA-176,303,347,28,434
2024-07-22,SKU-SMA-177,45,122,7,153
2024-07-22,SKU-SMA-178,544,0,7,136
2024-07-22,SKU-SMA-179,147,392,21,490
2024-07-22,SKU-SMA-180,296,339,14,424
2024-07-22,SKU-SMA-181,1488,0,14,372
2024-07-22,SKU-SMA-182,49,131,7,164
2024-07-22,SKU-SMA-183,46,53,7,67
2024-07-22,SKU-SMA-184,505,0,14,202
2024-07-22,SKU-SMA-185,211,564,28,705
2024-07-22,SKU-SMA-186,249,664,28,830
2024-07-22,SKU-SMA-187,193,516,28,646
2024-07-22,SKU-SMA-188,1060,0,28,265
2024-07-22,SKU-SMA-189,1912,0,28,765
2024-07-22,SKU-SMA-190,2007,0,28,803
2024-07-22,SKU-SMA-191,1916,0,21,479
2024-07-22,SKU-SMA-192,57,152,7,191
2024-07-22,SKU-SMA-193,332,0,21,277
2024-07-22,SKU-SMA-194,750,0,14,300
2024-07-22,SKU-SMA-195,548,0,7,137
2024-07-22,SKU-SMA-196,436,0,7,109
2024-07-22,SKU-SMA-197,2302,0,28,921
2024-07-22,SKU-SMA-198,489,0,21,408
2024-07-22,SKU-SMA-199,119,319,14,399
2024-07-22,SKU-SMA-200,1692,0,21,677
2024-07-29,SKU-BED-001,268,0,7,224
2024-07-29,SKU-BED-002,54,146,7,183
2024-07-29,SKU-BED-003,406,464,21,581
2024-07-29,SKU-BED-004,189,216,21,271
2024-07-29,SKU-BED-005,862,0,21,345
2024-07-29,SKU-BED-006,144,384,21,480
2024-07-29,SKU-BED-007,306,350,14,438
2024-07-29,SKU-BED-008,1197,0,21,479
2024-07-29,SKU-BED-009,775,0,21,646
2024-07-29,SKU-BED-010,630,0,14,252
2024-07-29,SKU-BED-011,2652,0,21,663
2024-07-29,SKU-BED-012,480,0,14,192
2024-07-29,SKU-BED-013,1622,0,28,649
2024-07-29,SKU-BED-014,121,324,14,405
2024-07-29,SKU-BED-015,777,0,21,311
2024-07-29,SKU-BED-016,432,0,14,360
2024-07-29,SKU-BED-017,33,90,7,113
2024-07-29,SKU-BED-018,1777,0,28,711
2024-07-29,SKU-BED-019,59,158,7,198
2024-07-29,SKU-BED-020,784,0,7,196
2024-07-29,SKU-BED-021,758,0,28,632
2024-07-29,SKU-BED-022,522,0,21,209
2024-07-29,SKU-BED-023,91,244,14,305
2024-07-29,SKU-BED-024,487,556,28,696
2024-07-29,SKU-BED-025,66,178,21,223
2024-07-29,SKU-BED-026,206,549,28,687
2024-07-29,SKU-BED-027,162,0,7,65
2024-07-29,SKU-BED-028,186,213,14,267
2024-07-29,SKU-BED-029,697,0,28,581
2024-07-29,SKU-BED-030,189,216,14,271
2024-07-29,SKU-BED-031,927,0,21,371
2024-07-29,SKU-BED-032,297,340,14,425
2024-07-29,SKU-BED-033,2240,0,28,560
2024-07-29,SKU-BED-034,79,212,21,266
2024-07-29,SKU-BED-035,222,0,14,185
2024-07-29,SKU-BED-036,315,360,21,451
2024-07-29,SKU-BED-037,120,137,7,172
2024-07-29,SKU-BED-038,1247,0,21,499
2024-07-29,SKU-BED-039,130,347,14,434
2024-07-29,SKU-BED-040,270,308,14,386
2024-07-29,SKU-FUR-041,98,112,7,141
2024-07-29,SKU-FUR-042,3224,0,28,806
2024-07-29,SKU-FUR-043,454,520,28,650
2024-07-29,SKU-FUR-044,163,187,14,234
2024-07-29,SKU-FUR-045,218,249,21,312
2024-07-29,SKU-FUR-046,154,176,7,220
2024-07-29,SKU-FUR-047,876,0,14,219
2024-07-29,SKU-FUR-048,692,0,14,277
2024-07-29,SKU-FUR-049,226,0,7,189
2024-07-29,SKU-FUR-050,443,507,28,634
2024-07-29,SKU-FUR-051,367,420,21,525
2024-07-29,SKU-FUR-052,476,0,7,119
2024-07-29,SKU-FUR-053,730,0,14,292
2024-07-29,SKU-FUR-054,564,0,28,470
2024-07-29,SKU-FUR-055,303,347,21,434
2024-07-29,SKU-FUR-056,85,97,7,122
2024-07-29,SKU-FUR-057,797,0,21,319
2024-07-29,SKU-FUR-058,307,351,28,439
2024-07-29,SKU-FUR-059,2608,0,28,652
2024-07-29,SKU-FUR-060,294,336,14,421
2024-07-29,SKU-FUR-061,328,375,21,469
2024-07-29,SKU-FUR-062,134,359,21,449
2024-07-29,SKU-FUR-063,456,0,28,380
2024-07-29,SKU-FUR-064,62,165,14,207
2024-07-29,SKU-FUR-065,471,0,21,393
2024-07-29,SKU-FUR-066,437,500,28,625
2024-07-29,SKU-FUR-067,372,0,21,310
2024-07-29,SKU-FUR-068,355,0,7,142
2024-07-29,SKU-FUR-069,2188,0,21,547
2024-07-29,SKU-FUR-070,690,0,14,276
2024-07-29,SKU-FUR-071,157,0,14,131
2024-07-29,SKU-FUR-072,78,89,7,112
2024-07-29,SKU-FUR-073,182,208,14,261
2024-07-29,SKU-FUR-074,257,0,7,103
2024-07-29,SKU-FUR-075,52,139,7,174
2024-07-29,SKU-FUR-076,622,0,14,249
2024-07-29,SKU-FUR-077,436,498,28,623
2024-07-29,SKU-FUR-078,1932,0,28,483
2024-07-29,SKU-FUR-079,3684,0,28,921
2024-07-29,SKU-FUR-080,559,0,21,466
2024-07-29,SKU-DEC-081,915,0,21,366
2024-07-29,SKU-DEC-082,194,222,14,278
2024-07-29,SKU-DEC-083,411,0,21,343
2024-07-29,SKU-DEC-084,30,80,7,101
2024-07-29,SKU-DEC-085,110,294,14,368
2024-07-29,SKU-DEC-086,69,185,14,232
2024-07-29,SKU-DEC-087,467,0,7,187
2024-07-29,SKU-DEC-088,1068,0,28,890
2024-07-29,SKU-DEC-089,500,572,28,715
2024-07-29,SKU-DEC-090,199,228,21,285
2024-07-29,SKU-DEC-091,1870,0,28,748
2024-07-29,SKU-DEC-092,305,349,28,437
2024-07-29,SKU-DEC-093,648,0,7,162
2024-07-29,SKU-DEC-094,133,152,7,190
2024-07-29,SKU-DEC-095,342,391,21,489
2024-07-29,SKU-DEC-096,2275,0,28,910
2024-07-29,SKU-DEC-097,243,648,28,811
2024-07-29,SKU-DEC-098,315,360,28,451
2024-07-29,SKU-DEC-099,111,296,21,370
2024-07-29,SKU-DEC-100,282,0,7,113
2024-07-29,SKU-DEC-101,508,581,28,727
2024-07-29,SKU-DEC-102,50,134,14,168
2024-07-29,SKU-DEC-103,705,0,28,282
2024-07-29,SKU-DEC-104,180,0,7,72
2024-07-29,SKU-DEC-105,78,89,7,112
2024-07-29,SKU-DEC-106,265,708,28,886
2024-07-29,SKU-DEC-107,408,0,14,340
2024-07-29,SKU-DEC-108,3028,0,28,757
2024-07-29,SKU-DEC-109,960,0,21,240
2024-07-29,SKU-DEC-110,1040,0,28,260
2024-07-29,SKU-DEC-111,531,0,28,443
2024-07-29,SKU-DEC-112,1075,0,21,430
2024-07-29,SKU-DEC-113,168,192,14,240
2024-07-29,SKU-DEC-114,202,540,21,675
2024-07-29,SKU-DEC-115,840,0,14,210
2024-07-29,SKU-DEC-116,581,664,28,831
2024-07-29,SKU-DEC-117,205,0,7,82
2024-07-29,SKU-DEC-118,206,236,28,295
2024-07-29,SKU-DEC-119,407,465,28,582
2024-07-29,SKU-DEC-120,111,127,7,159
2024-07-29,SKU-LIG-121,855,0,28,713
2024-07-29,SKU-LIG-122,211,0,14,176
2024-07-29,SKU-LIG-123,995,0,14,398
2024-07-29,SKU-LIG-124,1667,0,21,667
2024-07-29,SKU-LIG-125,370,0,28,309
2024-07-29,SKU-LIG-126,1672,0,28,418
2024-07-29,SKU-LIG-127,1880,0,21,470
2024-07-29,SKU-LIG-128,318,0,14,265
2024-07-29,SKU-LIG-129,195,0,7,163
2024-07-29,SKU-LIG-130,415,0,7,166
2024-07-29,SKU-LIG-131,694,0,21,579
2024-07-29,SKU-LIG-132,152,405,28,507
2024-07-29,SKU-LIG-133,537,0,7,215
2024-07-29,SKU-LIG-134,315,360,28,451
2024-07-29,SKU-LIG-135,776,0,28,647
2024-07-29,SKU-LIG-136,648,0,28,540
2024-07-29,SKU-LIG-137,190,507,28,634
2024-07-29,SKU-LIG-138,153,175,21,219
2024-07-29,SKU-LIG-139,896,0,7,224
2024-07-29,SKU-LIG-140,286,0,21,239
2024-07-29,SKU-LIG-141,229,0,7,191
2024-07-29,SKU-LIG-142,201,0,7,168
2024-07-29,SKU-LIG-143,1072,0,28,429
2024-07-29,SKU-LIG-144,91,0,7,76
2024-07-29,SKU-LIG-145,772,0,21,309
2024-07-29,SKU-LIG-146,620,0,7,155
2024-07-29,SKU-LIG-147,356,0,7,89
2024-07-29,SKU-LIG-148,657,0,14,263
2024-07-29,SKU-LIG-149,214,572,28,715
2024-07-29,SKU-LIG-150,1132,0,14,283
2024-07-29,SKU-LIG-151,81,218,28,273
2024-07-29,SKU-LIG-152,888,0,14,222
2024-07-29,SKU-LIG-153,231,264,21,331
2024-07-29,SKU-LIG-154,289,331,14,414
2024-07-29,SKU-LIG-155,22,59,7,74
2024-07-29,SKU-LIG-156,510,0,14,204
2024-07-29,SKU-LIG-157,128,0,7,107
2024-07-29,SKU-LIG-158,704,0,21,587
2024-07-29,SKU-LIG-159,194,0,7,162
2024-07-29,SKU-LIG-160,495,0,7,198
2024-07-29,SKU-SMA-161,345,0,21,288
2024-07-29,SKU-SMA-162,196,0,14,164
2024-07-29,SKU-SMA-163,362,0,21,302
2024-07-29,SKU-SMA-164,123,140,14,176
2024-07-29,SKU-SMA-165,1288,0,21,322
2024-07-29,SKU-SMA-166,1040,0,21,260
2024-07-29,SKU-SMA-167,584,0,14,146
2024-07-29,SKU-SMA-168,490,0,7,196
2024-07-29,SKU-SMA-169,194,0,7,162
2024-07-29,SKU-SMA-170,563,644,28,805
2024-07-29,SKU-SMA-171,65,173,7,217
2024-07-29,SKU-SMA-172,40,108,7,136
2024-07-29,SKU-SMA-173,1132,0,14,283
2024-07-29,SKU-SMA-174,547,0,28,456
2024-07-29,SKU-SMA-175,156,417,28,522
2024-07-29,SKU-SMA-176,32,86,7,108
2024-07-29,SKU-SMA-177,107,122,7,153
2024-07-29,SKU-SMA-178,122,327,21,409
2024-07-29,SKU-SMA-179,114,130,7,163
2024-07-29,SKU-SMA-180,1696,0,14,424
2024-07-29,SKU-SMA-181,2980,0,28,745
2024-07-29,SKU-SMA-182,1642,0,28,657
2024-07-29,SKU-SMA-183,20,53,7,67
2024-07-29,SKU-SMA-184,212,243,21,304
2024-07-29,SKU-SMA-185,633,0,21,528
2024-07-29,SKU-SMA-186,581,664,28,830
2024-07-29,SKU-SMA-187,145,387,21,484
2024-07-29,SKU-SMA-188,238,0,21,199
2024-07-29,SKU-SMA-189,2296,0,21,574
2024-07-29,SKU-SMA-190,481,0,14,401
2024-07-29,SKU-SMA-191,190,0,7,159
2024-07-29,SKU-SMA-192,401,458,21,573
2024-07-29,SKU-SMA-193,27,73,7,92
2024-07-29,SKU-SMA-194,600,0,7,150
2024-07-29,SKU-SMA-195,548,0,7,137
2024-07-29,SKU-SMA-196,130,0,7,109
2024-07-29,SKU-SMA-197,829,0,21,691
2024-07-29,SKU-SMA-198,1088,0,14,272
2024-07-29,SKU-SMA-199,239,639,28,799
2024-07-29,SKU-SMA-200,1083,0,28,903
2024-08-05,SKU-BED-001,268,0,7,224
2024-08-05,SKU-BED-002,54,146,7,183
2024-08-05,SKU-BED-003,270,309,14,387
2024-08-05,SKU-BED-004,81,216,21,271
2024-08-05,SKU-BED-005,575,0,14,230
2024-08-05,SKU-BED-006,336,384,21,480
2024-08-05,SKU-BED-007,65,175,7,219
2024-08-05,SKU-BED-008,2552,0,28,638
2024-08-05,SKU-BED-009,129,344,14,431
2024-08-05,SKU-BED-010,315,0,7,126
2024-08-05,SKU-BED-011,795,0,21,663
2024-08-05,SKU-BED-012,240,0,7,96
2024-08-05,SKU-BED-013,778,0,28,649
2024-08-05,SKU-BED-014,283,324,14,405
2024-08-05,SKU-BED-015,248,0,14,207
2024-08-05,SKU-BED-016,162,432,21,540
2024-08-05,SKU-BED-017,567,0,14,227
2024-08-05,SKU-BED-018,1420,0,14,355
2024-08-05,SKU-BED-019,1485,0,21,594
2024-08-05,SKU-BED-020,413,472,21,590
2024-08-05,SKU-BED-021,758,0,28,632
2024-08-05,SKU-BED-022,697,0,28,279
2024-08-05,SKU-BED-023,732,0,28,610
2024-08-05,SKU-BED-024,52,139,7,174
2024-08-05,SKU-BED-025,267,0,21,223
2024-08-05,SKU-BED-026,618,0,21,515
2024-08-05,SKU-BED-027,487,0,21,195
2024-08-05,SKU-BED-028,320,0,14,267
2024-08-05,SKU-BED-029,1090,0,21,436
2024-08-05,SKU-BED-030,325,0,14,271
2024-08-05,SKU-BED-031,307,0,7,123
2024-08-05,SKU-BED-032,595,680,28,851
2024-08-05,SKU-BED-033,168,0,7,140
2024-08-05,SKU-BED-034,61,70,7,88
2024-08-05,SKU-BED-035,740,0,14,185
2024-08-05,SKU-BED-036,600,0,7,150
2024-08-05,SKU-BED-037,2064,0,21,516
2024-08-05,SKU-BED-038,116,132,7,166
2024-08-05,SKU-BED-039,2172,0,28,869
2024-08-05,SKU-BED-040,694,0,21,579
2024-08-05,SKU-FUR-041,1128,0,14,282
2024-08-05,SKU-FUR-042,181,484,21,605
2024-08-05,SKU-FUR-043,113,129,7,162
2024-08-05,SKU-FUR-044,1170,0,28,468
2024-08-05,SKU-FUR-045,260,0,7,104
2024-08-05,SKU-FUR-046,550,0,7,220
2024-08-05,SKU-FUR-047,131,351,28,439
2024-08-05,SKU-FUR-048,1040,0,21,416
2024-08-05,SKU-FUR-049,472,0,7,189
2024-08-05,SKU-FUR-050,333,380,21,476
2024-08-05,SKU-FUR-051,157,420,21,525
2024-08-05,SKU-FUR-052,83,95,7,119
2024-08-05,SKU-FUR-053,102,116,7,146
2024-08-05,SKU-FUR-054,246,281,21,352
2024-08-05,SKU-FUR-055,43,115,7,144
2024-08-05,SKU-FUR-056,1960,0,28,490
2024-08-05,SKU-FUR-057,265,0,7,106
2024-08-05,SKU-FUR-058,65,175,14,219
2024-08-05,SKU-FUR-059,456,521,28,652
2024-08-05,SKU-FUR-060,525,0,7,210
2024-08-05,SKU-FUR-061,218,249,14,312
2024-08-05,SKU-FUR-062,718,0,28,599
2024-08-05,SKU-FUR-063,266,304,28,380
2024-08-05,SKU-FUR-064,1035,0,28,414
2024-08-05,SKU-FUR-065,91,104,7,131
2024-08-05,SKU-FUR-066,2500,0,28,625
2024-08-05,SKU-FUR-067,1240,0,21,310
2024-08-05,SKU-FUR-068,712,0,14,285
2024-08-05,SKU-FUR-069,255,292,14,365
2024-08-05,SKU-FUR-070,41,110,7,138
2024-08-05,SKU-FUR-071,78,0,7,65
2024-08-05,SKU-FUR-072,156,179,14,224
2024-08-05,SKU-FUR-073,39,104,7,130
2024-08-05,SKU-FUR-074,248,0,14,207
2024-08-05,SKU-FUR-075,52,139,7,174
2024-08-05,SKU-FUR-076,448,0,21,374
2024-08-05,SKU-FUR-077,186,498,28,623
2024-08-05,SKU-FUR-078,579,0,28,483
2024-08-05,SKU-FUR-079,3684,0,28,921
2024-08-05,SKU-FUR-080,620,0,7,155
2024-08-05,SKU-DEC-081,73,195,14,244
2024-08-05,SKU-DEC-082,166,0,7,139
2024-08-05,SKU-DEC-083,79,91,7,114
2024-08-05,SKU-DEC-084,121,324,28,406
2024-08-05,SKU-DEC-085,220,0,7,184
2024-08-05,SKU-DEC-086,324,371,28,464
2024-08-05,SKU-DEC-087,112,300,14,375
2024-08-05,SKU-DEC-088,555,0,7,222
2024-08-05,SKU-DEC-089,428,0,14,357
2024-08-05,SKU-DEC-090,114,0,7,95
2024-08-05,SKU-DEC-091,112,299,14,374
2024-08-05,SKU-DEC-092,131,349,28,437
2024-08-05,SKU-DEC-093,194,518,28,648
2024-08-05,SKU-DEC-094,686,0,21,572
2024-08-05,SKU-DEC-095,2612,0,28,653
2024-08-05,SKU-DEC-096,272,0,7,227
2024-08-05,SKU-DEC-097,1620,0,14,405
2024-08-05,SKU-DEC-098,67,180,14,225
2024-08-05,SKU-DEC-099,345,395,28,494
2024-08-05,SKU-DEC-100,102,272,21,341
2024-08-05,SKU-DEC-101,907,0,14,363
2024-08-05,SKU-DEC-102,235,269,28,337
2024-08-05,SKU-DEC-103,527,0,21,211
2024-08-05,SKU-DEC-104,345,0,28,288
2024-08-05,SKU-DEC-105,134,358,28,448
2024-08-05,SKU-DEC-106,1772,0,14,443
2024-08-05,SKU-DEC-107,357,408,21,510
2024-08-05,SKU-DEC-108,1892,0,28,757
2024-08-05,SKU-DEC-109,1280,0,28,320
2024-08-05,SKU-DEC-110,780,0,21,195
2024-08-05,SKU-DEC-111,132,0,7,110
2024-08-05,SKU-DEC-112,171,458,28,573
2024-08-05,SKU-DEC-113,168,192,14,240
2024-08-05,SKU-DEC-114,270,720,28,900
2024-08-05,SKU-DEC-115,420,0,7,105
2024-08-05,SKU-DEC-116,828,0,7,207
2024-08-05,SKU-DEC-117,656,0,14,164
2024-08-05,SKU-DEC-118,66,176,21,221
2024-08-05,SKU-DEC-119,1164,0,14,291
2024-08-05,SKU-DEC-120,1597,0,28,639
2024-08-05,SKU-LIG-121,160,427,21,534
2024-08-05,SKU-LIG-122,105,282,28,353
2024-08-05,SKU-LIG-123,139,159,7,199
2024-08-05,SKU-LIG-124,66,177,7,222
2024-08-05,SKU-LIG-125,308,0,7,77
2024-08-05,SKU-LIG-126,376,0,21,314
2024-08-05,SKU-LIG-127,1880,0,21,470
2024-08-05,SKU-LIG-128,158,0,7,132
2024-08-05,SKU-LIG-129,815,0,14,326
2024-08-05,SKU-LIG-130,664,0,7,166
2024-08-05,SKU-LIG-131,115,308,14,386
2024-08-05,SKU-LIG-132,37,100,7,126
2024-08-05,SKU-LIG-133,1724,0,14,431
2024-08-05,SKU-LIG-134,101,270,21,338
2024-08-05,SKU-LIG-135,387,0,14,323
2024-08-05,SKU-LIG-136,283,324,21,405
2024-08-05,SKU-LIG-137,1187,0,21,475
2024-08-05,SKU-LIG-138,350,0,28,292
2024-08-05,SKU-LIG-139,1792,0,14,448
2024-08-05,SKU-LIG-140,94,0,7,79
2024-08-05,SKU-LIG-141,401,458,21,573
2024-08-05,SKU-LIG-142,1260,0,21,504
2024-08-05,SKU-LIG-143,1288,0,21,322
2024-08-05,SKU-LIG-144,53,60,7,76
2024-08-05,SKU-LIG-145,123,0,7,103
2024-08-05,SKU-LIG-146,1555,0,28,622
2024-08-05,SKU-LIG-147,106,0,7,89
2024-08-05,SKU-LIG-148,657,0,14,263
2024-08-05,SKU-LIG-149,858,0,28,715
2024-08-05,SKU-LIG-150,169,0,7,141
2024-08-05,SKU-LIG-151,1092,0,28,273
2024-08-05,SKU-LIG-152,155,177,14,222
2024-08-05,SKU-LIG-153,440,0,7,110
2024-08-05,SKU-LIG-154,248,663,28,829
2024-08-05,SKU-LIG-155,178,0,14,149
2024-08-05,SKU-LIG-156,367,0,21,306
2024-08-05,SKU-LIG-157,96,257,21,322
2024-08-05,SKU-LIG-158,939,0,28,783
2024-08-05,SKU-LIG-159,48,129,7,162
2024-08-05,SKU-LIG-160,1584,0,14,396
2024-08-05,SKU-SMA-161,86,230,21,288
2024-08-05,SKU-SMA-162,984,0,21,246
2024-08-05,SKU-SMA-163,241,0,14,201
2024-08-05,SKU-SMA-164,79,211,21,264
2024-08-05,SKU-SMA-165,32,85,7,107
2024-08-05,SKU-SMA-166,1388,0,28,347
2024-08-05,SKU-SMA-167,876,0,21,219
2024-08-05,SKU-SMA-168,980,0,14,392
2024-08-05,SKU-SMA-169,455,520,28,651
2024-08-05,SKU-SMA-170,502,0,7,201
2024-08-05,SKU-SMA-171,457,522,21,653
2024-08-05,SKU-SMA-172,191,218,14,273
2024-08-05,SKU-SMA-173,339,0,14,283
2024-08-05,SKU-SMA-174,273,0,14,228
2024-08-05,SKU-SMA-175,2088,0,28,522
2024-08-05,SKU-SMA-176,228,260,21,326
2024-08-05,SKU-SMA-177,138,368,21,461
2024-08-05,SKU-SMA-178,682,0,14,273
2024-08-05,SKU-SMA-179,407,0,7,163
2024-08-05,SKU-SMA-180,148,169,7,212
2024-08-05,SKU-SMA-181,521,596,28,745
2024-08-05,SKU-SMA-182,49,131,7,164
2024-08-05,SKU-SMA-183,1076,0,28,269
2024-08-05,SKU-SMA-184,121,0,7,101
2024-08-05,SKU-SMA-185,211,0,7,176
2024-08-05,SKU-SMA-186,249,664,28,830
2024-08-05,SKU-SMA-187,338,387,21,484
2024-08-05,SKU-SMA-188,662,0,28,265
2024-08-05,SKU-SMA-189,535,612,28,765
2024-08-05,SKU-SMA-190,2408,0,21,602
2024-08-05,SKU-SMA-191,382,0,14,319
2024-08-05,SKU-SMA-192,458,0,14,382
2024-08-05,SKU-SMA-193,258,295,28,369
2024-08-05,SKU-SMA-194,375,0,7,150
2024-08-05,SKU-SMA-195,1027,0,21,411
2024-08-05,SKU-SMA-196,262,0,14,219
2024-08-05,SKU-SMA-197,322,368,14,460
2024-08-05,SKU-SMA-198,680,0,14,272
2024-08-05,SKU-SMA-199,958,0,28,799
2024-08-05,SKU-SMA-200,1083,0,28,903
2024-08-12,SKU-BED-001,1796,0,14,449
2024-08-12,SKU-BED-002,128,146,7,183
2024-08-12,SKU-BED-003,464,0,14,387
2024-08-12,SKU-BED-004,905,0,28,362
2024-08-12,SKU-BED-005,1844,0,28,461
2024-08-12,SKU-BED-006,1600,0,28,640
2024-08-12,SKU-BED-007,1051,0,28,876
2024-08-12,SKU-BED-008,111,127,7,159
2024-08-12,SKU-BED-009,860,0,7,215
2024-08-12,SKU-BED-010,176,201,14,252
2024-08-12,SKU-BED-011,2652,0,21,663
2024-08-12,SKU-BED-012,768,0,14,192
2024-08-12,SKU-BED-013,194,0,7,162
2024-08-12,SKU-BED-014,182,485,21,607
2024-08-12,SKU-BED-015,248,0,14,207
2024-08-12,SKU-BED-016,503,576,28,720
2024-08-12,SKU-BED-017,68,181,14,227
2024-08-12,SKU-BED-018,159,426,21,533
2024-08-12,SKU-BED-019,3172,0,28,793
2024-08-12,SKU-BED-020,944,0,28,787
2024-08-12,SKU-BED-021,1896,0,21,474
2024-08-12,SKU-BED-022,556,0,14,139
2024-08-12,SKU-BED-023,137,365,21,457
2024-08-12,SKU-BED-024,626,0,21,522
2024-08-12,SKU-BED-025,51,59,7,74
2024-08-12,SKU-BED-026,1717,0,28,687
2024-08-12,SKU-BED-027,325,0,14,130
2024-08-12,SKU-BED-028,2136,0,28,534
2024-08-12,SKU-BED-029,43,116,7,145
2024-08-12,SKU-BED-030,94,108,7,135
2024-08-12,SKU-BED-031,36,98,7,123
2024-08-12,SKU-BED-032,255,680,28,851
2024-08-12,SKU-BED-033,98,112,7,140
2024-08-12,SKU-BED-034,61,70,7,88
2024-08-12,SKU-BED-035,925,0,28,370
2024-08-12,SKU-BED-036,105,120,7,150
2024-08-12,SKU-BED-037,826,0,28,689
2024-08-12,SKU-BED-038,415,0,7,166
2024-08-12,SKU-BED-039,542,0,7,217
2024-08-12,SKU-BED-040,135,154,7,193
2024-08-12,SKU-FUR-041,42,112,7,141
2024-08-12,SKU-FUR-042,2015,0,28,806
2024-08-12,SKU-FUR-043,146,389,21,487
2024-08-12,SKU-FUR-044,877,0,21,351
2024-08-12,SKU-FUR-045,218,249,21,312
2024-08-12,SKU-FUR-046,308,352,14,440
2024-08-12,SKU-FUR-047,131,351,28,439
2024-08-12,SKU-FUR-048,193,221,14,277
2024-08-12,SKU-FUR-049,529,604,28,756
2024-08-12,SKU-FUR-050,2536,0,28,634
2024-08-12,SKU-FUR-051,1312,0,21,525
2024-08-12,SKU-FUR-052,956,0,14,239
2024-08-12,SKU-FUR-053,87,233,14,292
2024-08-12,SKU-FUR-054,282,0,14,235
2024-08-12,SKU-FUR-055,346,0,14,289
2024-08-12,SKU-FUR-056,36,97,7,122
2024-08-12,SKU-FUR-057,223,255,21,319
2024-08-12,SKU-FUR-058,1316,0,21,329
2024-08-12,SKU-FUR-059,1222,0,21,489
2024-08-12,SKU-FUR-060,252,0,7,210
2024-08-12,SKU-FUR-061,93,249,14,312
2024-08-12,SKU-FUR-062,1122,0,21,449
2024-08-12,SKU-FUR-063,1520,0,28,380
2024-08-12,SKU-FUR-064,1240,0,21,310
2024-08-12,SKU-FUR-065,91,104,7,131
2024-08-12,SKU-FUR-066,93,249,14,312
2024-08-12,SKU-FUR-067,289,330,28,413
2024-08-12,SKU-FUR-068,299,342,21,428
2024-08-12,SKU-FUR-069,876,0,28,730
2024-08-12,SKU-FUR-070,165,442,28,553
2024-08-12,SKU-FUR-071,91,104,14,131
2024-08-12,SKU-FUR-072,538,0,28,449
2024-08-12,SKU-FUR-073,274,313,21,392
2024-08-12,SKU-FUR-074,123,0,7,103
2024-08-12,SKU-FUR-075,435,0,7,174
2024-08-12,SKU-FUR-076,935,0,21,374
2024-08-12,SKU-FUR-077,186,0,7,155
2024-08-12,SKU-FUR-078,434,0,21,362
2024-08-12,SKU-FUR-079,829,0,21,691
2024-08-12,SKU-FUR-080,1552,0,28,621
2024-08-12,SKU-DEC-081,585,0,28,488
2024-08-12,SKU-DEC-082,389,444,28,556
2024-08-12,SKU-DEC-083,79,91,7,114
2024-08-12,SKU-DEC-084,243,0,14,203
2024-08-12,SKU-DEC-085,460,0,7,184
2024-08-12,SKU-DEC-086,81,92,7,116
2024-08-12,SKU-DEC-087,112,300,14,375
2024-08-12,SKU-DEC-088,133,356,14,445
2024-08-12,SKU-DEC-089,124,142,7,178
2024-08-12,SKU-DEC-090,1140,0,21,285
2024-08-12,SKU-DEC-091,224,598,28,748
2024-08-12,SKU-DEC-092,1312,0,21,328
2024-08-12,SKU-DEC-093,453,518,28,648
2024-08-12,SKU-DEC-094,2288,0,21,572
2024-08-12,SKU-DEC-095,97,260,14,326
2024-08-12,SKU-DEC-096,567,0,7,227
2024-08-12,SKU-DEC-097,1620,0,14,405
2024-08-12,SKU-DEC-098,280,0,7,112
2024-08-12,SKU-DEC-099,259,296,21,370
2024-08-12,SKU-DEC-100,409,0,21,341
2024-08-12,SKU-DEC-101,1362,0,21,545
2024-08-12,SKU-DEC-102,672,0,14,168
2024-08-12,SKU-DEC-103,844,0,21,211
2024-08-12,SKU-DEC-104,151,172,21,216
2024-08-12,SKU-DEC-105,280,0,7,112
2024-08-12,SKU-DEC-106,620,708,28,886
2024-08-12,SKU-DEC-107,2040,0,21,510
2024-08-12,SKU-DEC-108,227,605,28,757
2024-08-12,SKU-DEC-109,192,0,14,160
2024-08-12,SKU-DEC-110,1040,0,28,260
2024-08-12,SKU-DEC-111,132,0,7,110
2024-08-12,SKU-DEC-112,1144,0,14,286
2024-08-12,SKU-DEC-113,336,384,28,480
2024-08-12,SKU-DEC-114,270,0,7,225
2024-08-12,SKU-DEC-115,221,252,21,316
2024-08-12,SKU-DEC-116,186,498,21,623
2024-08-12,SKU-DEC-117,410,0,14,164
2024-08-12,SKU-DEC-118,88,236,28,295
2024-08-12,SKU-DEC-119,727,0,14,291
2024-08-12,SKU-DEC-120,191,511,28,639
2024-08-12,SKU-LIG-121,445,0,7,178
2024-08-12,SKU-LIG-122,220,0,7,88
2024-08-12,SKU-LIG-123,239,637,28,797
2024-08-12,SKU-LIG-124,1110,0,14,444
2024-08-12,SKU-LIG-125,616,0,14,154
2024-08-12,SKU-LIG-126,72,83,7,104
2024-08-12,SKU-LIG-127,188,501,28,627
2024-08-12,SKU-LIG-128,159,424,28,531
2024-08-12,SKU-LIG-129,1304,0,14,326
2024-08-12,SKU-LIG-130,233,266,14,333
2024-08-12,SKU-LIG-131,541,618,28,773
2024-08-12,SKU-LIG-132,303,0,14,253
2024-08-12,SKU-LIG-133,129,344,14,431
2024-08-12,SKU-LIG-134,33,89,7,112
2024-08-12,SKU-LIG-135,226,258,14,323
2024-08-12,SKU-LIG-136,162,432,28,540
2024-08-12,SKU-LIG-137,792,0,14,317
2024-08-12,SKU-LIG-138,204,233,28,292
2024-08-12,SKU-LIG-139,1680,0,21,672
2024-08-12,SKU-LIG-140,197,0,7,79
2024-08-12,SKU-LIG-141,171,458,21,573
2024-08-12,SKU-LIG-142,2016,0,21,504
2024-08-12,SKU-LIG-143,74,85,7,107
2024-08-12,SKU-LIG-144,304,0,7,76
2024-08-12,SKU-LIG-145,257,0,7,103
2024-08-12,SKU-LIG-146,1167,0,21,467
2024-08-12,SKU-LIG-147,107,285,28,357
2024-08-12,SKU-LIG-148,275,315,21,394
2024-08-12,SKU-LIG-149,712,0,7,178
2024-08-12,SKU-LIG-150,127,340,21,425
2024-08-12,SKU-LIG-151,682,0,28,273
2024-08-12,SKU-LIG-152,33,88,7,111
2024-08-12,SKU-LIG-153,529,0,28,441
2024-08-12,SKU-LIG-154,435,497,21,622
2024-08-12,SKU-LIG-155,358,0,28,299
2024-08-12,SKU-LIG-156,408,0,7,102
2024-08-12,SKU-LIG-157,74,85,7,107
2024-08-12,SKU-LIG-158,273,312,14,391
2024-08-12,SKU-LIG-159,810,0,14,324
2024-08-12,SKU-LIG-160,277,316,14,396
2024-08-12,SKU-SMA-161,1536,0,28,384
2024-08-12,SKU-SMA-162,57,65,7,82
2024-08-12,SKU-SMA-163,120,322,28,403
2024-08-12,SKU-SMA-164,123,140,14,176
2024-08-12,SKU-SMA-165,1288,0,21,322
2024-08-12,SKU-SMA-166,103,0,7,86
2024-08-12,SKU-SMA-167,876,0,21,219
2024-08-12,SKU-SMA-168,940,0,28,784
2024-08-12,SKU-SMA-169,1300,0,14,325
2024-08-12,SKU-SMA-170,140,160,7,201
2024-08-12,SKU-SMA-171,3484,0,28,871
2024-08-12,SKU-SMA-172,287,328,21,410
2024-08-12,SKU-SMA-173,169,452,28,566
2024-08-12,SKU-SMA-174,136,364,28,456
2024-08-12,SKU-SMA-175,156,0,7,130
2024-08-12,SKU-SMA-176,868,0,14,217
2024-08-12,SKU-SMA-177,138,368,21,461
2024-08-12,SKU-SMA-178,163,436,28,546
2024-08-12,SKU-SMA-179,228,260,14,326
2024-08-12,SKU-SMA-180,445,509,21,637
2024-08-12,SKU-SMA-181,391,447,21,559
2024-08-12,SKU-SMA-182,591,0,21,493
2024-08-12,SKU-SMA-183,80,215,28,269
2024-08-12,SKU-SMA-184,212,243,21,304
2024-08-12,SKU-SMA-185,369,422,21,528
2024-08-12,SKU-SMA-186,746,0,21,622
2024-08-12,SKU-SMA-187,1210,0,21,484
2024-08-12,SKU-SMA-188,59,159,21,199
2024-08-12,SKU-SMA-189,1912,0,28,765
2024-08-12,SKU-SMA-190,280,320,14,401
2024-08-12,SKU-SMA-191,1597,0,28,639
2024-08-12,SKU-SMA-192,916,0,28,764
2024-08-12,SKU-SMA-193,692,0,21,277
2024-08-12,SKU-SMA-194,420,480,28,600
2024-08-12,SKU-SMA-195,95,109,7,137
2024-08-12,SKU-SMA-196,98,263,21,329
2024-08-12,SKU-SMA-197,2764,0,21,691
2024-08-12,SKU-SMA-198,680,0,14,272
2024-08-12,SKU-SMA-199,3196,0,28,799
2024-08-12,SKU-SMA-200,203,541,21,677
2024-08-19,SKU-BED-001,1122,0,14,449
2024-08-19,SKU-BED-002,165,440,21,551
2024-08-19,SKU-BED-003,772,0,7,193
2024-08-19,SKU-BED-004,108,289,28,362
2024-08-19,SKU-BED-005,241,276,21,345
2024-08-19,SKU-BED-006,768,0,28,640
2024-08-19,SKU-BED-007,1051,0,28,876
2024-08-19,SKU-BED-008,446,510,28,638
2024-08-19,SKU-BED-009,258,0,7,215
2024-08-19,SKU-BED-010,151,403,28,504
2024-08-19,SKU-BED-011,2210,0,28,884
2024-08-19,SKU-BED-012,67,76,7,96
2024-08-19,SKU-BED-013,584,0,21,487
2024-08-19,SKU-BED-014,567,648,28,810
2024-08-19,SKU-BED-015,498,0,28,415
2024-08-19,SKU-BED-016,125,144,7,180
2024-08-19,SKU-BED-017,136,363,28,454
2024-08-19,SKU-BED-018,639,0,21,533
2024-08-19,SKU-BED-019,712,0,21,594
2024-08-19,SKU-BED-020,1967,0,28,787
2024-08-19,SKU-BED-021,568,0,21,474
2024-08-19,SKU-BED-022,1116,0,28,279
2024-08-19,SKU-BED-023,213,244,14,305
2024-08-19,SKU-BED-024,156,417,21,522
2024-08-19,SKU-BED-025,22,59,7,74
2024-08-19,SKU-BED-026,1372,0,14,343
2024-08-19,SKU-BED-027,234,0,21,195
2024-08-19,SKU-BED-028,480,0,21,400
2024-08-19,SKU-BED-029,130,348,21,436
2024-08-19,SKU-BED-030,162,0,7,135
2024-08-19,SKU-BED-031,927,0,21,371
2024-08-19,SKU-BED-032,595,680,28,851
2024-08-19,SKU-BED-033,1120,0,14,280
2024-08-19,SKU-BED-034,61,70,7,88
2024-08-19,SKU-BED-035,55,148,14,185
2024-08-19,SKU-BED-036,1804,0,21,451
2024-08-19,SKU-BED-037,860,0,14,344
2024-08-19,SKU-BED-038,830,0,14,332
2024-08-19,SKU-BED-039,542,0,7,217
2024-08-19,SKU-BED-040,135,154,7,193
2024-08-19,SKU-FUR-041,564,0,7,141
2024-08-19,SKU-FUR-042,1007,0,14,403
2024-08-19,SKU-FUR-043,48,129,7,162
2024-08-19,SKU-FUR-044,280,0,14,234
2024-08-19,SKU-FUR-045,374,0,21,312
2024-08-19,SKU-FUR-046,792,0,21,660
2024-08-19,SKU-FUR-047,65,175,14,219
2024-08-19,SKU-FUR-048,332,0,14,277
2024-08-19,SKU-FUR-049,945,0,14,378
2024-08-19,SKU-FUR-050,221,253,14,317
2024-08-19,SKU-FUR-051,157,420,21,525
2024-08-19,SKU-FUR-052,142,0,7,119
2024-08-19,SKU-FUR-053,584,0,7,146
2024-08-19,SKU-FUR-054,1880,0,28,470
2024-08-19,SKU-FUR-055,130,347,21,434
2024-08-19,SKU-FUR-056,85,97,7,122
2024-08-19,SKU-FUR-057,1062,0,28,425
2024-08-19,SKU-FUR-058,822,0,21,329
2024-08-19,SKU-FUR-059,195,0,7,163
2024-08-19,SKU-FUR-060,3372,0,28,843
2024-08-19,SKU-FUR-061,1876,0,21,469
2024-08-19,SKU-FUR-062,104,119,7,149
2024-08-19,SKU-FUR-063,228,0,14,190
2024-08-19,SKU-FUR-064,62,165,14,207
2024-08-19,SKU-FUR-065,367,420,28,525
2024-08-19,SKU-FUR-066,1562,0,28,625
2024-08-19,SKU-FUR-067,775,0,21,310
2024-08-19,SKU-FUR-068,85,228,14,285
2024-08-19,SKU-FUR-069,2920,0,28,730
2024-08-19,SKU-FUR-070,165,442,28,553
2024-08-19,SKU-FUR-071,45,52,7,65
2024-08-19,SKU-FUR-072,33,89,7,112
2024-08-19,SKU-FUR-073,156,0,7,130
2024-08-19,SKU-FUR-074,30,82,7,103
2024-08-19,SKU-FUR-075,2792,0,28,698
2024-08-19,SKU-FUR-076,112,299,21,374
2024-08-19,SKU-FUR-077,1557,0,28,623
2024-08-19,SKU-FUR-078,72,192,14,241
2024-08-19,SKU-FUR-079,575,0,7,230
2024-08-19,SKU-FUR-080,387,0,7,155
2024-08-19,SKU-DEC-081,585,0,28,488
2024-08-19,SKU-DEC-082,83,222,14,278
2024-08-19,SKU-DEC-083,572,0,14,229
2024-08-19,SKU-DEC-084,243,0,14,203
2024-08-19,SKU-DEC-085,386,441,21,552
2024-08-19,SKU-DEC-086,1392,0,21,348
2024-08-19,SKU-DEC-087,112,300,14,375
2024-08-19,SKU-DEC-088,266,0,7,222
2024-08-19,SKU-DEC-089,500,572,28,715
2024-08-19,SKU-DEC-090,66,76,7,95
2024-08-19,SKU-DEC-091,261,299,14,374
2024-08-19,SKU-DEC-092,65,174,14,218
2024-08-19,SKU-DEC-093,583,0,21,486
2024-08-19,SKU-DEC-094,1524,0,14,381
2024-08-19,SKU-DEC-095,2612,0,28,653
2024-08-19,SKU-DEC-096,478,546,21,683
2024-08-19,SKU-DEC-097,242,0,7,202
2024-08-19,SKU-DEC-098,280,0,7,112
2024-08-19,SKU-DEC-099,1480,0,21,370
2024-08-19,SKU-DEC-100,546,0,28,455
2024-08-19,SKU-DEC-101,1362,0,21,545
2024-08-19,SKU-DEC-102,176,201,21,252
2024-08-19,SKU-DEC-103,63,168,21,211
2024-08-19,SKU-DEC-104,345,0,28,288
2024-08-19,SKU-DEC-105,1120,0,28,448
2024-08-19,SKU-DEC-106,531,0,14,443
2024-08-19,SKU-DEC-107,408,0,14,340
2024-08-19,SKU-DEC-108,1420,0,21,568
2024-08-19,SKU-DEC-109,1280,0,28,320
2024-08-19,SKU-DEC-110,78,0,7,65
2024-08-19,SKU-DEC-111,99,265,21,332
2024-08-19,SKU-DEC-112,715,0,14,286
2024-08-19,SKU-DEC-113,251,288,21,360
2024-08-19,SKU-DEC-114,472,540,21,675
2024-08-19,SKU-DEC-115,252,0,14,210
2024-08-19,SKU-DEC-116,517,0,7,207
2024-08-19,SKU-DEC-117,196,0,14,164
2024-08-19,SKU-DEC-118,737,0,28,295
2024-08-19,SKU-DEC-119,523,0,21,436
2024-08-19,SKU-DEC-120,1597,0,28,639
2024-08-19,SKU-LIG-121,2136,0,21,534
2024-08-19,SKU-LIG-122,185,212,21,265
2024-08-19,SKU-LIG-123,956,0,28,797
2024-08-19,SKU-LIG-124,133,355,14,444
2024-08-19,SKU-LIG-125,69,184,21,231
2024-08-19,SKU-LIG-126,1256,0,21,314
2024-08-19,SKU-LIG-127,46,124,7,156
2024-08-19,SKU-LIG-128,637,0,28,531
2024-08-19,SKU-LIG-129,782,0,28,652
2024-08-19,SKU-LIG-130,415,0,7,166
2024-08-19,SKU-LIG-131,1447,0,21,579
2024-08-19,SKU-LIG-132,950,0,21,380
2024-08-19,SKU-LIG-133,860,0,7,215
2024-08-19,SKU-LIG-134,33,89,7,112
2024-08-19,SKU-LIG-135,226,258,14,323
2024-08-19,SKU-LIG-136,94,108,7,135
2024-08-19,SKU-LIG-137,792,0,14,317
2024-08-19,SKU-LIG-138,584,0,14,146
2024-08-19,SKU-LIG-139,896,0,7,224
2024-08-19,SKU-LIG-140,316,0,7,79
2024-08-19,SKU-LIG-141,229,0,7,191
2024-08-19,SKU-LIG-142,151,403,21,504
2024-08-19,SKU-LIG-143,149,171,14,214
2024-08-19,SKU-LIG-144,916,0,21,229
2024-08-19,SKU-LIG-145,30,82,7,103
2024-08-19,SKU-LIG-146,373,0,14,311
2024-08-19,SKU-LIG-147,106,0,7,89
2024-08-19,SKU-LIG-148,118,315,21,394
2024-08-19,SKU-LIG-149,1340,0,21,536
2024-08-19,SKU-LIG-150,680,0,28,567
2024-08-19,SKU-LIG-151,1092,0,28,273
2024-08-19,SKU-LIG-152,311,356,28,445
2024-08-19,SKU-LIG-153,99,264,21,331
2024-08-19,SKU-LIG-154,62,165,7,207
2024-08-19,SKU-LIG-155,22,59,7,74
2024-08-19,SKU-LIG-156,408,0,7,102
2024-08-19,SKU-LIG-157,128,0,7,107
2024-08-19,SKU-LIG-158,2348,0,21,587
2024-08-19,SKU-LIG-159,1215,0,21,486
2024-08-19,SKU-LIG-160,415,475,21,594
2024-08-19,SKU-SMA-161,115,307,28,384
2024-08-19,SKU-SMA-162,98,0,7,82
2024-08-19,SKU-SMA-163,90,241,21,302
2024-08-19,SKU-SMA-164,880,0,28,352
2024-08-19,SKU-SMA-165,258,0,14,215
2024-08-19,SKU-SMA-166,416,0,28,347
2024-08-19,SKU-SMA-167,87,233,28,292
2024-08-19,SKU-SMA-168,411,470,21,588
2024-08-19,SKU-SMA-169,227,260,14,325
2024-08-19,SKU-SMA-170,60,160,7,201
2024-08-19,SKU-SMA-171,304,348,14,435
2024-08-19,SKU-SMA-172,163,0,7,136
2024-08-19,SKU-SMA-173,84,226,14,283
2024-08-19,SKU-SMA-174,136,364,28,456
2024-08-19,SKU-SMA-175,182,208,14,261
2024-08-19,SKU-SMA-176,391,0,21,326
2024-08-19,SKU-SMA-177,92,245,14,307
2024-08-19,SKU-SMA-178,340,0,7,136
2024-08-19,SKU-SMA-179,1304,0,14,326
2024-08-19,SKU-SMA-180,1060,0,14,424
2024-08-19,SKU-SMA-181,223,596,28,745
2024-08-19,SKU-SMA-182,197,525,28,657
2024-08-19,SKU-SMA-183,141,161,21,202
2024-08-19,SKU-SMA-184,404,0,7,101
2024-08-19,SKU-SMA-185,1762,0,28,705
2024-08-19,SKU-SMA-186,290,332,14,415
2024-08-19,SKU-SMA-187,1292,0,14,323
2024-08-19,SKU-SMA-188,39,105,14,132
2024-08-19,SKU-SMA-189,3060,0,28,765
2024-08-19,SKU-SMA-190,421,481,21,602
2024-08-19,SKU-SMA-191,47,127,7,159
2024-08-19,SKU-SMA-192,57,152,7,191
2024-08-19,SKU-SMA-193,442,0,28,369
2024-08-19,SKU-SMA-194,2400,0,28,600
2024-08-19,SKU-SMA-195,1027,0,21,411
2024-08-19,SKU-SMA-196,131,350,28,438
2024-08-19,SKU-SMA-197,276,0,7,230
2024-08-19,SKU-SMA-198,340,0,7,136
2024-08-19,SKU-SMA-199,119,319,14,399
2024-08-19,SKU-SMA-200,900,0,7,225
2024-08-26,SKU-BED-001,268,0,7,224
2024-08-26,SKU-BED-002,220,587,28,734
2024-08-26,SKU-BED-003,482,0,7,193
2024-08-26,SKU-BED-004,108,0,7,90
2024-08-26,SKU-BED-005,322,368,28,461
2024-08-26,SKU-BED-006,192,512,28,640
2024-08-26,SKU-BED-007,1642,0,21,657
2024-08-26,SKU-BED-008,1595,0,28,638
2024-08-26,SKU-BED-009,1077,0,14,431
2024-08-26,SKU-BED-010,352,403,28,504
2024-08-26,SKU-BED-011,154,176,7,221
2024-08-26,SKU-BED-012,67,76,7,96
2024-08-26,SKU-BED-013,340,389,21,487
2024-08-26,SKU-BED-014,567,648,28,810
2024-08-26,SKU-BED-015,123,0,7,103
2024-08-26,SKU-BED-016,2160,0,21,540
2024-08-26,SKU-BED-017,33,90,7,113
2024-08-26,SKU-BED-018,2844,0,28,711
2024-08-26,SKU-BED-019,990,0,14,396
2024-08-26,SKU-BED-020,708,0,21,590
2024-08-26,SKU-BED-021,632,0,7,158
2024-08-26,SKU-BED-022,82,0,7,69
2024-08-26,SKU-BED-023,762,0,14,305
2024-08-26,SKU-BED-024,52,139,7,174
2024-08-26,SKU-BED-025,51,59,7,74
2024-08-26,SKU-BED-026,1717,0,28,687
2024-08-26,SKU-BED-027,78,208,28,260
2024-08-26,SKU-BED-028,1000,0,21,400
2024-08-26,SKU-BED-029,174,0,7,145
2024-08-26,SKU-BED-030,162,434,28,543
2024-08-26,SKU-BED-031,148,396,28,495
2024-08-26,SKU-BED-032,446,510,21,638
2024-08-26,SKU-BED-033,196,224,14,280
2024-08-26,SKU-BED-034,61,70,7,88
2024-08-26,SKU-BED-035,110,0,7,92
2024-08-26,SKU-BED-036,541,0,21,451
2024-08-26,SKU-BED-037,1290,0,21,516
2024-08-26,SKU-BED-038,830,0,14,332
2024-08-26,SKU-BED-039,608,695,28,869
2024-08-26,SKU-BED-040,115,308,14,386
2024-08-26,SKU-FUR-041,2256,0,28,564
2024-08-26,SKU-FUR-042,483,0,14,403
2024-08-26,SKU-FUR-043,390,0,14,325
2024-08-26,SKU-FUR-044,1404,0,21,351
2024-08-26,SKU-FUR-045,72,83,7,104
2024-08-26,SKU-FUR-046,198,528,21,660
2024-08-26,SKU-FUR-047,153,175,14,219
2024-08-26,SKU-FUR-048,193,221,14,277
2024-08-26,SKU-FUR-049,945,0,14,378
2024-08-26,SKU-FUR-050,792,0,14,317
2024-08-26,SKU-FUR-051,105,280,14,350
2024-08-26,SKU-FUR-052,71,191,14,239
2024-08-26,SKU-FUR-053,204,233,14,292
2024-08-26,SKU-FUR-054,1175,0,28,470
2024-08-26,SKU-FUR-055,360,0,7,144
2024-08-26,SKU-FUR-056,612,0,14,245
2024-08-26,SKU-FUR-057,127,0,7,106
2024-08-26,SKU-FUR-058,822,0,21,329
2024-08-26,SKU-FUR-059,782,0,28,652
2024-08-26,SKU-FUR-060,126,336,14,421
2024-08-26,SKU-FUR-061,187,500,28,625
2024-08-26,SKU-FUR-062,89,239,14,299
2024-08-26,SKU-FUR-063,456,0,28,380
2024-08-26,SKU-FUR-064,124,331,28,414
2024-08-26,SKU-FUR-065,314,0,14,262
2024-08-26,SKU-FUR-066,374,0,14,312
2024-08-26,SKU-FUR-067,1240,0,21,310
2024-08-26,SKU-FUR-068,171,456,28,571
2024-08-26,SKU-FUR-069,219,584,28,730
2024-08-26,SKU-FUR-070,1035,0,21,414
2024-08-26,SKU-FUR-071,91,104,14,131
2024-08-26,SKU-FUR-072,134,359,28,449
2024-08-26,SKU-FUR-073,1568,0,21,392
2024-08-26,SKU-FUR-074,1660,0,28,415
2024-08-26,SKU-FUR-075,696,0,7,174
2024-08-26,SKU-FUR-076,149,399,28,499
2024-08-26,SKU-FUR-077,46,124,7,155
2024-08-26,SKU-FUR-078,253,289,21,362
2024-08-26,SKU-FUR-079,2764,0,21,691
2024-08-26,SKU-FUR-080,139,372,21,466
2024-08-26,SKU-DEC-081,170,195,14,244
2024-08-26,SKU-DEC-082,1112,0,14,278
2024-08-26,SKU-DEC-083,136,0,7,114
2024-08-26,SKU-DEC-084,284,324,28,406
2024-08-26,SKU-DEC-085,1380,0,21,552
2024-08-26,SKU-DEC-086,417,0,21,348
2024-08-26,SKU-DEC-087,394,450,21,563
2024-08-26,SKU-DEC-088,2672,0,21,668
2024-08-26,SKU-DEC-089,124,142,7,178
2024-08-26,SKU-DEC-090,760,0,14,190
2024-08-26,SKU-DEC-091,897,0,28,748
2024-08-26,SKU-DEC-092,545,0,14,218
2024-08-26,SKU-DEC-093,1215,0,21,486
2024-08-26,SKU-DEC-094,2288,0,21,572
2024-08-26,SKU-DEC-095,586,0,21,489
2024-08-26,SKU-DEC-096,546,0,14,455
2024-08-26,SKU-DEC-097,141,161,7,202
2024-08-26,SKU-DEC-098,157,180,14,225
2024-08-26,SKU-DEC-099,111,296,21,370
2024-08-26,SKU-DEC-100,282,0,7,113
2024-08-26,SKU-DEC-101,381,436,21,545
2024-08-26,SKU-DEC-102,630,0,21,252
2024-08-26,SKU-DEC-103,197,225,28,282
2024-08-26,SKU-DEC-104,64,172,21,216
2024-08-26,SKU-DEC-105,537,0,28,448
2024-08-26,SKU-DEC-106,620,708,28,886
2024-08-26,SKU-DEC-107,2720,0,28,680
2024-08-26,SKU-DEC-108,113,302,14,378
2024-08-26,SKU-DEC-109,400,0,14,160
2024-08-26,SKU-DEC-110,325,0,14,130
2024-08-26,SKU-DEC-111,77,88,7,110
2024-08-26,SKU-DEC-112,401,458,28,573
2024-08-26,SKU-DEC-113,300,0,7,120
2024-08-26,SKU-DEC-114,67,180,7,225
2024-08-26,SKU-DEC-115,525,0,14,210
2024-08-26,SKU-DEC-116,498,0,14,415
2024-08-26,SKU-DEC-117,196,0,14,164
2024-08-26,SKU-DEC-118,552,0,21,221
2024-08-26,SKU-DEC-119,130,348,21,436
2024-08-26,SKU-DEC-120,335,383,21,479
2024-08-26,SKU-LIG-121,445,0,7,178
2024-08-26,SKU-LIG-122,61,70,7,88
2024-08-26,SKU-LIG-123,239,637,28,797
2024-08-26,SKU-LIG-124,622,711,28,889
2024-08-26,SKU-LIG-125,616,0,14,154
2024-08-26,SKU-LIG-126,836,0,14,209
2024-08-26,SKU-LIG-127,390,0,7,156
2024-08-26,SKU-LIG-128,79,212,14,265
2024-08-26,SKU-LIG-129,391,0,14,326
2024-08-26,SKU-LIG-130,1332,0,14,333
2024-08-26,SKU-LIG-131,57,154,7,193
2024-08-26,SKU-LIG-132,608,0,28,507
2024-08-26,SKU-LIG-133,301,344,14,431
2024-08-26,SKU-LIG-134,236,270,21,338
2024-08-26,SKU-LIG-135,145,388,21,485
2024-08-26,SKU-LIG-136,189,216,14,270
2024-08-26,SKU-LIG-137,1187,0,21,475
2024-08-26,SKU-LIG-138,547,0,21,219
2024-08-26,SKU-LIG-139,269,717,28,897
2024-08-26,SKU-LIG-140,94,0,7,79
2024-08-26,SKU-LIG-141,1910,0,28,764
2024-08-26,SKU-LIG-142,235,268,14,336
2024-08-26,SKU-LIG-143,300,343,28,429
2024-08-26,SKU-LIG-144,274,0,21,229
2024-08-26,SKU-LIG-145,92,247,21,309
2024-08-26,SKU-LIG-146,373,0,14,311
2024-08-26,SKU-LIG-147,124,142,14,178
2024-08-26,SKU-LIG-148,472,0,21,394
2024-08-26,SKU-LIG-149,1340,0,21,536
2024-08-26,SKU-LIG-150,198,226,14,283
2024-08-26,SKU-LIG-151,512,0,21,205
2024-08-26,SKU-LIG-152,888,0,14,222
2024-08-26,SKU-LIG-153,264,0,14,220
2024-08-26,SKU-LIG-154,124,331,14,414
2024-08-26,SKU-LIG-155,596,0,14,149
2024-08-26,SKU-LIG-156,408,0,7,102
2024-08-26,SKU-LIG-157,149,171,14,214
2024-08-26,SKU-LIG-158,58,156,7,195
2024-08-26,SKU-LIG-159,583,0,21,486
2024-08-26,SKU-LIG-160,792,0,7,198
2024-08-26,SKU-SMA-161,768,0,14,192
2024-08-26,SKU-SMA-162,615,0,21,246
2024-08-26,SKU-SMA-163,60,160,14,201
2024-08-26,SKU-SMA-164,440,0,14,176
2024-08-26,SKU-SMA-165,428,0,7,107
2024-08-26,SKU-SMA-166,215,0,7,86
2024-08-26,SKU-SMA-167,365,0,14,146
2024-08-26,SKU-SMA-168,1470,0,21,588
2024-08-26,SKU-SMA-169,405,0,7,162
2024-08-26,SKU-SMA-170,1005,0,14,402
2024-08-26,SKU-SMA-171,1087,0,14,435
2024-08-26,SKU-SMA-172,327,0,14,273
2024-08-26,SKU-SMA-173,2264,0,28,566
2024-08-26,SKU-SMA-174,912,0,14,228
2024-08-26,SKU-SMA-175,520,0,7,130
2024-08-26,SKU-SMA-176,32,86,7,108
2024-08-26,SKU-SMA-177,1535,0,28,614
2024-08-26,SKU-SMA-178,163,436,28,546
2024-08-26,SKU-SMA-179,1632,0,28,653
2024-08-26,SKU-SMA-180,296,339,14,424
2024-08-26,SKU-SMA-181,167,447,21,559
2024-08-26,SKU-SMA-182,1232,0,21,493
2024-08-26,SKU-SMA-183,46,53,7,67
2024-08-26,SKU-SMA-184,1620,0,28,405
2024-08-26,SKU-SMA-185,880,0,14,352
2024-08-26,SKU-SMA-186,3320,0,28,830
2024-08-26,SKU-SMA-187,1210,0,21,484
2024-08-26,SKU-SMA-188,796,0,21,199
2024-08-26,SKU-SMA-189,477,0,7,191
2024-08-26,SKU-SMA-190,1505,0,21,602
2024-08-26,SKU-SMA-191,382,0,14,319
2024-08-26,SKU-SMA-192,229,0,7,191
2024-08-26,SKU-SMA-193,1108,0,21,277
2024-08-26,SKU-SMA-194,135,360,21,450
2024-08-26,SKU-SMA-195,1644,0,21,411
2024-08-26,SKU-SMA-196,1316,0,21,329
2024-08-26,SKU-SMA-197,644,736,28,921
2024-08-26,SKU-SMA-198,122,326,21,408
2024-08-26,SKU-SMA-199,119,319,14,399
2024-08-26,SKU-SMA-200,1127,0,14,451
2024-09-02,SKU-BED-001,134,359,14,449
2024-09-02,SKU-BED-002,220,587,28,734
2024-09-02,SKU-BED-003,3096,0,28,774
2024-09-02,SKU-BED-004,360,0,7,90
2024-09-02,SKU-BED-005,1152,0,28,461
2024-09-02,SKU-BED-006,336,384,21,480
2024-09-02,SKU-BED-007,788,0,21,657
2024-09-02,SKU-BED-008,191,510,28,638
2024-09-02,SKU-BED-009,452,516,21,646
2024-09-02,SKU-BED-010,945,0,21,378
2024-09-02,SKU-BED-011,795,0,21,663
2024-09-02,SKU-BED-012,462,0,28,385
2024-09-02,SKU-BED-013,405,0,7,162
2024-09-02,SKU-BED-014,2428,0,21,607
2024-09-02,SKU-BED-015,517,0,14,207
2024-09-02,SKU-BED-016,216,576,28,720
2024-09-02,SKU-BED-017,567,0,14,227
2024-09-02,SKU-BED-018,53,141,7,177
2024-09-02,SKU-BED-019,475,0,14,396
2024-09-02,SKU-BED-020,550,629,28,787
2024-09-02,SKU-BED-021,189,0,7,158
2024-09-02,SKU-BED-022,334,0,28,279
2024-09-02,SKU-BED-023,1220,0,14,305
2024-09-02,SKU-BED-024,2088,0,21,522
2024-09-02,SKU-BED-025,178,0,14,149
2024-09-02,SKU-BED-026,360,412,21,515
2024-09-02,SKU-BED-027,45,52,7,65
2024-09-02,SKU-BED-028,93,106,7,133
2024-09-02,SKU-BED-029,130,348,21,436
2024-09-02,SKU-BED-030,81,216,14,271
2024-09-02,SKU-BED-031,1484,0,21,371
2024-09-02,SKU-BED-032,254,0,7,212
2024-09-02,SKU-BED-033,42,112,7,140
2024-09-02,SKU-BED-034,885,0,28,354
2024-09-02,SKU-BED-035,111,296,28,370
2024-09-02,SKU-BED-036,421,481,28,602
2024-09-02,SKU-BED-037,361,412,21,516
2024-09-02,SKU-BED-038,1662,0,28,665
2024-09-02,SKU-BED-039,260,695,28,869
2024-09-02,SKU-BED-040,694,0,21,579
2024-09-02,SKU-FUR-041,705,0,14,282
2024-09-02,SKU-FUR-042,967,0,28,806
2024-09-02,SKU-FUR-043,146,389,21,487
2024-09-02,SKU-FUR-044,585,0,14,234
2024-09-02,SKU-FUR-045,31,83,7,104
2024-09-02,SKU-FUR-046,2200,0,28,880
2024-09-02,SKU-FUR-047,394,0,21,329
2024-09-02,SKU-FUR-048,1108,0,14,277
2024-09-02,SKU-FUR-049,945,0,14,378
2024-09-02,SKU-FUR-050,1268,0,14,317
2024-09-02,SKU-FUR-051,841,0,28,701
2024-09-02,SKU-FUR-052,573,0,28,478
2024-09-02,SKU-FUR-053,1095,0,21,438
2024-09-02,SKU-FUR-054,1408,0,21,352
2024-09-02,SKU-FUR-055,576,0,7,144
2024-09-02,SKU-FUR-056,305,0,7,122
2024-09-02,SKU-FUR-057,127,0,7,106
2024-09-02,SKU-FUR-058,262,0,14,219
2024-09-02,SKU-FUR-059,782,0,28,652
2024-09-02,SKU-FUR-060,126,336,14,421
2024-09-02,SKU-FUR-061,1248,0,14,312
2024-09-02,SKU-FUR-062,718,0,28,599
2024-09-02,SKU-FUR-063,66,76,7,95
2024-09-02,SKU-FUR-064,412,0,7,103
2024-09-02,SKU-FUR-065,275,314,21,393
2024-09-02,SKU-FUR-066,1170,0,21,468
2024-09-02,SKU-FUR-067,1032,0,28,413
2024-09-02,SKU-FUR-068,128,342,21,428
2024-09-02,SKU-FUR-069,218,0,7,182
2024-09-02,SKU-FUR-070,1104,0,14,276
2024-09-02,SKU-FUR-071,78,210,28,263
2024-09-02,SKU-FUR-072,560,0,14,224
2024-09-02,SKU-FUR-073,325,0,7,130
2024-09-02,SKU-FUR-074,498,0,28,415
2024-09-02,SKU-FUR-075,1307,0,21,523
2024-09-02,SKU-FUR-076,261,299,21,374
2024-09-02,SKU-FUR-077,108,124,7,155
2024-09-02,SKU-FUR-078,905,0,21,362
2024-09-02,SKU-FUR-079,1727,0,21,691
2024-09-02,SKU-FUR-080,387,0,7,155
2024-09-02,SKU-DEC-081,85,97,7,122
2024-09-02,SKU-DEC-082,125,333,21,417
2024-09-02,SKU-DEC-083,274,0,14,229
2024-09-02,SKU-DEC-084,487,0,28,406
2024-09-02,SKU-DEC-085,55,147,7,184
2024-09-02,SKU-DEC-086,1160,0,28,464
2024-09-02,SKU-DEC-087,112,300,14,375
2024-09-02,SKU-DEC-088,2225,0,28,890
2024-09-02,SKU-DEC-089,213,0,7,178
2024-09-02,SKU-DEC-090,342,0,21,285
2024-09-02,SKU-DEC-091,523,598,28,748
2024-09-02,SKU-DEC-092,545,0,14,218
2024-09-02,SKU-DEC-093,1215,0,21,486
2024-09-02,SKU-DEC-094,457,0,14,381
2024-09-02,SKU-DEC-095,195,522,28,653
2024-09-02,SKU-DEC-096,318,364,14,455
2024-09-02,SKU-DEC-097,1520,0,21,608
2024-09-02,SKU-DEC-098,236,270,21,338
2024-09-02,SKU-DEC-099,172,197,14,247
2024-09-02,SKU-DEC-100,33,90,7,113
2024-09-02,SKU-DEC-101,254,290,14,363
2024-09-02,SKU-DEC-102,302,0,21,252
2024-09-02,SKU-DEC-103,253,0,21,211
2024-09-02,SKU-DEC-104,86,230,28,288
2024-09-02,SKU-DEC-105,403,0,21,336
2024-09-02,SKU-DEC-106,552,0,7,221
2024-09-02,SKU-DEC-107,204,0,7,170
2024-09-02,SKU-DEC-108,681,0,21,568
2024-09-02,SKU-DEC-109,192,0,14,160
2024-09-02,SKU-DEC-110,1040,0,28,260
2024-09-02,SKU-DEC-111,66,176,14,221
2024-09-02,SKU-DEC-112,171,458,28,573
2024-09-02,SKU-DEC-113,108,288,21,360
2024-09-02,SKU-DEC-114,135,360,14,450
2024-09-02,SKU-DEC-115,126,0,7,105
2024-09-02,SKU-DEC-116,2492,0,21,623
2024-09-02,SKU-DEC-117,172,196,21,246
2024-09-02,SKU-DEC-118,552,0,21,221
2024-09-02,SKU-DEC-119,523,0,21,436
2024-09-02,SKU-DEC-120,636,0,7,159
2024-09-02,SKU-LIG-121,1782,0,28,713
2024-09-02,SKU-LIG-122,26,70,7,88
2024-09-02,SKU-LIG-123,238,0,7,199
2024-09-02,SKU-LIG-124,800,0,21,667
2024-09-02,SKU-LIG-125,308,0,7,77
2024-09-02,SKU-LIG-126,1045,0,28,418
2024-09-02,SKU-LIG-127,375,0,14,313
2024-09-02,SKU-LIG-128,528,0,7,132
2024-09-02,SKU-LIG-129,407,0,7,163
2024-09-02,SKU-LIG-130,600,0,21,500
2024-09-02,SKU-LIG-131,965,0,14,386
2024-09-02,SKU-LIG-132,315,0,7,126
2024-09-02,SKU-LIG-133,258,689,28,862
2024-09-02,SKU-LIG-134,101,270,21,338
2024-09-02,SKU-LIG-135,1940,0,21,485
2024-09-02,SKU-LIG-136,675,0,14,270
2024-09-02,SKU-LIG-137,760,0,28,634
2024-09-02,SKU-LIG-138,1168,0,28,292
2024-09-02,SKU-LIG-139,134,358,14,448
2024-09-02,SKU-LIG-140,111,127,14,159
2024-09-02,SKU-LIG-141,229,611,28,764
2024-09-02,SKU-LIG-142,2688,0,28,672
2024-09-02,SKU-LIG-143,428,0,7,107
2024-09-02,SKU-LIG-144,214,244,28,306
2024-09-02,SKU-LIG-145,1652,0,28,413
2024-09-02,SKU-LIG-146,1868,0,21,467
2024-09-02,SKU-LIG-147,124,142,14,178
2024-09-02,SKU-LIG-148,985,0,21,394
2024-09-02,SKU-LIG-149,1340,0,21,536
2024-09-02,SKU-LIG-150,680,0,28,567
2024-09-02,SKU-LIG-151,81,0,7,68
2024-09-02,SKU-LIG-152,888,0,14,222
2024-09-02,SKU-LIG-153,154,176,14,220
2024-09-02,SKU-LIG-154,496,0,14,414
2024-09-02,SKU-LIG-155,209,239,28,299
2024-09-02,SKU-LIG-156,367,0,21,306
2024-09-02,SKU-LIG-157,428,0,7,107
2024-09-02,SKU-LIG-158,58,156,7,195
2024-09-02,SKU-LIG-159,1215,0,21,486
2024-09-02,SKU-LIG-160,178,475,21,594
2024-09-02,SKU-SMA-161,115,307,28,384
2024-09-02,SKU-SMA-162,230,263,28,329
2024-09-02,SKU-SMA-163,120,322,28,403
2024-09-02,SKU-SMA-164,220,0,7,88
2024-09-02,SKU-SMA-165,301,344,28,430
2024-09-02,SKU-SMA-166,207,0,14,173
2024-09-02,SKU-SMA-167,65,175,21,219
2024-09-02,SKU-SMA-168,1960,0,28,784
2024-09-02,SKU-SMA-169,1627,0,28,651
2024-09-02,SKU-SMA-170,2416,0,21,604
2024-09-02,SKU-SMA-171,1632,0,21,653
2024-09-02,SKU-SMA-172,287,328,21,410
2024-09-02,SKU-SMA-173,510,0,21,425
2024-09-02,SKU-SMA-174,136,0,7,114
2024-09-02,SKU-SMA-175,39,104,7,130
2024-09-02,SKU-SMA-176,1736,0,28,434
2024-09-02,SKU-SMA-177,382,0,7,153
2024-09-02,SKU-SMA-178,682,0,14,273
2024-09-02,SKU-SMA-179,343,392,21,490
2024-09-02,SKU-SMA-180,594,679,28,849
2024-09-02,SKU-SMA-181,446,0,14,372
2024-09-02,SKU-SMA-182,1312,0,14,328
2024-09-02,SKU-SMA-183,322,0,28,269
2024-09-02,SKU-SMA-184,212,243,21,304
2024-09-02,SKU-SMA-185,369,422,21,528
2024-09-02,SKU-SMA-186,62,165,7,207
2024-09-02,SKU-SMA-187,387,0,14,323
2024-09-02,SKU-SMA-188,497,0,21,199
2024-09-02,SKU-SMA-189,229,612,28,765
2024-09-02,SKU-SMA-190,280,320,14,401
2024-09-02,SKU-SMA-191,143,383,21,479
2024-09-02,SKU-SMA-192,458,0,14,382
2024-09-02,SKU-SMA-193,1108,0,21,277
2024-09-02,SKU-SMA-194,135,360,21,450
2024-09-02,SKU-SMA-195,328,0,14,274
2024-09-02,SKU-SMA-196,130,0,7,109
2024-09-02,SKU-SMA-197,276,736,28,921
2024-09-02,SKU-SMA-198,340,0,7,136
2024-09-02,SKU-SMA-199,179,479,21,599
2024-09-02,SKU-SMA-200,157,180,7,225
2024-09-09,SKU-BED-001,67,179,7,224
2024-09-09,SKU-BED-002,54,146,7,183
2024-09-09,SKU-BED-003,3096,0,28,774
2024-09-09,SKU-BED-004,905,0,28,362
2024-09-09,SKU-BED-005,80,92,7,115
2024-09-09,SKU-BED-006,400,0,7,160
2024-09-09,SKU-BED-007,876,0,7,219
2024-09-09,SKU-BED-008,1197,0,21,479
2024-09-09,SKU-BED-009,301,344,14,431
2024-09-09,SKU-BED-010,302,0,14,252
2024-09-09,SKU-BED-011,3536,0,28,884
2024-09-09,SKU-BED-012,345,0,21,288
2024-09-09,SKU-BED-013,778,0,28,649
2024-09-09,SKU-BED-014,2025,0,28,810
2024-09-09,SKU-BED-015,62,165,14,207
2024-09-09,SKU-BED-016,54,144,7,180
2024-09-09,SKU-BED-017,408,0,21,340
2024-09-09,SKU-BED-018,1777,0,28,711
2024-09-09,SKU-BED-019,555,634,28,793
2024-09-09,SKU-BED-020,58,156,7,196
2024-09-09,SKU-BED-021,189,505,28,632
2024-09-09,SKU-BED-022,697,0,28,279
2024-09-09,SKU-BED-023,548,0,21,457
2024-09-09,SKU-BED-024,52,139,7,174
2024-09-09,SKU-BED-025,66,178,21,223
2024-09-09,SKU-BED-026,618,0,21,515
2024-09-09,SKU-BED-027,39,104,14,130
2024-09-09,SKU-BED-028,1600,0,21,400
2024-09-09,SKU-BED-029,697,0,28,581
2024-09-09,SKU-BED-030,122,325,21,407
2024-09-09,SKU-BED-031,307,0,7,123
2024-09-09,SKU-BED-032,297,340,14,425
2024-09-09,SKU-BED-033,168,0,7,140
2024-09-09,SKU-BED-034,352,0,7,88
2024-09-09,SKU-BED-035,692,0,21,277
2024-09-09,SKU-BED-036,180,481,28,602
2024-09-09,SKU-BED-037,430,0,7,172
2024-09-09,SKU-BED-038,232,265,14,332
2024-09-09,SKU-BED-039,195,521,21,652
2024-09-09,SKU-BED-040,965,0,14,386
2024-09-09,SKU-FUR-041,394,451,28,564
2024-09-09,SKU-FUR-042,282,322,14,403
2024-09-09,SKU-FUR-043,1625,0,28,650
2024-09-09,SKU-FUR-044,468,0,7,117
2024-09-09,SKU-FUR-045,832,0,14,208
2024-09-09,SKU-FUR-046,550,0,7,220
2024-09-09,SKU-FUR-047,131,351,28,439
2024-09-09,SKU-FUR-048,166,443,28,554
2024-09-09,SKU-FUR-049,1512,0,14,378
2024-09-09,SKU-FUR-050,95,253,14,317
2024-09-09,SKU-FUR-051,1312,0,21,525
2024-09-09,SKU-FUR-052,895,0,21,358
2024-09-09,SKU-FUR-053,350,0,14,292
2024-09-09,SKU-FUR-054,564,0,28,470
2024-09-09,SKU-FUR-055,722,0,14,289
2024-09-09,SKU-FUR-056,1960,0,28,490
2024-09-09,SKU-FUR-057,265,0,7,106
2024-09-09,SKU-FUR-058,547,0,14,219
2024-09-09,SKU-FUR-059,228,260,14,326
2024-09-09,SKU-FUR-060,126,336,14,421
2024-09-09,SKU-FUR-061,1172,0,21,469
2024-09-09,SKU-FUR-062,1497,0,28,599
2024-09-09,SKU-FUR-063,114,304,28,380
2024-09-09,SKU-FUR-064,93,248,21,310
2024-09-09,SKU-FUR-065,327,0,7,131
2024-09-09,SKU-FUR-066,624,0,7,156
2024-09-09,SKU-FUR-067,123,0,7,103
2024-09-09,SKU-FUR-068,342,0,14,285
2024-09-09,SKU-FUR-069,2188,0,21,547
2024-09-09,SKU-FUR-070,690,0,14,276
2024-09-09,SKU-FUR-071,78,0,7,65
2024-09-09,SKU-FUR-072,314,359,28,449
2024-09-09,SKU-FUR-073,470,0,21,392
2024-09-09,SKU-FUR-074,257,0,7,103
2024-09-09,SKU-FUR-075,104,279,14,349
2024-09-09,SKU-FUR-076,1996,0,28,499
2024-09-09,SKU-FUR-077,387,0,7,155
2024-09-09,SKU-FUR-078,1448,0,21,362
2024-09-09,SKU-FUR-079,1840,0,14,460
2024-09-09,SKU-FUR-080,139,372,21,466
2024-09-09,SKU-DEC-081,305,0,7,122
2024-09-09,SKU-DEC-082,500,0,21,417
2024-09-09,SKU-DEC-083,857,0,21,343
2024-09-09,SKU-DEC-084,284,324,28,406
2024-09-09,SKU-DEC-085,1472,0,14,368
2024-09-09,SKU-DEC-086,324,371,28,464
2024-09-09,SKU-DEC-087,467,0,7,187
2024-09-09,SKU-DEC-088,311,356,14,445
2024-09-09,SKU-DEC-089,214,572,28,715
2024-09-09,SKU-DEC-090,28,76,7,95
2024-09-09,SKU-DEC-091,467,0,7,187
2024-09-09,SKU-DEC-092,272,0,7,109
2024-09-09,SKU-DEC-093,113,129,7,162
2024-09-09,SKU-DEC-094,457,0,14,381
2024-09-09,SKU-DEC-095,457,522,28,653
2024-09-09,SKU-DEC-096,273,728,28,910
2024-09-09,SKU-DEC-097,242,0,7,202
2024-09-09,SKU-DEC-098,405,0,21,338
2024-09-09,SKU-DEC-099,925,0,21,370
2024-09-09,SKU-DEC-100,1820,0,28,455
2024-09-09,SKU-DEC-101,508,581,28,727
2024-09-09,SKU-DEC-102,210,0,7,84
2024-09-09,SKU-DEC-103,84,0,7,70
2024-09-09,SKU-DEC-104,21,57,7,72
2024-09-09,SKU-DEC-105,840,0,21,336
2024-09-09,SKU-DEC-106,310,354,14,443
2024-09-09,SKU-DEC-107,204,544,28,680
2024-09-09,SKU-DEC-108,681,0,21,568
2024-09-09,SKU-DEC-109,400,0,14,160
2024-09-09,SKU-DEC-110,1040,0,28,260
2024-09-09,SKU-DEC-111,99,265,21,332
2024-09-09,SKU-DEC-112,171,0,7,143
2024-09-09,SKU-DEC-113,600,0,14,240
2024-09-09,SKU-DEC-114,540,0,14,450
2024-09-09,SKU-DEC-115,94,252,21,316
2024-09-09,SKU-DEC-116,498,0,14,415
2024-09-09,SKU-DEC-117,295,0,21,246
2024-09-09,SKU-DEC-118,87,0,7,73
2024-09-09,SKU-DEC-119,305,348,21,436
2024-09-09,SKU-DEC-120,335,383,21,479
2024-09-09,SKU-LIG-121,213,570,28,713
2024-09-09,SKU-LIG-122,61,70,7,88
2024-09-09,SKU-LIG-123,796,0,7,199
2024-09-09,SKU-LIG-124,622,711,28,889
2024-09-09,SKU-LIG-125,616,0,14,154
2024-09-09,SKU-LIG-126,124,0,7,104
2024-09-09,SKU-LIG-127,375,0,14,313
2024-09-09,SKU-LIG-128,528,0,7,132
2024-09-09,SKU-LIG-129,391,0,14,326
2024-09-09,SKU-LIG-130,415,0,7,166
2024-09-09,SKU-LIG-131,270,308,14,386
2024-09-09,SKU-LIG-132,1520,0,21,380
2024-09-09,SKU-LIG-133,537,0,7,215
2024-09-09,SKU-LIG-134,315,360,28,451
2024-09-09,SKU-LIG-135,339,388,21,485
2024-09-09,SKU-LIG-136,162,0,7,135
2024-09-09,SKU-LIG-137,792,0,14,317
2024-09-09,SKU-LIG-138,350,0,28,292
2024-09-09,SKU-LIG-139,268,0,7,224
2024-09-09,SKU-LIG-140,1272,0,28,318
2024-09-09,SKU-LIG-141,534,611,28,764
2024-09-09,SKU-LIG-142,235,268,14,336
2024-09-09,SKU-LIG-143,128,0,7,107
2024-09-09,SKU-LIG-144,45,122,14,153
2024-09-09,SKU-LIG-145,1236,0,21,309
2024-09-09,SKU-LIG-146,746,0,28,622
2024-09-09,SKU-LIG-147,356,0,7,89
2024-09-09,SKU-LIG-148,157,420,28,526
2024-09-09,SKU-LIG-149,2860,0,28,715
2024-09-09,SKU-LIG-150,198,226,14,283
2024-09-09,SKU-LIG-151,40,108,14,136
2024-09-09,SKU-LIG-152,888,0,14,222
2024-09-09,SKU-LIG-153,397,0,21,331
2024-09-09,SKU-LIG-154,1656,0,14,414
2024-09-09,SKU-LIG-155,747,0,28,299
2024-09-09,SKU-LIG-156,122,0,7,102
2024-09-09,SKU-LIG-157,96,257,21,322
2024-09-09,SKU-LIG-158,58,156,7,195
2024-09-09,SKU-LIG-159,97,259,14,324
2024-09-09,SKU-LIG-160,59,158,7,198
2024-09-09,SKU-SMA-161,115,0,7,96
2024-09-09,SKU-SMA-162,49,131,14,164
2024-09-09,SKU-SMA-163,755,0,21,302
2024-09-09,SKU-SMA-164,211,0,14,176
2024-09-09,SKU-SMA-165,32,85,7,107
2024-09-09,SKU-SMA-166,1388,0,28,347
2024-09-09,SKU-SMA-167,102,116,14,146
2024-09-09,SKU-SMA-168,548,627,28,784
2024-09-09,SKU-SMA-169,648,0,7,162
2024-09-09,SKU-SMA-170,2012,0,28,805
2024-09-09,SKU-SMA-171,65,173,7,217
2024-09-09,SKU-SMA-172,191,218,14,273
2024-09-09,SKU-SMA-173,352,0,7,141
2024-09-09,SKU-SMA-174,136,0,7,114
2024-09-09,SKU-SMA-175,78,208,14,261
2024-09-09,SKU-SMA-176,260,0,14,217
2024-09-09,SKU-SMA-177,184,491,28,614
2024-09-09,SKU-SMA-178,655,0,28,546
2024-09-09,SKU-SMA-179,1960,0,21,490
2024-09-09,SKU-SMA-180,254,679,28,849
2024-09-09,SKU-SMA-181,2980,0,28,745
2024-09-09,SKU-SMA-182,459,525,28,657
2024-09-09,SKU-SMA-183,322,0,28,269
2024-09-09,SKU-SMA-184,1012,0,28,405
2024-09-09,SKU-SMA-185,704,0,7,176
2024-09-09,SKU-SMA-186,124,332,14,415
2024-09-09,SKU-SMA-187,1936,0,21,484
2024-09-09,SKU-SMA-188,318,0,28,265
2024-09-09,SKU-SMA-189,114,305,14,382
2024-09-09,SKU-SMA-190,120,320,14,401
2024-09-09,SKU-SMA-191,190,0,7,159
2024-09-09,SKU-SMA-192,458,0,14,382
2024-09-09,SKU-SMA-193,736,0,14,184
2024-09-09,SKU-SMA-194,540,0,21,450
2024-09-09,SKU-SMA-195,164,439,28,549
2024-09-09,SKU-SMA-196,65,175,14,219
2024-09-09,SKU-SMA-197,276,736,28,921
2024-09-09,SKU-SMA-198,380,435,28,544
2024-09-09,SKU-SMA-199,497,0,7,199
2024-09-09,SKU-SMA-200,3612,0,28,903
2024-09-16,SKU-BED-001,2247,0,28,899
2024-09-16,SKU-BED-002,917,0,14,367
2024-09-16,SKU-BED-003,116,309,14,387
2024-09-16,SKU-BED-004,27,72,7,90
2024-09-16,SKU-BED-005,138,368,28,461
2024-09-16,SKU-BED-006,96,256,14,320
2024-09-16,SKU-BED-007,2628,0,21,657
2024-09-16,SKU-BED-008,223,255,14,319
2024-09-16,SKU-BED-009,258,689,28,862
2024-09-16,SKU-BED-010,2016,0,28,504
2024-09-16,SKU-BED-011,132,353,14,442
2024-09-16,SKU-BED-012,201,230,21,288
2024-09-16,SKU-BED-013,1948,0,21,487
2024-09-16,SKU-BED-014,141,161,7,202
2024-09-16,SKU-BED-015,124,332,28,415
2024-09-16,SKU-BED-016,216,0,7,180
2024-09-16,SKU-BED-017,33,90,7,113
2024-09-16,SKU-BED-018,887,0,14,355
2024-09-16,SKU-BED-019,712,0,21,594
2024-09-16,SKU-BED-020,550,629,28,787
2024-09-16,SKU-BED-021,632,0,7,158
2024-09-16,SKU-BED-022,172,0,7,69
2024-09-16,SKU-BED-023,732,0,28,610
2024-09-16,SKU-BED-024,2784,0,28,696
2024-09-16,SKU-BED-025,104,119,14,149
2024-09-16,SKU-BED-026,240,274,14,343
2024-09-16,SKU-BED-027,58,156,21,195
2024-09-16,SKU-BED-028,160,427,28,534
2024-09-16,SKU-BED-029,406,464,28,581
2024-09-16,SKU-BED-030,1357,0,28,543
2024-09-16,SKU-BED-031,172,197,14,247
2024-09-16,SKU-BED-032,530,0,7,212
2024-09-16,SKU-BED-033,560,0,7,140
2024-09-16,SKU-BED-034,1064,0,21,266
2024-09-16,SKU-BED-035,444,0,28,370
2024-09-16,SKU-BED-036,1127,0,21,451
2024-09-16,SKU-BED-037,240,275,14,344
2024-09-16,SKU-BED-038,664,0,7,166
2024-09-16,SKU-BED-039,151,173,7,217
2024-09-16,SKU-BED-040,463,0,14,386
2024-09-16,SKU-FUR-041,507,0,21,423
2024-09-16,SKU-FUR-042,3224,0,28,806
2024-09-16,SKU-FUR-043,113,129,7,162
2024-09-16,SKU-FUR-044,105,280,21,351
2024-09-16,SKU-FUR-045,31,83,7,104
2024-09-16,SKU-FUR-046,264,704,28,880
2024-09-16,SKU-FUR-047,153,175,14,219
2024-09-16,SKU-FUR-048,2216,0,28,554
2024-09-16,SKU-FUR-049,680,0,21,567
2024-09-16,SKU-FUR-050,221,253,14,317
2024-09-16,SKU-FUR-051,52,140,7,175
2024-09-16,SKU-FUR-052,286,0,14,239
2024-09-16,SKU-FUR-053,1752,0,21,438
2024-09-16,SKU-FUR-054,468,0,7,117
2024-09-16,SKU-FUR-055,43,115,7,144
2024-09-16,SKU-FUR-056,980,0,14,245
2024-09-16,SKU-FUR-057,31,84,7,106
2024-09-16,SKU-FUR-058,230,263,21,329
2024-09-16,SKU-FUR-059,114,130,7,163
2024-09-16,SKU-FUR-060,1684,0,14,421
2024-09-16,SKU-FUR-061,328,375,21,469
2024-09-16,SKU-FUR-062,419,479,28,599
2024-09-16,SKU-FUR-063,456,0,28,380
2024-09-16,SKU-FUR-064,144,165,14,207
2024-09-16,SKU-FUR-065,2100,0,28,525
2024-09-16,SKU-FUR-066,109,124,7,156
2024-09-16,SKU-FUR-067,257,0,7,103
2024-09-16,SKU-FUR-068,1140,0,14,285
2024-09-16,SKU-FUR-069,109,292,14,365
2024-09-16,SKU-FUR-070,41,110,7,138
2024-09-16,SKU-FUR-071,184,210,28,263
2024-09-16,SKU-FUR-072,67,179,14,224
2024-09-16,SKU-FUR-073,313,0,14,261
2024-09-16,SKU-FUR-074,124,332,28,415
2024-09-16,SKU-FUR-075,121,139,7,174
2024-09-16,SKU-FUR-076,149,399,28,499
2024-09-16,SKU-FUR-077,436,498,28,623
2024-09-16,SKU-FUR-078,1448,0,21,362
2024-09-16,SKU-FUR-079,276,736,28,921
2024-09-16,SKU-FUR-080,372,0,14,310
2024-09-16,SKU-DEC-081,170,195,14,244
2024-09-16,SKU-DEC-082,1390,0,28,556
2024-09-16,SKU-DEC-083,137,366,28,458
2024-09-16,SKU-DEC-084,366,0,21,305
2024-09-16,SKU-DEC-085,2944,0,28,736
2024-09-16,SKU-DEC-086,162,185,14,232
2024-09-16,SKU-DEC-087,901,0,28,751
2024-09-16,SKU-DEC-088,266,0,7,222
2024-09-16,SKU-DEC-089,375,428,21,536
2024-09-16,SKU-DEC-090,28,76,7,95
2024-09-16,SKU-DEC-091,1870,0,28,748
2024-09-16,SKU-DEC-092,393,0,21,328
2024-09-16,SKU-DEC-093,583,0,21,486
2024-09-16,SKU-DEC-094,400,457,21,572
2024-09-16,SKU-DEC-095,146,391,21,489
2024-09-16,SKU-DEC-096,546,0,14,455
2024-09-16,SKU-DEC-097,141,161,7,202
2024-09-16,SKU-DEC-098,900,0,14,225
2024-09-16,SKU-DEC-099,617,0,14,247
2024-09-16,SKU-DEC-100,135,0,7,113
2024-09-16,SKU-DEC-101,126,144,7,181
2024-09-16,SKU-DEC-102,1348,0,28,337
2024-09-16,SKU-DEC-103,352,0,14,141
2024-09-16,SKU-DEC-104,360,0,14,144
2024-09-16,SKU-DEC-105,896,0,14,224
2024-09-16,SKU-DEC-106,552,0,7,221
2024-09-16,SKU-DEC-107,1360,0,14,340
2024-09-16,SKU-DEC-108,170,454,21,568
2024-09-16,SKU-DEC-109,1280,0,28,320
2024-09-16,SKU-DEC-110,78,0,7,65
2024-09-16,SKU-DEC-111,440,0,7,110
2024-09-16,SKU-DEC-112,343,0,14,286
2024-09-16,SKU-DEC-113,900,0,21,360
2024-09-16,SKU-DEC-114,135,360,14,450
2024-09-16,SKU-DEC-115,147,168,14,210
2024-09-16,SKU-DEC-116,124,332,14,415
2024-09-16,SKU-DEC-117,98,262,28,328
2024-09-16,SKU-DEC-118,66,176,21,221
2024-09-16,SKU-DEC-119,87,232,14,291
2024-09-16,SKU-DEC-120,397,0,7,159
2024-09-16,SKU-LIG-121,712,0,7,178
2024-09-16,SKU-LIG-122,247,282,28,353
2024-09-16,SKU-LIG-123,796,0,7,199
2024-09-16,SKU-LIG-124,800,0,21,667
2024-09-16,SKU-LIG-125,107,123,14,154
2024-09-16,SKU-LIG-126,94,251,21,314
2024-09-16,SKU-LIG-127,375,0,14,313
2024-09-16,SKU-LIG-128,159,424,28,531
2024-09-16,SKU-LIG-129,114,130,7,163
2024-09-16,SKU-LIG-130,99,266,14,333
2024-09-16,SKU-LIG-131,135,154,7,193
2024-09-16,SKU-LIG-132,303,0,14,253
2024-09-16,SKU-LIG-133,1615,0,21,646
2024-09-16,SKU-LIG-134,78,89,7,112
2024-09-16,SKU-LIG-135,1617,0,28,647
2024-09-16,SKU-LIG-136,675,0,14,270
2024-09-16,SKU-LIG-137,1268,0,14,317
2024-09-16,SKU-LIG-138,365,0,14,146
2024-09-16,SKU-LIG-139,1792,0,14,448
2024-09-16,SKU-LIG-140,381,0,28,318
2024-09-16,SKU-LIG-141,764,0,7,191
2024-09-16,SKU-LIG-142,235,268,14,336
2024-09-16,SKU-LIG-143,74,85,7,107
2024-09-16,SKU-LIG-144,916,0,21,229
2024-09-16,SKU-LIG-145,412,0,7,103
2024-09-16,SKU-LIG-146,620,0,7,155
2024-09-16,SKU-LIG-147,124,142,14,178
2024-09-16,SKU-LIG-148,657,0,14,263
2024-09-16,SKU-LIG-149,500,572,28,715
2024-09-16,SKU-LIG-150,42,112,7,141
2024-09-16,SKU-LIG-151,81,218,28,273
2024-09-16,SKU-LIG-152,133,0,7,111
2024-09-16,SKU-LIG-153,397,0,21,331
2024-09-16,SKU-LIG-154,144,165,7,207
2024-09-16,SKU-LIG-155,44,119,14,149
2024-09-16,SKU-LIG-156,765,0,21,306
2024-09-16,SKU-LIG-157,386,0,21,322
2024-09-16,SKU-LIG-158,1467,0,21,587
2024-09-16,SKU-LIG-159,405,0,7,162
2024-09-16,SKU-LIG-160,1980,0,28,792
2024-09-16,SKU-SMA-161,268,307,28,384
2024-09-16,SKU-SMA-162,49,131,14,164
2024-09-16,SKU-SMA-163,211,241,21,302
2024-09-16,SKU-SMA-164,246,281,28,352
2024-09-16,SKU-SMA-165,32,85,7,107
2024-09-16,SKU-SMA-166,78,208,21,260
2024-09-16,SKU-SMA-167,87,233,28,292
2024-09-16,SKU-SMA-168,411,470,21,588
2024-09-16,SKU-SMA-169,1952,0,21,488
2024-09-16,SKU-SMA-170,241,644,28,805
2024-09-16,SKU-SMA-171,3484,0,28,871
2024-09-16,SKU-SMA-172,382,437,28,547
2024-09-16,SKU-SMA-173,84,226,14,283
2024-09-16,SKU-SMA-174,547,0,28,456
2024-09-16,SKU-SMA-175,325,0,7,130
2024-09-16,SKU-SMA-176,542,0,14,217
2024-09-16,SKU-SMA-177,767,0,14,307
2024-09-16,SKU-SMA-178,544,0,7,136
2024-09-16,SKU-SMA-179,1960,0,21,490
2024-09-16,SKU-SMA-180,63,169,7,212
2024-09-16,SKU-SMA-181,930,0,14,372
2024-09-16,SKU-SMA-182,197,525,28,657
2024-09-16,SKU-SMA-183,335,0,14,134
2024-09-16,SKU-SMA-184,212,243,21,304
2024-09-16,SKU-SMA-185,52,140,7,176
2024-09-16,SKU-SMA-186,124,332,14,415
2024-09-16,SKU-SMA-187,580,0,21,484
2024-09-16,SKU-SMA-188,1060,0,28,265
2024-09-16,SKU-SMA-189,172,459,21,574
2024-09-16,SKU-SMA-190,500,0,7,200
2024-09-16,SKU-SMA-191,382,0,14,319
2024-09-16,SKU-SMA-192,57,152,7,191
2024-09-16,SKU-SMA-193,220,0,14,184
2024-09-16,SKU-SMA-194,135,360,21,450
2024-09-16,SKU-SMA-195,1096,0,14,274
2024-09-16,SKU-SMA-196,230,263,21,329
2024-09-16,SKU-SMA-197,920,0,7,230
2024-09-16,SKU-SMA-198,95,108,7,136
2024-09-16,SKU-SMA-199,419,479,21,599
2024-09-16,SKU-SMA-200,135,360,14,451
2024-09-23,SKU-BED-001,269,719,28,899
2024-09-23,SKU-BED-002,2204,0,21,551
2024-09-23,SKU-BED-003,57,154,7,193
2024-09-23,SKU-BED-004,905,0,28,362
2024-09-23,SKU-BED-005,138,368,28,461
2024-09-23,SKU-BED-006,192,0,7,160
2024-09-23,SKU-BED-007,525,0,14,438
2024-09-23,SKU-BED-008,111,127,7,159
2024-09-23,SKU-BED-009,1034,0,28,862
2024-09-23,SKU-BED-010,88,100,7,126
2024-09-23,SKU-BED-011,1657,0,21,663
2024-09-23,SKU-BED-012,1152,0,21,288
2024-09-23,SKU-BED-013,48,129,7,162
2024-09-23,SKU-BED-014,808,0,7,202
2024-09-23,SKU-BED-015,498,0,28,415
2024-09-23,SKU-BED-016,216,0,7,180
2024-09-23,SKU-BED-017,68,181,14,227
2024-09-23,SKU-BED-018,213,568,28,711
2024-09-23,SKU-BED-019,138,158,7,198
2024-09-23,SKU-BED-020,708,0,21,590
2024-09-23,SKU-BED-021,1580,0,28,632
2024-09-23,SKU-BED-022,41,111,14,139
2024-09-23,SKU-BED-023,1220,0,14,305
2024-09-23,SKU-BED-024,2784,0,28,696
2024-09-23,SKU-BED-025,892,0,21,223
2024-09-23,SKU-BED-026,1287,0,21,515
2024-09-23,SKU-BED-027,58,156,21,195
2024-09-23,SKU-BED-028,160,427,28,534
2024-09-23,SKU-BED-029,580,0,7,145
2024-09-23,SKU-BED-030,325,0,14,271
2024-09-23,SKU-BED-031,307,0,7,123
2024-09-23,SKU-BED-032,595,680,28,851
2024-09-23,SKU-BED-033,1120,0,14,280
2024-09-23,SKU-BED-034,123,141,14,177
2024-09-23,SKU-BED-035,55,148,14,185
2024-09-23,SKU-BED-036,210,240,14,301
2024-09-23,SKU-BED-037,688,0,7,172
2024-09-23,SKU-BED-038,49,132,7,166
2024-09-23,SKU-BED-039,782,0,21,652
2024-09-23,SKU-BED-040,57,154,7,193
2024-09-23,SKU-FUR-041,197,225,14,282
2024-09-23,SKU-FUR-042,181,484,21,605
2024-09-23,SKU-FUR-043,1300,0,14,325
2024-09-23,SKU-FUR-044,140,374,28,468
2024-09-23,SKU-FUR-045,218,249,21,312
2024-09-23,SKU-FUR-046,1100,0,14,440
2024-09-23,SKU-FUR-047,230,263,21,329
2024-09-23,SKU-FUR-048,83,221,14,277
2024-09-23,SKU-FUR-049,226,0,7,189
2024-09-23,SKU-FUR-050,443,507,28,634
2024-09-23,SKU-FUR-051,105,280,14,350
2024-09-23,SKU-FUR-052,476,0,7,119
2024-09-23,SKU-FUR-053,204,233,14,292
2024-09-23,SKU-FUR-054,292,0,7,117
2024-09-23,SKU-FUR-055,1085,0,21,434
2024-09-23,SKU-FUR-056,588,0,28,490
2024-09-23,SKU-FUR-057,797,0,21,319
2024-09-23,SKU-FUR-058,526,0,28,439
2024-09-23,SKU-FUR-059,391,0,14,326
2024-09-23,SKU-FUR-060,1684,0,14,421
2024-09-23,SKU-FUR-061,374,0,14,312
2024-09-23,SKU-FUR-062,2396,0,28,599
2024-09-23,SKU-FUR-063,342,0,21,285
2024-09-23,SKU-FUR-064,144,165,14,207
2024-09-23,SKU-FUR-065,630,0,28,525
2024-09-23,SKU-FUR-066,2500,0,28,625
2024-09-23,SKU-FUR-067,123,330,28,413
2024-09-23,SKU-FUR-068,199,228,14,285
2024-09-23,SKU-FUR-069,912,0,14,365
2024-09-23,SKU-FUR-070,345,0,7,138
2024-09-23,SKU-FUR-071,59,157,21,197
2024-09-23,SKU-FUR-072,268,0,14,224
2024-09-23,SKU-FUR-073,627,0,28,523
2024-09-23,SKU-FUR-074,412,0,7,103
2024-09-23,SKU-FUR-075,2092,0,21,523
2024-09-23,SKU-FUR-076,310,0,7,124
2024-09-23,SKU-FUR-077,326,373,21,467
2024-09-23,SKU-FUR-078,72,192,14,241
2024-09-23,SKU-FUR-079,276,736,28,921
2024-09-23,SKU-FUR-080,775,0,14,310
2024-09-23,SKU-DEC-081,1464,0,21,366
2024-09-23,SKU-DEC-082,667,0,28,556
2024-09-23,SKU-DEC-083,1145,0,28,458
2024-09-23,SKU-DEC-084,1624,0,28,406
2024-09-23,SKU-DEC-085,165,441,21,552
2024-09-23,SKU-DEC-086,104,278,21,348
2024-09-23,SKU-DEC-087,225,600,28,751
2024-09-23,SKU-DEC-088,623,712,28,890
2024-09-23,SKU-DEC-089,428,0,14,357
2024-09-23,SKU-DEC-090,114,304,28,380
2024-09-23,SKU-DEC-091,56,149,7,187
2024-09-23,SKU-DEC-092,545,0,14,218
2024-09-23,SKU-DEC-093,340,388,21,486
2024-09-23,SKU-DEC-094,686,0,21,572
2024-09-23,SKU-DEC-095,114,130,7,163
2024-09-23,SKU-DEC-096,272,0,7,227
2024-09-23,SKU-DEC-097,60,161,7,202
2024-09-23,SKU-DEC-098,405,0,21,338
2024-09-23,SKU-DEC-099,988,0,14,247
2024-09-23,SKU-DEC-100,158,181,14,227
2024-09-23,SKU-DEC-101,217,0,7,181
2024-09-23,SKU-DEC-102,302,0,21,252
2024-09-23,SKU-DEC-103,1128,0,28,282
2024-09-23,SKU-DEC-104,540,0,21,216
2024-09-23,SKU-DEC-105,156,179,14,224
2024-09-23,SKU-DEC-106,265,708,28,886
2024-09-23,SKU-DEC-107,51,136,7,170
2024-09-23,SKU-DEC-108,756,0,7,189
2024-09-23,SKU-DEC-109,168,192,21,240
2024-09-23,SKU-DEC-110,45,52,7,65
2024-09-23,SKU-DEC-111,66,176,14,221
2024-09-23,SKU-DEC-112,1075,0,21,430
2024-09-23,SKU-DEC-113,900,0,21,360
2024-09-23,SKU-DEC-114,900,0,7,225
2024-09-23,SKU-DEC-115,147,168,14,210
2024-09-23,SKU-DEC-116,144,165,7,207
2024-09-23,SKU-DEC-117,410,0,14,164
2024-09-23,SKU-DEC-118,182,0,7,73
2024-09-23,SKU-DEC-119,1164,0,14,291
2024-09-23,SKU-DEC-120,1597,0,28,639
2024-09-23,SKU-LIG-121,2852,0,28,713
2024-09-23,SKU-LIG-122,185,212,21,265
2024-09-23,SKU-LIG-123,477,0,14,398
2024-09-23,SKU-LIG-124,622,711,28,889
2024-09-23,SKU-LIG-125,46,123,14,154
2024-09-23,SKU-LIG-126,785,0,21,314
2024-09-23,SKU-LIG-127,752,0,28,627
2024-09-23,SKU-LIG-128,995,0,21,398
2024-09-23,SKU-LIG-129,114,130,7,163
2024-09-23,SKU-LIG-130,1250,0,21,500
2024-09-23,SKU-LIG-131,541,618,28,773
2024-09-23,SKU-LIG-132,177,202,14,253
2024-09-23,SKU-LIG-133,452,516,21,646
2024-09-23,SKU-LIG-134,78,89,7,112
2024-09-23,SKU-LIG-135,807,0,14,323
2024-09-23,SKU-LIG-136,1080,0,14,270
2024-09-23,SKU-LIG-137,380,0,14,317
2024-09-23,SKU-LIG-138,51,58,7,73
2024-09-23,SKU-LIG-139,313,358,14,448
2024-09-23,SKU-LIG-140,397,0,14,159
2024-09-23,SKU-LIG-141,916,0,28,764
2024-09-23,SKU-LIG-142,1260,0,21,504
2024-09-23,SKU-LIG-143,1716,0,28,429
2024-09-23,SKU-LIG-144,190,0,7,76
2024-09-23,SKU-LIG-145,123,0,7,103
2024-09-23,SKU-LIG-146,140,373,21,467
2024-09-23,SKU-LIG-147,107,285,28,357
2024-09-23,SKU-LIG-148,631,0,28,526
2024-09-23,SKU-LIG-149,214,572,28,715
2024-09-23,SKU-LIG-150,84,226,14,283
2024-09-23,SKU-LIG-151,246,0,21,205
2024-09-23,SKU-LIG-152,77,88,7,111
2024-09-23,SKU-LIG-153,880,0,14,220
2024-09-23,SKU-LIG-154,289,331,14,414
2024-09-23,SKU-LIG-155,268,0,21,224
2024-09-23,SKU-LIG-156,285,326,28,408
2024-09-23,SKU-LIG-157,149,171,14,214
2024-09-23,SKU-LIG-158,1957,0,28,783
2024-09-23,SKU-LIG-159,388,0,14,324
2024-09-23,SKU-LIG-160,237,633,28,792
2024-09-23,SKU-SMA-161,1152,0,21,288
2024-09-23,SKU-SMA-162,656,0,14,164
2024-09-23,SKU-SMA-163,70,80,7,100
2024-09-23,SKU-SMA-164,211,0,14,176
2024-09-23,SKU-SMA-165,301,344,28,430
2024-09-23,SKU-SMA-166,416,0,28,347
2024-09-23,SKU-SMA-167,1168,0,28,292
2024-09-23,SKU-SMA-168,784,0,7,196
2024-09-23,SKU-SMA-169,1952,0,21,488
2024-09-23,SKU-SMA-170,804,0,7,201
2024-09-23,SKU-SMA-171,3484,0,28,871
2024-09-23,SKU-SMA-172,81,218,14,273
2024-09-23,SKU-SMA-173,169,452,28,566
2024-09-23,SKU-SMA-174,855,0,21,342
2024-09-23,SKU-SMA-175,469,0,21,391
2024-09-23,SKU-SMA-176,520,0,28,434
2024-09-23,SKU-SMA-177,107,122,7,153
2024-09-23,SKU-SMA-178,40,108,7,136
2024-09-23,SKU-SMA-179,1632,0,28,653
2024-09-23,SKU-SMA-180,764,0,21,637
2024-09-23,SKU-SMA-181,446,0,14,372
2024-09-23,SKU-SMA-182,459,525,28,657
2024-09-23,SKU-SMA-183,80,215,28,269
2024-09-23,SKU-SMA-184,486,0,28,405
2024-09-23,SKU-SMA-185,123,140,7,176
2024-09-23,SKU-SMA-186,124,332,14,415
2024-09-23,SKU-SMA-187,580,0,21,484
2024-09-23,SKU-SMA-188,497,0,21,199
2024-09-23,SKU-SMA-189,229,0,7,191
2024-09-23,SKU-SMA-190,2408,0,21,602
2024-09-23,SKU-SMA-191,111,127,7,159
2024-09-23,SKU-SMA-192,229,611,28,764
2024-09-23,SKU-SMA-193,1108,0,21,277
2024-09-23,SKU-SMA-194,540,0,21,450
2024-09-23,SKU-SMA-195,548,0,7,137
2024-09-23,SKU-SMA-196,230,263,21,329
2024-09-23,SKU-SMA-197,1105,0,28,921
2024-09-23,SKU-SMA-198,40,108,7,136
2024-09-23,SKU-SMA-199,139,159,7,199
2024-09-23,SKU-SMA-200,3612,0,28,903
2024-09-30,SKU-BED-001,156,179,7,224
2024-09-30,SKU-BED-002,917,0,14,367
2024-09-30,SKU-BED-003,3096,0,28,774
2024-09-30,SKU-BED-004,253,289,28,362
2024-09-30,SKU-BED-005,138,0,7,115
2024-09-30,SKU-BED-006,1920,0,21,480
2024-09-30,SKU-BED-007,65,175,7,219
2024-09-30,SKU-BED-008,765,0,28,638
2024-09-30,SKU-BED-009,775,0,21,646
2024-09-30,SKU-BED-010,1512,0,21,378
2024-09-30,SKU-BED-011,1768,0,14,442
2024-09-30,SKU-BED-012,1152,0,21,288
2024-09-30,SKU-BED-013,648,0,7,162
2024-09-30,SKU-BED-014,2025,0,28,810
2024-09-30,SKU-BED-015,290,332,28,415
2024-09-30,SKU-BED-016,162,432,21,540
2024-09-30,SKU-BED-017,135,0,7,113
2024-09-30,SKU-BED-018,106,284,14,355
2024-09-30,SKU-BED-019,2376,0,21,594
2024-09-30,SKU-BED-020,1475,0,21,590
2024-09-30,SKU-BED-021,379,0,14,316
2024-09-30,SKU-BED-022,522,0,21,209
2024-09-30,SKU-BED-023,182,0,7,152
2024-09-30,SKU-BED-024,417,0,14,348
2024-09-30,SKU-BED-025,51,59,7,74
2024-09-30,SKU-BED-026,154,412,21,515
2024-09-30,SKU-BED-027,78,208,28,260
2024-09-30,SKU-BED-028,80,213,14,267
2024-09-30,SKU-BED-029,523,0,21,436
2024-09-30,SKU-BED-030,651,0,28,543
2024-09-30,SKU-BED-031,594,0,28,495
2024-09-30,SKU-BED-032,510,0,14,425
2024-09-30,SKU-BED-033,672,0,28,560
2024-09-30,SKU-BED-034,220,0,7,88
2024-09-30,SKU-BED-035,193,221,21,277
2024-09-30,SKU-BED-036,541,0,21,451
2024-09-30,SKU-BED-037,688,0,7,172
2024-09-30,SKU-BED-038,398,0,14,332
2024-09-30,SKU-BED-039,1085,0,14,434
2024-09-30,SKU-BED-040,2316,0,21,579
2024-09-30,SKU-FUR-041,296,338,21,423
2024-09-30,SKU-FUR-042,564,644,28,806
2024-09-30,SKU-FUR-043,780,0,28,650
2024-09-30,SKU-FUR-044,292,0,7,117
2024-09-30,SKU-FUR-045,218,249,21,312
2024-09-30,SKU-FUR-046,2200,0,28,880
2024-09-30,SKU-FUR-047,272,0,7,109
2024-09-30,SKU-FUR-048,552,0,7,138
2024-09-30,SKU-FUR-049,945,0,14,378
2024-09-30,SKU-FUR-050,395,0,7,158
2024-09-30,SKU-FUR-051,210,560,28,701
2024-09-30,SKU-FUR-052,143,382,28,478
2024-09-30,SKU-FUR-053,1752,0,21,438
2024-09-30,SKU-FUR-054,940,0,14,235
2024-09-30,SKU-FUR-055,1447,0,28,579
2024-09-30,SKU-FUR-056,1225,0,28,490
2024-09-30,SKU-FUR-057,127,0,7,106
2024-09-30,SKU-FUR-058,436,0,7,109
2024-09-30,SKU-FUR-059,586,0,21,489
2024-09-30,SKU-FUR-060,1011,0,28,843
2024-09-30,SKU-FUR-061,187,500,28,625
2024-09-30,SKU-FUR-062,419,479,28,599
2024-09-30,SKU-FUR-063,237,0,7,95
2024-09-30,SKU-FUR-064,248,0,14,207
2024-09-30,SKU-FUR-065,982,0,21,393
2024-09-30,SKU-FUR-066,1872,0,21,468
2024-09-30,SKU-FUR-067,372,0,21,310
2024-09-30,SKU-FUR-068,2284,0,28,571
2024-09-30,SKU-FUR-069,164,437,21,547
2024-09-30,SKU-FUR-070,165,0,7,138
2024-09-30,SKU-FUR-071,45,52,7,65
2024-09-30,SKU-FUR-072,404,0,21,337
2024-09-30,SKU-FUR-073,627,0,28,523
2024-09-30,SKU-FUR-074,1660,0,28,415
2024-09-30,SKU-FUR-075,2092,0,21,523
2024-09-30,SKU-FUR-076,37,99,7,124
2024-09-30,SKU-FUR-077,373,0,14,311
2024-09-30,SKU-FUR-078,289,0,14,241
2024-09-30,SKU-FUR-079,207,552,21,691
2024-09-30,SKU-FUR-080,46,124,7,155
2024-09-30,SKU-DEC-081,1464,0,21,366
2024-09-30,SKU-DEC-082,500,0,21,417
2024-09-30,SKU-DEC-083,857,0,21,343
2024-09-30,SKU-DEC-084,30,80,7,101
2024-09-30,SKU-DEC-085,1472,0,14,368
2024-09-30,SKU-DEC-086,1856,0,28,464
2024-09-30,SKU-DEC-087,1877,0,28,751
2024-09-30,SKU-DEC-088,66,177,7,222
2024-09-30,SKU-DEC-089,53,142,7,178
2024-09-30,SKU-DEC-090,199,228,21,285
2024-09-30,SKU-DEC-091,1496,0,14,374
2024-09-30,SKU-DEC-092,98,262,21,328
2024-09-30,SKU-DEC-093,583,0,21,486
2024-09-30,SKU-DEC-094,457,0,14,381
2024-09-30,SKU-DEC-095,815,0,14,326
2024-09-30,SKU-DEC-096,819,0,21,683
2024-09-30,SKU-DEC-097,2432,0,21,608
2024-09-30,SKU-DEC-098,562,0,14,225
2024-09-30,SKU-DEC-099,617,0,14,247
2024-09-30,SKU-DEC-100,452,0,7,113
2024-09-30,SKU-DEC-101,2908,0,28,727
2024-09-30,SKU-DEC-102,1348,0,28,337
2024-09-30,SKU-DEC-103,844,0,21,211
2024-09-30,SKU-DEC-104,180,0,7,72
2024-09-30,SKU-DEC-105,33,89,7,112
2024-09-30,SKU-DEC-106,884,0,7,221
2024-09-30,SKU-DEC-107,118,136,7,170
2024-09-30,SKU-DEC-108,226,0,7,189
2024-09-30,SKU-DEC-109,168,192,21,240
2024-09-30,SKU-DEC-110,39,104,14,130
2024-09-30,SKU-DEC-111,531,0,28,443
2024-09-30,SKU-DEC-112,1432,0,28,573
2024-09-30,SKU-DEC-113,900,0,21,360
2024-09-30,SKU-DEC-114,157,180,7,225
2024-09-30,SKU-DEC-115,126,0,7,105
2024-09-30,SKU-DEC-116,144,165,7,207
2024-09-30,SKU-DEC-117,57,65,7,82
2024-09-30,SKU-DEC-118,1180,0,28,295
2024-09-30,SKU-DEC-119,305,348,21,436
2024-09-30,SKU-DEC-120,143,383,21,479
2024-09-30,SKU-LIG-121,160,427,21,534
2024-09-30,SKU-LIG-122,26,70,7,88
2024-09-30,SKU-LIG-123,139,159,7,199
2024-09-30,SKU-LIG-124,266,0,7,222
2024-09-30,SKU-LIG-125,616,0,14,154
2024-09-30,SKU-LIG-126,125,334,28,418
2024-09-30,SKU-LIG-127,188,501,28,627
2024-09-30,SKU-LIG-128,662,0,14,265
2024-09-30,SKU-LIG-129,782,0,28,652
2024-09-30,SKU-LIG-130,2000,0,21,500
2024-09-30,SKU-LIG-131,231,618,28,773
2024-09-30,SKU-LIG-132,608,0,28,507
2024-09-30,SKU-LIG-133,775,0,21,646
2024-09-30,SKU-LIG-134,78,89,7,112
2024-09-30,SKU-LIG-135,48,128,7,161
2024-09-30,SKU-LIG-136,94,108,7,135
2024-09-30,SKU-LIG-137,332,380,21,475
2024-09-30,SKU-LIG-138,51,58,7,73
2024-09-30,SKU-LIG-139,2688,0,21,672
2024-09-30,SKU-LIG-140,795,0,28,318
2024-09-30,SKU-LIG-141,3056,0,28,764
2024-09-30,SKU-LIG-142,403,0,14,336
2024-09-30,SKU-LIG-143,267,0,7,107
2024-09-30,SKU-LIG-144,68,183,21,229
2024-09-30,SKU-LIG-145,144,164,14,206
2024-09-30,SKU-LIG-146,186,497,28,622
2024-09-30,SKU-LIG-147,124,142,14,178
2024-09-30,SKU-LIG-148,985,0,21,394
2024-09-30,SKU-LIG-149,428,0,14,357
2024-09-30,SKU-LIG-150,127,340,21,425
2024-09-30,SKU-LIG-151,682,0,28,273
2024-09-30,SKU-LIG-152,444,0,7,111
2024-09-30,SKU-LIG-153,99,264,21,331
2024-09-30,SKU-LIG-154,124,331,14,414
2024-09-30,SKU-LIG-155,747,0,28,299
2024-09-30,SKU-LIG-156,1020,0,28,408
2024-09-30,SKU-LIG-157,386,0,21,322
2024-09-30,SKU-LIG-158,1467,0,21,587
2024-09-30,SKU-LIG-159,405,0,7,162
2024-09-30,SKU-LIG-160,712,0,21,594
2024-09-30,SKU-SMA-161,960,0,28,384
2024-09-30,SKU-SMA-162,114,131,14,164
2024-09-30,SKU-SMA-163,140,160,14,201
2024-09-30,SKU-SMA-164,704,0,14,176
2024-09-30,SKU-SMA-165,516,0,28,430
2024-09-30,SKU-SMA-166,121,138,14,173
2024-09-30,SKU-SMA-167,51,58,7,73
2024-09-30,SKU-SMA-168,490,0,7,196
2024-09-30,SKU-SMA-169,48,129,7,162
2024-09-30,SKU-SMA-170,724,0,21,604
2024-09-30,SKU-SMA-171,151,173,7,217
2024-09-30,SKU-SMA-172,340,0,7,136
2024-09-30,SKU-SMA-173,84,226,14,283
2024-09-30,SKU-SMA-174,1824,0,28,456
2024-09-30,SKU-SMA-175,313,0,14,261
2024-09-30,SKU-SMA-176,1304,0,21,326
2024-09-30,SKU-SMA-177,183,0,7,153
2024-09-30,SKU-SMA-178,327,0,14,273
2024-09-30,SKU-SMA-179,343,392,21,490
2024-09-30,SKU-SMA-180,63,169,7,212
2024-09-30,SKU-SMA-181,223,0,7,186
2024-09-30,SKU-SMA-182,147,394,21,493
2024-09-30,SKU-SMA-183,60,161,21,202
2024-09-30,SKU-SMA-184,212,243,21,304
2024-09-30,SKU-SMA-185,440,0,7,176
2024-09-30,SKU-SMA-186,62,165,7,207
2024-09-30,SKU-SMA-187,402,0,7,161
2024-09-30,SKU-SMA-188,39,105,14,132
2024-09-30,SKU-SMA-189,2296,0,21,574
2024-09-30,SKU-SMA-190,963,0,28,803
2024-09-30,SKU-SMA-191,447,511,28,639
2024-09-30,SKU-SMA-192,2292,0,21,573
2024-09-30,SKU-SMA-193,55,147,14,184
2024-09-30,SKU-SMA-194,375,0,7,150
2024-09-30,SKU-SMA-195,548,0,7,137
2024-09-30,SKU-SMA-196,131,350,28,438
2024-09-30,SKU-SMA-197,1727,0,21,691
2024-09-30,SKU-SMA-198,81,217,14,272
2024-09-30,SKU-SMA-199,718,0,21,599
2024-09-30,SKU-SMA-200,1692,0,21,677
2024-10-07,SKU-BED-001,1685,0,21,674
2024-10-07,SKU-BED-002,880,0,28,734
2024-10-07,SKU-BED-003,231,0,7,193
2024-10-07,SKU-BED-004,62,72,7,90
2024-10-07,SKU-BED-005,1380,0,21,345
2024-10-07,SKU-BED-006,800,0,14,320
2024-10-07,SKU-BED-007,525,0,14,438
2024-10-07,SKU-BED-008,574,0,21,479
2024-10-07,SKU-BED-009,150,172,7,215
2024-10-07,SKU-BED-010,75,201,14,252
2024-10-07,SKU-BED-011,265,707,28,884
2024-10-07,SKU-BED-012,962,0,28,385
2024-10-07,SKU-BED-013,340,389,21,487
2024-10-07,SKU-BED-014,728,0,21,607
2024-10-07,SKU-BED-015,124,332,28,415
2024-10-07,SKU-BED-016,900,0,14,360
2024-10-07,SKU-BED-017,908,0,14,227
2024-10-07,SKU-BED-018,248,284,14,355
2024-10-07,SKU-BED-019,712,0,21,594
2024-10-07,SKU-BED-020,236,629,28,787
2024-10-07,SKU-BED-021,221,252,14,316
2024-10-07,SKU-BED-022,83,223,28,279
2024-10-07,SKU-BED-023,1220,0,14,305
2024-10-07,SKU-BED-024,121,139,7,174
2024-10-07,SKU-BED-025,88,0,7,74
2024-10-07,SKU-BED-026,2060,0,21,515
2024-10-07,SKU-BED-027,312,0,28,260
2024-10-07,SKU-BED-028,159,0,7,133
2024-10-07,SKU-BED-029,130,348,21,436
2024-10-07,SKU-BED-030,40,108,7,135
2024-10-07,SKU-BED-031,259,296,21,371
2024-10-07,SKU-BED-032,510,0,14,425
2024-10-07,SKU-BED-033,1050,0,21,420
2024-10-07,SKU-BED-034,79,212,21,266
2024-10-07,SKU-BED-035,925,0,28,370
2024-10-07,SKU-BED-036,45,120,7,150
2024-10-07,SKU-BED-037,2756,0,28,689
2024-10-07,SKU-BED-038,199,0,7,166
2024-10-07,SKU-BED-039,520,0,14,434
2024-10-07,SKU-BED-040,463,0,14,386
2024-10-07,SKU-FUR-041,2256,0,28,564
2024-10-07,SKU-FUR-042,140,160,7,201
2024-10-07,SKU-FUR-043,1625,0,28,650
2024-10-07,SKU-FUR-044,1170,0,28,468
2024-10-07,SKU-FUR-045,1040,0,28,416
2024-10-07,SKU-FUR-046,792,0,21,660
2024-10-07,SKU-FUR-047,307,351,28,439
2024-10-07,SKU-FUR-048,345,0,7,138
2024-10-07,SKU-FUR-049,2268,0,21,567
2024-10-07,SKU-FUR-050,333,380,21,476
2024-10-07,SKU-FUR-051,875,0,14,350
2024-10-07,SKU-FUR-052,250,286,21,358
2024-10-07,SKU-FUR-053,204,233,14,292
2024-10-07,SKU-FUR-054,940,0,14,235
2024-10-07,SKU-FUR-055,520,0,21,434
2024-10-07,SKU-FUR-056,256,293,21,367
2024-10-07,SKU-FUR-057,74,84,7,106
2024-10-07,SKU-FUR-058,526,0,28,439
2024-10-07,SKU-FUR-059,782,0,28,652
2024-10-07,SKU-FUR-060,189,505,21,632
2024-10-07,SKU-FUR-061,140,375,21,469
2024-10-07,SKU-FUR-062,747,0,14,299
2024-10-07,SKU-FUR-063,950,0,28,380
2024-10-07,SKU-FUR-064,517,0,14,207
2024-10-07,SKU-FUR-065,183,209,14,262
2024-10-07,SKU-FUR-066,46,124,7,156
2024-10-07,SKU-FUR-067,247,0,14,206
2024-10-07,SKU-FUR-068,568,0,7,142
2024-10-07,SKU-FUR-069,510,584,28,730
2024-10-07,SKU-FUR-070,387,442,28,553
2024-10-07,SKU-FUR-071,236,0,21,197
2024-10-07,SKU-FUR-072,156,179,14,224
2024-10-07,SKU-FUR-073,274,313,21,392
2024-10-07,SKU-FUR-074,124,332,28,415
2024-10-07,SKU-FUR-075,418,0,14,349
2024-10-07,SKU-FUR-076,261,299,21,374
2024-10-07,SKU-FUR-077,217,248,14,311
2024-10-07,SKU-FUR-078,1932,0,28,483
2024-10-07,SKU-FUR-079,1150,0,14,460
2024-10-07,SKU-FUR-080,326,372,21,466
2024-10-07,SKU-DEC-081,256,292,21,366
2024-10-07,SKU-DEC-082,389,444,28,556
2024-10-07,SKU-DEC-083,79,91,7,114
2024-10-07,SKU-DEC-084,404,0,7,101
2024-10-07,SKU-DEC-085,1840,0,28,736
2024-10-07,SKU-DEC-086,104,278,21,348
2024-10-07,SKU-DEC-087,467,0,7,187
2024-10-07,SKU-DEC-088,1068,0,28,890
2024-10-07,SKU-DEC-089,1340,0,21,536
2024-10-07,SKU-DEC-090,950,0,28,380
2024-10-07,SKU-DEC-091,467,0,7,187
2024-10-07,SKU-DEC-092,820,0,21,328
2024-10-07,SKU-DEC-093,405,0,7,162
2024-10-07,SKU-DEC-094,760,0,7,190
2024-10-07,SKU-DEC-095,1222,0,21,489
2024-10-07,SKU-DEC-096,204,546,21,683
2024-10-07,SKU-DEC-097,729,0,21,608
2024-10-07,SKU-DEC-098,33,89,7,112
2024-10-07,SKU-DEC-099,148,395,28,494
2024-10-07,SKU-DEC-100,79,90,7,113
2024-10-07,SKU-DEC-101,508,581,28,727
2024-10-07,SKU-DEC-102,404,0,28,337
2024-10-07,SKU-DEC-103,1128,0,28,282
2024-10-07,SKU-DEC-104,86,0,7,72
2024-10-07,SKU-DEC-105,78,89,7,112
2024-10-07,SKU-DEC-106,310,354,14,443
2024-10-07,SKU-DEC-107,1700,0,28,680
2024-10-07,SKU-DEC-108,132,151,7,189
2024-10-07,SKU-DEC-109,112,128,14,160
2024-10-07,SKU-DEC-110,520,0,14,130
2024-10-07,SKU-DEC-111,310,354,28,443
2024-10-07,SKU-DEC-112,301,344,21,430
2024-10-07,SKU-DEC-113,251,288,21,360
2024-10-07,SKU-DEC-114,540,0,14,450
2024-10-07,SKU-DEC-115,73,84,7,105
2024-10-07,SKU-DEC-116,290,332,14,415
2024-10-07,SKU-DEC-117,656,0,14,164
2024-10-07,SKU-DEC-118,884,0,21,221
2024-10-07,SKU-DEC-119,43,116,7,145
2024-10-07,SKU-DEC-120,766,0,28,639
2024-10-07,SKU-LIG-121,855,0,28,713
2024-10-07,SKU-LIG-122,26,70,7,88
2024-10-07,SKU-LIG-123,1592,0,14,398
2024-10-07,SKU-LIG-124,133,355,14,444
2024-10-07,SKU-LIG-125,53,61,7,77
2024-10-07,SKU-LIG-126,31,83,7,104
2024-10-07,SKU-LIG-127,390,0,7,156
2024-10-07,SKU-LIG-128,1592,0,21,398
2024-10-07,SKU-LIG-129,146,391,21,489
2024-10-07,SKU-LIG-130,350,400,21,500
2024-10-07,SKU-LIG-131,1447,0,21,579
2024-10-07,SKU-LIG-132,315,0,7,126
2024-10-07,SKU-LIG-133,258,0,7,215
2024-10-07,SKU-LIG-134,134,0,7,112
2024-10-07,SKU-LIG-135,194,517,28,647
2024-10-07,SKU-LIG-136,121,324,21,405
2024-10-07,SKU-LIG-137,632,0,7,158
2024-10-07,SKU-LIG-138,876,0,21,219
2024-10-07,SKU-LIG-139,470,537,21,672
2024-10-07,SKU-LIG-140,167,191,21,239
2024-10-07,SKU-LIG-141,57,152,7,191
2024-10-07,SKU-LIG-142,1344,0,14,336
2024-10-07,SKU-LIG-143,74,85,7,107
2024-10-07,SKU-LIG-144,304,0,7,76
2024-10-07,SKU-LIG-145,772,0,21,309
2024-10-07,SKU-LIG-146,746,0,28,622
2024-10-07,SKU-LIG-147,712,0,14,178
2024-10-07,SKU-LIG-148,157,0,7,131
2024-10-07,SKU-LIG-149,1340,0,21,536
2024-10-07,SKU-LIG-150,198,226,14,283
2024-10-07,SKU-LIG-151,544,0,14,136
2024-10-07,SKU-LIG-152,66,177,14,222
2024-10-07,SKU-LIG-153,132,0,7,110
2024-10-07,SKU-LIG-154,186,497,21,622
2024-10-07,SKU-LIG-155,1196,0,28,299
2024-10-07,SKU-LIG-156,122,326,28,408
2024-10-07,SKU-LIG-157,225,257,21,322
2024-10-07,SKU-LIG-158,3132,0,28,783
2024-10-07,SKU-LIG-159,583,0,21,486
2024-10-07,SKU-LIG-160,237,633,28,792
2024-10-07,SKU-SMA-161,28,76,7,96
2024-10-07,SKU-SMA-162,984,0,21,246
2024-10-07,SKU-SMA-163,60,160,14,201
2024-10-07,SKU-SMA-164,704,0,14,176
2024-10-07,SKU-SMA-165,1075,0,28,430
2024-10-07,SKU-SMA-166,103,0,7,86
2024-10-07,SKU-SMA-167,1168,0,28,292
2024-10-07,SKU-SMA-168,235,627,28,784
2024-10-07,SKU-SMA-169,405,0,7,162
2024-10-07,SKU-SMA-170,563,644,28,805
2024-10-07,SKU-SMA-171,609,696,28,871
2024-10-07,SKU-SMA-172,123,328,21,410
2024-10-07,SKU-SMA-173,396,452,28,566
2024-10-07,SKU-SMA-174,239,273,21,342
2024-10-07,SKU-SMA-175,313,0,14,261
2024-10-07,SKU-SMA-176,75,86,7,108
2024-10-07,SKU-SMA-177,1152,0,21,461
2024-10-07,SKU-SMA-178,163,0,7,136
2024-10-07,SKU-SMA-179,457,522,28,653
2024-10-07,SKU-SMA-180,254,0,7,212
2024-10-07,SKU-SMA-181,1488,0,14,372
2024-10-07,SKU-SMA-182,820,0,14,328
2024-10-07,SKU-SMA-183,322,0,28,269
2024-10-07,SKU-SMA-184,30,80,7,101
2024-10-07,SKU-SMA-185,1408,0,14,352
2024-10-07,SKU-SMA-186,581,664,28,830
2024-10-07,SKU-SMA-187,1292,0,14,323
2024-10-07,SKU-SMA-188,158,0,14,132
2024-10-07,SKU-SMA-189,535,612,28,765
2024-10-07,SKU-SMA-190,1002,0,14,401
2024-10-07,SKU-SMA-191,574,0,21,479
2024-10-07,SKU-SMA-192,687,0,21,573
2024-10-07,SKU-SMA-193,128,147,14,184
2024-10-07,SKU-SMA-194,375,0,7,150
2024-10-07,SKU-SMA-195,82,219,14,274
2024-10-07,SKU-SMA-196,65,175,14,219
2024-10-07,SKU-SMA-197,207,552,21,691
2024-10-07,SKU-SMA-198,1020,0,21,408
2024-10-07,SKU-SMA-199,997,0,14,399
2024-10-07,SKU-SMA-200,203,541,21,677
2024-10-14,SKU-BED-001,134,359,14,449
2024-10-14,SKU-BED-002,54,146,7,183
2024-10-14,SKU-BED-003,697,0,21,581
2024-10-14,SKU-BED-004,217,0,14,181
2024-10-14,SKU-BED-005,1152,0,28,461
2024-10-14,SKU-BED-006,768,0,28,640
2024-10-14,SKU-BED-007,262,700,28,876
2024-10-14,SKU-BED-008,574,0,21,479
2024-10-14,SKU-BED-009,2155,0,28,862
2024-10-14,SKU-BED-010,453,0,21,378
2024-10-14,SKU-BED-011,2652,0,21,663
2024-10-14,SKU-BED-012,1152,0,21,288
2024-10-14,SKU-BED-013,194,0,7,162
2024-10-14,SKU-BED-014,60,161,7,202
2024-10-14,SKU-BED-015,1037,0,28,415
2024-10-14,SKU-BED-016,216,0,7,180
2024-10-14,SKU-BED-017,408,0,21,340
2024-10-14,SKU-BED-018,887,0,14,355
2024-10-14,SKU-BED-019,237,634,28,793
2024-10-14,SKU-BED-020,177,472,21,590
2024-10-14,SKU-BED-021,632,0,7,158
2024-10-14,SKU-BED-022,697,0,28,279
2024-10-14,SKU-BED-023,380,0,7,152
2024-10-14,SKU-BED-024,52,139,7,174
2024-10-14,SKU-BED-025,596,0,14,149
2024-10-14,SKU-BED-026,1287,0,21,515
2024-10-14,SKU-BED-027,1040,0,28,260
2024-10-14,SKU-BED-028,1600,0,21,400
2024-10-14,SKU-BED-029,1744,0,21,436
2024-10-14,SKU-BED-030,540,0,7,135
2024-10-14,SKU-BED-031,617,0,14,247
2024-10-14,SKU-BED-032,63,169,7,212
2024-10-14,SKU-BED-033,2240,0,28,560
2024-10-14,SKU-BED-034,105,0,7,88
2024-10-14,SKU-BED-035,332,0,21,277
2024-10-14,SKU-BED-036,45,120,7,150
2024-10-14,SKU-BED-037,482,551,28,689
2024-10-14,SKU-BED-038,465,532,28,665
2024-10-14,SKU-BED-039,2172,0,28,869
2024-10-14,SKU-BED-040,482,0,7,193
2024-10-14,SKU-FUR-041,169,0,7,141
2024-10-14,SKU-FUR-042,60,160,7,201
2024-10-14,SKU-FUR-043,648,0,7,162
2024-10-14,SKU-FUR-044,35,93,7,117
2024-10-14,SKU-FUR-045,72,83,7,104
2024-10-14,SKU-FUR-046,1056,0,28,880
2024-10-14,SKU-FUR-047,526,0,28,439
2024-10-14,SKU-FUR-048,96,110,7,138
2024-10-14,SKU-FUR-049,453,0,14,378
2024-10-14,SKU-FUR-050,333,380,21,476
2024-10-14,SKU-FUR-051,700,0,7,175
2024-10-14,SKU-FUR-052,83,95,7,119
2024-10-14,SKU-FUR-053,350,0,14,292
2024-10-14,SKU-FUR-054,105,281,21,352
2024-10-14,SKU-FUR-055,202,231,14,289
2024-10-14,SKU-FUR-056,980,0,14,245
2024-10-14,SKU-FUR-057,265,0,7,106
2024-10-14,SKU-FUR-058,131,351,28,439
2024-10-14,SKU-FUR-059,114,130,7,163
2024-10-14,SKU-FUR-060,147,168,7,210
2024-10-14,SKU-FUR-061,109,124,7,156
2024-10-14,SKU-FUR-062,1796,0,21,449
2024-10-14,SKU-FUR-063,199,228,21,285
2024-10-14,SKU-FUR-064,62,165,14,207
2024-10-14,SKU-FUR-065,2100,0,28,525
2024-10-14,SKU-FUR-066,187,0,7,156
2024-10-14,SKU-FUR-067,372,0,21,310
2024-10-14,SKU-FUR-068,342,0,14,285
2024-10-14,SKU-FUR-069,510,584,28,730
2024-10-14,SKU-FUR-070,387,442,28,553
2024-10-14,SKU-FUR-071,657,0,28,263
2024-10-14,SKU-FUR-072,1796,0,28,449
2024-10-14,SKU-FUR-073,117,313,21,392
2024-10-14,SKU-FUR-074,72,82,7,103
2024-10-14,SKU-FUR-075,208,0,7,174
2024-10-14,SKU-FUR-076,496,0,7,124
2024-10-14,SKU-FUR-077,46,124,7,155
2024-10-14,SKU-FUR-078,964,0,14,241
2024-10-14,SKU-FUR-079,3684,0,28,921
2024-10-14,SKU-FUR-080,186,0,7,155
2024-10-14,SKU-DEC-081,1952,0,28,488
2024-10-14,SKU-DEC-082,667,0,28,556
2024-10-14,SKU-DEC-083,1832,0,28,458
2024-10-14,SKU-DEC-084,507,0,14,203
2024-10-14,SKU-DEC-085,128,147,7,184
2024-10-14,SKU-DEC-086,324,371,28,464
2024-10-14,SKU-DEC-087,130,149,7,187
2024-10-14,SKU-DEC-088,311,356,14,445
2024-10-14,SKU-DEC-089,500,572,28,715
2024-10-14,SKU-DEC-090,380,0,7,95
2024-10-14,SKU-DEC-091,112,299,14,374
2024-10-14,SKU-DEC-092,524,0,28,437
2024-10-14,SKU-DEC-093,145,388,21,486
2024-10-14,SKU-DEC-094,3048,0,28,762
2024-10-14,SKU-DEC-095,783,0,28,653
2024-10-14,SKU-DEC-096,478,546,21,683
2024-10-14,SKU-DEC-097,973,0,28,811
2024-10-14,SKU-DEC-098,101,270,21,338
2024-10-14,SKU-DEC-099,592,0,28,494
2024-10-14,SKU-DEC-100,1364,0,21,341
2024-10-14,SKU-DEC-101,907,0,14,363
2024-10-14,SKU-DEC-102,1008,0,21,252
2024-10-14,SKU-DEC-103,147,168,21,211
2024-10-14,SKU-DEC-104,64,172,21,216
2024-10-14,SKU-DEC-105,840,0,21,336
2024-10-14,SKU-DEC-106,199,531,21,664
2024-10-14,SKU-DEC-107,204,0,7,170
2024-10-14,SKU-DEC-108,945,0,14,378
2024-10-14,SKU-DEC-109,24,64,7,80
2024-10-14,SKU-DEC-110,39,104,14,130
2024-10-14,SKU-DEC-111,1772,0,28,443
2024-10-14,SKU-DEC-112,1720,0,21,430
2024-10-14,SKU-DEC-113,108,288,21,360
2024-10-14,SKU-DEC-114,1687,0,21,675
2024-10-14,SKU-DEC-115,126,336,28,421
2024-10-14,SKU-DEC-116,124,332,14,415
2024-10-14,SKU-DEC-117,24,65,7,82
2024-10-14,SKU-DEC-118,66,176,21,221
2024-10-14,SKU-DEC-119,174,465,28,582
2024-10-14,SKU-DEC-120,797,0,14,319
2024-10-14,SKU-LIG-121,2852,0,28,713
2024-10-14,SKU-LIG-122,704,0,14,176
2024-10-14,SKU-LIG-123,956,0,28,797
2024-10-14,SKU-LIG-124,2668,0,21,667
2024-10-14,SKU-LIG-125,577,0,21,231
2024-10-14,SKU-LIG-126,416,0,7,104
2024-10-14,SKU-LIG-127,375,0,14,313
2024-10-14,SKU-LIG-128,119,318,21,398
2024-10-14,SKU-LIG-129,97,260,14,326
2024-10-14,SKU-LIG-130,2668,0,28,667
2024-10-14,SKU-LIG-131,1544,0,14,386
2024-10-14,SKU-LIG-132,608,0,28,507
2024-10-14,SKU-LIG-133,452,516,21,646
2024-10-14,SKU-LIG-134,1804,0,28,451
2024-10-14,SKU-LIG-135,644,0,7,161
2024-10-14,SKU-LIG-136,648,0,28,540
2024-10-14,SKU-LIG-137,380,0,14,317
2024-10-14,SKU-LIG-138,584,0,14,146
2024-10-14,SKU-LIG-139,1792,0,14,448
2024-10-14,SKU-LIG-140,222,254,28,318
2024-10-14,SKU-LIG-141,3056,0,28,764
2024-10-14,SKU-LIG-142,672,0,7,168
2024-10-14,SKU-LIG-143,32,85,7,107
2024-10-14,SKU-LIG-144,916,0,21,229
2024-10-14,SKU-LIG-145,495,0,28,413
2024-10-14,SKU-LIG-146,2488,0,28,622
2024-10-14,SKU-LIG-147,712,0,14,178
2024-10-14,SKU-LIG-148,631,0,28,526
2024-10-14,SKU-LIG-149,124,142,7,178
2024-10-14,SKU-LIG-150,352,0,7,141
2024-10-14,SKU-LIG-151,544,0,14,136
2024-10-14,SKU-LIG-152,66,177,14,222
2024-10-14,SKU-LIG-153,66,176,14,220
2024-10-14,SKU-LIG-154,62,165,7,207
2024-10-14,SKU-LIG-155,89,239,28,299
2024-10-14,SKU-LIG-156,510,0,14,204
2024-10-14,SKU-LIG-157,514,0,28,429
2024-10-14,SKU-LIG-158,1957,0,28,783
2024-10-14,SKU-LIG-159,2592,0,28,648
2024-10-14,SKU-LIG-160,990,0,14,396
2024-10-14,SKU-SMA-161,1152,0,21,288
2024-10-14,SKU-SMA-162,410,0,14,164
2024-10-14,SKU-SMA-163,241,0,14,201
2024-10-14,SKU-SMA-164,184,211,21,264
2024-10-14,SKU-SMA-165,1720,0,28,430
2024-10-14,SKU-SMA-166,242,277,28,347
2024-10-14,SKU-SMA-167,65,175,21,219
2024-10-14,SKU-SMA-168,940,0,28,784
2024-10-14,SKU-SMA-169,97,260,14,325
2024-10-14,SKU-SMA-170,482,0,14,402
2024-10-14,SKU-SMA-171,2612,0,21,653
2024-10-14,SKU-SMA-172,2188,0,28,547
2024-10-14,SKU-SMA-173,127,340,21,425
2024-10-14,SKU-SMA-174,456,0,7,114
2024-10-14,SKU-SMA-175,652,0,14,261
2024-10-14,SKU-SMA-176,1304,0,21,326
2024-10-14,SKU-SMA-177,184,491,28,614
2024-10-14,SKU-SMA-178,2184,0,28,546
2024-10-14,SKU-SMA-179,391,0,14,326
2024-10-14,SKU-SMA-180,254,0,7,212
2024-10-14,SKU-SMA-181,744,0,7,186
2024-10-14,SKU-SMA-182,788,0,28,657
2024-10-14,SKU-SMA-183,536,0,14,134
2024-10-14,SKU-SMA-184,70,80,7,101
2024-10-14,SKU-SMA-185,2112,0,21,528
2024-10-14,SKU-SMA-186,581,664,28,830
2024-10-14,SKU-SMA-187,145,387,21,484
2024-10-14,SKU-SMA-188,165,0,7,66
2024-10-14,SKU-SMA-189,477,0,7,191
2024-10-14,SKU-SMA-190,562,642,28,803
2024-10-14,SKU-SMA-191,47,127,7,159
2024-10-14,SKU-SMA-192,916,0,28,764
2024-10-14,SKU-SMA-193,368,0,7,92
2024-10-14,SKU-SMA-194,1500,0,28,600
2024-10-14,SKU-SMA-195,123,328,21,411
2024-10-14,SKU-SMA-196,394,0,21,329
2024-10-14,SKU-SMA-197,3684,0,28,921
2024-10-14,SKU-SMA-198,1088,0,14,272
2024-10-14,SKU-SMA-199,279,319,14,399
2024-10-14,SKU-SMA-200,1692,0,21,677
2024-10-21,SKU-BED-001,1685,0,21,674
2024-10-21,SKU-BED-002,54,146,7,183
2024-10-21,SKU-BED-003,1548,0,14,387
2024-10-21,SKU-BED-004,108,289,28,362
2024-10-21,SKU-BED-005,553,0,28,461
2024-10-21,SKU-BED-006,400,0,7,160
2024-10-21,SKU-BED-007,2628,0,21,657
2024-10-21,SKU-BED-008,47,127,7,159
2024-10-21,SKU-BED-009,2584,0,21,646
2024-10-21,SKU-BED-010,1008,0,14,252
2024-10-21,SKU-BED-011,1105,0,14,442
2024-10-21,SKU-BED-012,230,0,14,192
2024-10-21,SKU-BED-013,194,0,7,162
2024-10-21,SKU-BED-014,182,485,21,607
2024-10-21,SKU-BED-015,217,248,21,311
2024-10-21,SKU-BED-016,1350,0,21,540
2024-10-21,SKU-BED-017,408,0,21,340
2024-10-21,SKU-BED-018,248,284,14,355
2024-10-21,SKU-BED-019,495,0,7,198
2024-10-21,SKU-BED-020,490,0,7,196
2024-10-21,SKU-BED-021,379,0,14,316
2024-10-21,SKU-BED-022,522,0,21,209
2024-10-21,SKU-BED-023,2440,0,28,610
2024-10-21,SKU-BED-024,835,0,28,696
2024-10-21,SKU-BED-025,156,178,21,223
2024-10-21,SKU-BED-026,480,549,28,687
2024-10-21,SKU-BED-027,312,0,28,260
2024-10-21,SKU-BED-028,1000,0,21,400
2024-10-21,SKU-BED-029,174,0,7,145
2024-10-21,SKU-BED-030,284,325,21,407
2024-10-21,SKU-BED-031,148,396,28,495
2024-10-21,SKU-BED-032,1700,0,14,425
2024-10-21,SKU-BED-033,1050,0,21,420
2024-10-21,SKU-BED-034,123,141,14,177
2024-10-21,SKU-BED-035,740,0,14,185
2024-10-21,SKU-BED-036,135,360,21,451
2024-10-21,SKU-BED-037,206,0,7,172
2024-10-21,SKU-BED-038,664,0,7,166
2024-10-21,SKU-BED-039,3476,0,28,869
2024-10-21,SKU-BED-040,57,154,7,193
2024-10-21,SKU-FUR-041,338,0,14,282
2024-10-21,SKU-FUR-042,60,160,7,201
2024-10-21,SKU-FUR-043,812,0,14,325
2024-10-21,SKU-FUR-044,140,0,7,117
2024-10-21,SKU-FUR-045,416,0,7,104
2024-10-21,SKU-FUR-046,1650,0,21,660
2024-10-21,SKU-FUR-047,307,351,28,439
2024-10-21,SKU-FUR-048,96,110,7,138
2024-10-21,SKU-FUR-049,396,453,21,567
2024-10-21,SKU-FUR-050,1268,0,14,317
2024-10-21,SKU-FUR-051,244,280,14,350
2024-10-21,SKU-FUR-052,597,0,14,239
2024-10-21,SKU-FUR-053,43,116,7,146
2024-10-21,SKU-FUR-054,880,0,21,352
2024-10-21,SKU-FUR-055,360,0,7,144
2024-10-21,SKU-FUR-056,305,0,7,122
2024-10-21,SKU-FUR-057,127,340,28,425
2024-10-21,SKU-FUR-058,130,0,7,109
2024-10-21,SKU-FUR-059,586,0,21,489
2024-10-21,SKU-FUR-060,2107,0,28,843
2024-10-21,SKU-FUR-061,1562,0,28,625
2024-10-21,SKU-FUR-062,314,359,21,449
2024-10-21,SKU-FUR-063,28,76,7,95
2024-10-21,SKU-FUR-064,144,165,14,207
2024-10-21,SKU-FUR-065,524,0,7,131
2024-10-21,SKU-FUR-066,374,0,14,312
2024-10-21,SKU-FUR-067,1652,0,28,413
2024-10-21,SKU-FUR-068,85,228,14,285
2024-10-21,SKU-FUR-069,1825,0,28,730
2024-10-21,SKU-FUR-070,165,442,28,553
2024-10-21,SKU-FUR-071,59,157,21,197
2024-10-21,SKU-FUR-072,560,0,14,224
2024-10-21,SKU-FUR-073,1307,0,28,523
2024-10-21,SKU-FUR-074,498,0,28,415
2024-10-21,SKU-FUR-075,1307,0,21,523
2024-10-21,SKU-FUR-076,174,199,14,249
2024-10-21,SKU-FUR-077,326,373,21,467
2024-10-21,SKU-FUR-078,434,0,21,362
2024-10-21,SKU-FUR-079,1840,0,14,460
2024-10-21,SKU-FUR-080,1552,0,28,621
2024-10-21,SKU-DEC-081,341,390,28,488
2024-10-21,SKU-DEC-082,194,222,14,278
2024-10-21,SKU-DEC-083,857,0,21,343
2024-10-21,SKU-DEC-084,142,162,14,203
2024-10-21,SKU-DEC-085,386,441,21,552
2024-10-21,SKU-DEC-086,139,371,28,464
2024-10-21,SKU-DEC-087,1500,0,14,375
2024-10-21,SKU-DEC-088,1068,0,28,890
2024-10-21,SKU-DEC-089,1428,0,14,357
2024-10-21,SKU-DEC-090,114,304,28,380
2024-10-21,SKU-DEC-091,261,299,14,374
2024-10-21,SKU-DEC-092,261,0,14,218
2024-10-21,SKU-DEC-093,1620,0,28,648
2024-10-21,SKU-DEC-094,133,152,7,190
2024-10-21,SKU-DEC-095,1222,0,21,489
2024-10-21,SKU-DEC-096,1707,0,21,683
2024-10-21,SKU-DEC-097,121,324,14,405
2024-10-21,SKU-DEC-098,67,180,14,225
2024-10-21,SKU-DEC-099,148,395,28,494
2024-10-21,SKU-DEC-100,238,272,21,341
2024-10-21,SKU-DEC-101,218,581,28,727
2024-10-21,SKU-DEC-102,58,67,7,84
2024-10-21,SKU-DEC-103,338,0,28,282
2024-10-21,SKU-DEC-104,288,0,7,72
2024-10-21,SKU-DEC-105,156,179,14,224
2024-10-21,SKU-DEC-106,620,708,28,886
2024-10-21,SKU-DEC-107,357,408,21,510
2024-10-21,SKU-DEC-108,681,0,21,568
2024-10-21,SKU-DEC-109,168,192,21,240
2024-10-21,SKU-DEC-110,19,52,7,65
2024-10-21,SKU-DEC-111,1772,0,28,443
2024-10-21,SKU-DEC-112,42,114,7,143
2024-10-21,SKU-DEC-113,336,384,28,480
2024-10-21,SKU-DEC-114,202,540,21,675
2024-10-21,SKU-DEC-115,63,168,14,210
2024-10-21,SKU-DEC-116,517,0,7,207
2024-10-21,SKU-DEC-117,73,196,21,246
2024-10-21,SKU-DEC-118,182,0,7,73
2024-10-21,SKU-DEC-119,305,348,21,436
2024-10-21,SKU-DEC-120,574,0,21,479
2024-10-21,SKU-LIG-121,213,570,28,713
2024-10-21,SKU-LIG-122,61,70,7,88
2024-10-21,SKU-LIG-123,59,159,7,199
2024-10-21,SKU-LIG-124,466,533,21,667
2024-10-21,SKU-LIG-125,616,0,14,154
2024-10-21,SKU-LIG-126,31,83,7,104
2024-10-21,SKU-LIG-127,1567,0,28,627
2024-10-21,SKU-LIG-128,1592,0,21,398
2024-10-21,SKU-LIG-129,586,0,21,489
2024-10-21,SKU-LIG-130,200,533,28,667
2024-10-21,SKU-LIG-131,270,308,14,386
2024-10-21,SKU-LIG-132,152,405,28,507
2024-10-21,SKU-LIG-133,775,0,21,646
2024-10-21,SKU-LIG-134,67,180,14,225
2024-10-21,SKU-LIG-135,1292,0,14,323
2024-10-21,SKU-LIG-136,1080,0,14,270
2024-10-21,SKU-LIG-137,221,253,14,317
2024-10-21,SKU-LIG-138,730,0,28,292
2024-10-21,SKU-LIG-139,269,717,28,897
2024-10-21,SKU-LIG-140,795,0,28,318
2024-10-21,SKU-LIG-141,2292,0,21,573
2024-10-21,SKU-LIG-142,1344,0,14,336
2024-10-21,SKU-LIG-143,149,171,14,214
2024-10-21,SKU-LIG-144,214,244,28,306
2024-10-21,SKU-LIG-145,144,164,14,206
2024-10-21,SKU-LIG-146,140,373,21,467
2024-10-21,SKU-LIG-147,445,0,14,178
2024-10-21,SKU-LIG-148,657,0,14,263
2024-10-21,SKU-LIG-149,213,0,7,178
2024-10-21,SKU-LIG-150,1132,0,14,283
2024-10-21,SKU-LIG-151,327,0,28,273
2024-10-21,SKU-LIG-152,1112,0,28,445
2024-10-21,SKU-LIG-153,1102,0,28,441
2024-10-21,SKU-LIG-154,2488,0,21,622
2024-10-21,SKU-LIG-155,178,0,14,149
2024-10-21,SKU-LIG-156,285,326,28,408
2024-10-21,SKU-LIG-157,428,0,7,107
2024-10-21,SKU-LIG-158,977,0,14,391
2024-10-21,SKU-LIG-159,453,518,28,648
2024-10-21,SKU-LIG-160,138,158,7,198
2024-10-21,SKU-SMA-161,67,76,7,96
2024-10-21,SKU-SMA-162,394,0,28,329
2024-10-21,SKU-SMA-163,60,160,14,201
2024-10-21,SKU-SMA-164,61,70,7,88
2024-10-21,SKU-SMA-165,428,0,7,107
2024-10-21,SKU-SMA-166,242,277,28,347
2024-10-21,SKU-SMA-167,204,233,28,292
2024-10-21,SKU-SMA-168,411,470,21,588
2024-10-21,SKU-SMA-169,146,390,21,488
2024-10-21,SKU-SMA-170,502,0,7,201
2024-10-21,SKU-SMA-171,783,0,21,653
2024-10-21,SKU-SMA-172,164,437,28,547
2024-10-21,SKU-SMA-173,564,0,7,141
2024-10-21,SKU-SMA-174,68,182,14,228
2024-10-21,SKU-SMA-175,39,104,7,130
2024-10-21,SKU-SMA-176,303,347,28,434
2024-10-21,SKU-SMA-177,382,0,7,153
2024-10-21,SKU-SMA-178,286,327,21,409
2024-10-21,SKU-SMA-179,588,0,21,490
2024-10-21,SKU-SMA-180,63,169,7,212
2024-10-21,SKU-SMA-181,446,0,14,372
2024-10-21,SKU-SMA-182,197,525,28,657
2024-10-21,SKU-SMA-183,20,53,7,67
2024-10-21,SKU-SMA-184,283,324,28,405
2024-10-21,SKU-SMA-185,369,422,21,528
2024-10-21,SKU-SMA-186,1037,0,14,415
2024-10-21,SKU-SMA-187,807,0,14,323
2024-10-21,SKU-SMA-188,46,52,7,66
2024-10-21,SKU-SMA-189,535,612,28,765
2024-10-21,SKU-SMA-190,140,160,7,200
2024-10-21,SKU-SMA-191,397,0,7,159
2024-10-21,SKU-SMA-192,458,0,14,382
2024-10-21,SKU-SMA-193,258,295,28,369
2024-10-21,SKU-SMA-194,180,0,7,150
2024-10-21,SKU-SMA-195,658,0,28,549
2024-10-21,SKU-SMA-196,130,0,7,109
2024-10-21,SKU-SMA-197,920,0,7,230
2024-10-21,SKU-SMA-198,1088,0,14,272
2024-10-21,SKU-SMA-199,3196,0,28,799
2024-10-21,SKU-SMA-200,270,722,28,903
2024-10-28,SKU-BED-001,67,179,7,224
2024-10-28,SKU-BED-002,1835,0,28,734
2024-10-28,SKU-BED-003,174,464,21,581
2024-10-28,SKU-BED-004,325,0,21,271
2024-10-28,SKU-BED-005,920,0,14,230
2024-10-28,SKU-BED-006,224,256,14,320
2024-10-28,SKU-BED-007,131,350,14,438
2024-10-28,SKU-BED-008,397,0,7,159
2024-10-28,SKU-BED-009,1615,0,21,646
2024-10-28,SKU-BED-010,2016,0,28,504
2024-10-28,SKU-BED-011,3536,0,28,884
2024-10-28,SKU-BED-012,384,0,7,96
2024-10-28,SKU-BED-013,810,0,14,324
2024-10-28,SKU-BED-014,1012,0,14,405
2024-10-28,SKU-BED-015,72,82,7,103
2024-10-28,SKU-BED-016,1350,0,21,540
2024-10-28,SKU-BED-017,408,0,21,340
2024-10-28,SKU-BED-018,2132,0,21,533
2024-10-28,SKU-BED-019,1584,0,14,396
2024-10-28,SKU-BED-020,490,0,7,196
2024-10-28,SKU-BED-021,442,505,28,632
2024-10-28,SKU-BED-022,20,55,7,69
2024-10-28,SKU-BED-023,380,0,7,152
2024-10-28,SKU-BED-024,208,556,28,696
2024-10-28,SKU-BED-025,208,238,28,298
2024-10-28,SKU-BED-026,51,136,7,171
2024-10-28,SKU-BED-027,260,0,7,65
2024-10-28,SKU-BED-028,332,0,7,133
2024-10-28,SKU-BED-029,87,232,14,290
2024-10-28,SKU-BED-030,162,0,7,135
2024-10-28,SKU-BED-031,1484,0,21,371
2024-10-28,SKU-BED-032,2552,0,21,638
2024-10-28,SKU-BED-033,126,336,21,420
2024-10-28,SKU-BED-034,1064,0,21,266
2024-10-28,SKU-BED-035,462,0,14,185
2024-10-28,SKU-BED-036,600,0,7,150
2024-10-28,SKU-BED-037,51,137,7,172
2024-10-28,SKU-BED-038,1996,0,21,499
2024-10-28,SKU-BED-039,260,0,7,217
2024-10-28,SKU-BED-040,57,154,7,193
2024-10-28,SKU-FUR-041,564,0,7,141
2024-10-28,SKU-FUR-042,804,0,7,201
2024-10-28,SKU-FUR-043,584,0,21,487
2024-10-28,SKU-FUR-044,140,0,7,117
2024-10-28,SKU-FUR-045,124,0,7,104
2024-10-28,SKU-FUR-046,792,0,21,660
2024-10-28,SKU-FUR-047,307,351,28,439
2024-10-28,SKU-FUR-048,387,443,28,554
2024-10-28,SKU-FUR-049,2268,0,21,567
2024-10-28,SKU-FUR-050,110,126,7,158
2024-10-28,SKU-FUR-051,2804,0,28,701
2024-10-28,SKU-FUR-052,1195,0,28,478
2024-10-28,SKU-FUR-053,102,116,7,146
2024-10-28,SKU-FUR-054,940,0,14,235
2024-10-28,SKU-FUR-055,172,0,7,144
2024-10-28,SKU-FUR-056,294,0,14,245
2024-10-28,SKU-FUR-057,510,0,28,425
2024-10-28,SKU-FUR-058,547,0,14,219
2024-10-28,SKU-FUR-059,1630,0,28,652
2024-10-28,SKU-FUR-060,189,505,21,632
2024-10-28,SKU-FUR-061,1172,0,21,469
2024-10-28,SKU-FUR-062,104,119,7,149
2024-10-28,SKU-FUR-063,712,0,21,285
2024-10-28,SKU-FUR-064,144,165,14,207
2024-10-28,SKU-FUR-065,655,0,14,262
2024-10-28,SKU-FUR-066,187,500,28,625
2024-10-28,SKU-FUR-067,372,0,21,310
2024-10-28,SKU-FUR-068,85,228,14,285
2024-10-28,SKU-FUR-069,1460,0,14,365
2024-10-28,SKU-FUR-070,1382,0,28,553
2024-10-28,SKU-FUR-071,788,0,21,197
2024-10-28,SKU-FUR-072,404,0,21,337
2024-10-28,SKU-FUR-073,1307,0,28,523
2024-10-28,SKU-FUR-074,517,0,14,207
2024-10-28,SKU-FUR-075,2792,0,28,698
2024-10-28,SKU-FUR-076,310,0,7,124
2024-10-28,SKU-FUR-077,108,124,7,155
2024-10-28,SKU-FUR-078,144,386,28,483
2024-10-28,SKU-FUR-079,138,368,14,460
2024-10-28,SKU-FUR-080,326,372,21,466
2024-10-28,SKU-DEC-081,1952,0,28,488
2024-10-28,SKU-DEC-082,291,333,21,417
2024-10-28,SKU-DEC-083,1372,0,21,343
2024-10-28,SKU-DEC-084,284,324,28,406
2024-10-28,SKU-DEC-085,662,0,21,552
2024-10-28,SKU-DEC-086,139,0,7,116
2024-10-28,SKU-DEC-087,2252,0,21,563
2024-10-28,SKU-DEC-088,200,534,21,668
2024-10-28,SKU-DEC-089,445,0,7,178
2024-10-28,SKU-DEC-090,114,0,7,95
2024-10-28,SKU-DEC-091,467,0,7,187
2024-10-28,SKU-DEC-092,229,262,21,328
2024-10-28,SKU-DEC-093,48,129,7,162
2024-10-28,SKU-DEC-094,914,0,28,762
2024-10-28,SKU-DEC-095,815,0,14,326
2024-10-28,SKU-DEC-096,637,728,28,910
2024-10-28,SKU-DEC-097,3244,0,28,811
2024-10-28,SKU-DEC-098,845,0,21,338
2024-10-28,SKU-DEC-099,1976,0,28,494
2024-10-28,SKU-DEC-100,852,0,21,341
2024-10-28,SKU-DEC-101,724,0,7,181
2024-10-28,SKU-DEC-102,117,134,14,168
2024-10-28,SKU-DEC-103,169,0,14,141
2024-10-28,SKU-DEC-104,180,0,7,72
2024-10-28,SKU-DEC-105,33,89,7,112
2024-10-28,SKU-DEC-106,2215,0,28,886
2024-10-28,SKU-DEC-107,357,408,21,510
2024-10-28,SKU-DEC-108,945,0,14,378
2024-10-28,SKU-DEC-109,960,0,21,240
2024-10-28,SKU-DEC-110,487,0,21,195
2024-10-28,SKU-DEC-111,275,0,7,110
2024-10-28,SKU-DEC-112,357,0,7,143
2024-10-28,SKU-DEC-113,168,192,14,240
2024-10-28,SKU-DEC-114,157,180,7,225
2024-10-28,SKU-DEC-115,262,0,7,105
2024-10-28,SKU-DEC-116,828,0,7,207
2024-10-28,SKU-DEC-117,295,0,21,246
2024-10-28,SKU-DEC-118,265,0,21,221
2024-10-28,SKU-DEC-119,203,232,14,291
2024-10-28,SKU-DEC-120,2556,0,28,639
2024-10-28,SKU-LIG-121,499,570,28,713
2024-10-28,SKU-LIG-122,882,0,28,353
2024-10-28,SKU-LIG-123,139,159,7,199
2024-10-28,SKU-LIG-124,266,0,7,222
2024-10-28,SKU-LIG-125,385,0,14,154
2024-10-28,SKU-LIG-126,31,83,7,104
2024-10-28,SKU-LIG-127,141,376,21,470
2024-10-28,SKU-LIG-128,39,105,7,132
2024-10-28,SKU-LIG-129,586,0,21,489
2024-10-28,SKU-LIG-130,199,0,7,166
2024-10-28,SKU-LIG-131,482,0,7,193
2024-10-28,SKU-LIG-132,504,0,7,126
2024-10-28,SKU-LIG-133,129,344,14,431
2024-10-28,SKU-LIG-134,78,89,7,112
2024-10-28,SKU-LIG-135,339,388,21,485
2024-10-28,SKU-LIG-136,675,0,14,270
2024-10-28,SKU-LIG-137,47,126,7,158
2024-10-28,SKU-LIG-138,1168,0,28,292
2024-10-28,SKU-LIG-139,134,358,14,448
2024-10-28,SKU-LIG-140,94,0,7,79
2024-10-28,SKU-LIG-141,229,611,28,764
2024-10-28,SKU-LIG-142,2688,0,28,672
2024-10-28,SKU-LIG-143,428,0,7,107
2024-10-28,SKU-LIG-144,304,0,7,76
2024-10-28,SKU-LIG-145,144,164,14,206
2024-10-28,SKU-LIG-146,435,497,28,622
2024-10-28,SKU-LIG-147,222,0,7,89
2024-10-28,SKU-LIG-148,657,0,14,263
2024-10-28,SKU-LIG-149,213,0,7,178
2024-10-28,SKU-LIG-150,510,0,21,425
2024-10-28,SKU-LIG-151,820,0,21,205
2024-10-28,SKU-LIG-152,77,88,7,111
2024-10-28,SKU-LIG-153,827,0,21,331
2024-10-28,SKU-LIG-154,144,165,7,207
2024-10-28,SKU-LIG-155,88,0,7,74
2024-10-28,SKU-LIG-156,408,0,7,102
2024-10-28,SKU-LIG-157,64,171,14,214
2024-10-28,SKU-LIG-158,58,156,7,195
2024-10-28,SKU-LIG-159,226,259,14,324
2024-10-28,SKU-LIG-160,1485,0,21,594
2024-10-28,SKU-SMA-161,480,0,14,192
2024-10-28,SKU-SMA-162,98,0,7,82
2024-10-28,SKU-SMA-163,1612,0,28,403
2024-10-28,SKU-SMA-164,52,140,14,176
2024-10-28,SKU-SMA-165,258,0,14,215
2024-10-28,SKU-SMA-166,692,0,14,173
2024-10-28,SKU-SMA-167,43,116,14,146
2024-10-28,SKU-SMA-168,1470,0,21,588
2024-10-28,SKU-SMA-169,341,390,21,488
2024-10-28,SKU-SMA-170,724,0,21,604
2024-10-28,SKU-SMA-171,195,522,21,653
2024-10-28,SKU-SMA-172,382,437,28,547
2024-10-28,SKU-SMA-173,1700,0,21,425
2024-10-28,SKU-SMA-174,68,182,14,228
2024-10-28,SKU-SMA-175,365,417,28,522
2024-10-28,SKU-SMA-176,65,173,14,217
2024-10-28,SKU-SMA-177,429,491,28,614
2024-10-28,SKU-SMA-178,682,0,14,273
2024-10-28,SKU-SMA-179,457,522,28,653
2024-10-28,SKU-SMA-180,764,0,21,637
2024-10-28,SKU-SMA-181,111,297,14,372
2024-10-28,SKU-SMA-182,114,131,7,164
2024-10-28,SKU-SMA-183,188,215,28,269
2024-10-28,SKU-SMA-184,60,161,14,202
2024-10-28,SKU-SMA-185,422,0,14,352
2024-10-28,SKU-SMA-186,1555,0,21,622
2024-10-28,SKU-SMA-187,112,128,7,161
2024-10-28,SKU-SMA-188,662,0,28,265
2024-10-28,SKU-SMA-189,688,0,21,574
2024-10-28,SKU-SMA-190,3212,0,28,803
2024-10-28,SKU-SMA-191,382,0,14,319
2024-10-28,SKU-SMA-192,229,611,28,764
2024-10-28,SKU-SMA-193,27,73,7,92
2024-10-28,SKU-SMA-194,180,0,7,150
2024-10-28,SKU-SMA-195,658,0,28,549
2024-10-28,SKU-SMA-196,272,0,7,109
2024-10-28,SKU-SMA-197,2302,0,28,921
2024-10-28,SKU-SMA-198,2176,0,28,544
2024-10-28,SKU-SMA-199,1497,0,21,599
2024-10-28,SKU-SMA-200,473,541,21,677
2024-11-04,SKU-BED-001,471,539,21,674
2024-11-04,SKU-BED-002,219,0,7,183
2024-11-04,SKU-BED-003,464,0,14,387
2024-11-04,SKU-BED-004,189,216,21,271
2024-11-04,SKU-BED-005,322,368,28,461
2024-11-04,SKU-BED-006,1280,0,14,320
2024-11-04,SKU-BED-007,1095,0,14,438
2024-11-04,SKU-BED-008,382,0,14,319
2024-11-04,SKU-BED-009,258,689,28,862
2024-11-04,SKU-BED-010,151,0,7,126
2024-11-04,SKU-BED-011,1105,0,14,442
2024-11-04,SKU-BED-012,67,76,7,96
2024-11-04,SKU-BED-013,48,129,7,162
2024-11-04,SKU-BED-014,505,0,7,202
2024-11-04,SKU-BED-015,257,0,7,103
2024-11-04,SKU-BED-016,864,0,28,720
2024-11-04,SKU-BED-017,68,181,14,227
2024-11-04,SKU-BED-018,106,284,14,355
2024-11-04,SKU-BED-019,178,475,21,594
2024-11-04,SKU-BED-020,1572,0,14,393
2024-11-04,SKU-BED-021,47,126,7,158
2024-11-04,SKU-BED-022,250,0,21,209
2024-11-04,SKU-BED-023,762,0,14,305
2024-11-04,SKU-BED-024,870,0,14,348
2024-11-04,SKU-BED-025,357,0,28,298
2024-11-04,SKU-BED-026,857,0,14,343
2024-11-04,SKU-BED-027,162,0,7,65
2024-11-04,SKU-BED-028,1600,0,21,400
2024-11-04,SKU-BED-029,2324,0,28,581
2024-11-04,SKU-BED-030,1628,0,21,407
2024-11-04,SKU-BED-031,74,197,14,247
2024-11-04,SKU-BED-032,2552,0,21,638
2024-11-04,SKU-BED-033,1050,0,21,420
2024-11-04,SKU-BED-034,61,70,7,88
2024-11-04,SKU-BED-035,259,296,28,370
2024-11-04,SKU-BED-036,135,360,21,451
2024-11-04,SKU-BED-037,154,412,21,516
2024-11-04,SKU-BED-038,598,0,21,499
2024-11-04,SKU-BED-039,3476,0,28,869
2024-11-04,SKU-BED-040,482,0,7,193
2024-11-04,SKU-FUR-041,126,338,21,423
2024-11-04,SKU-FUR-042,1512,0,21,605
2024-11-04,SKU-FUR-043,1217,0,21,487
2024-11-04,SKU-FUR-044,561,0,28,468
2024-11-04,SKU-FUR-045,260,0,7,104
2024-11-04,SKU-FUR-046,2640,0,21,660
2024-11-04,SKU-FUR-047,262,0,14,219
2024-11-04,SKU-FUR-048,41,110,7,138
2024-11-04,SKU-FUR-049,756,0,7,189
2024-11-04,SKU-FUR-050,1904,0,21,476
2024-11-04,SKU-FUR-051,52,140,7,175
2024-11-04,SKU-FUR-052,956,0,14,239
2024-11-04,SKU-FUR-053,1752,0,21,438
2024-11-04,SKU-FUR-054,292,0,7,117
2024-11-04,SKU-FUR-055,1447,0,28,579
2024-11-04,SKU-FUR-056,612,0,14,245
2024-11-04,SKU-FUR-057,95,255,21,319
2024-11-04,SKU-FUR-058,526,0,28,439
2024-11-04,SKU-FUR-059,228,260,14,326
2024-11-04,SKU-FUR-060,1011,0,28,843
2024-11-04,SKU-FUR-061,1562,0,28,625
2024-11-04,SKU-FUR-062,2396,0,28,599
2024-11-04,SKU-FUR-063,760,0,14,190
2024-11-04,SKU-FUR-064,1656,0,28,414
2024-11-04,SKU-FUR-065,630,0,28,525
2024-11-04,SKU-FUR-066,218,249,14,312
2024-11-04,SKU-FUR-067,515,0,14,206
2024-11-04,SKU-FUR-068,171,456,28,571
2024-11-04,SKU-FUR-069,164,437,21,547
2024-11-04,SKU-FUR-070,165,0,7,138
2024-11-04,SKU-FUR-071,657,0,28,263
2024-11-04,SKU-FUR-072,280,0,7,112
2024-11-04,SKU-FUR-073,1307,0,28,523
2024-11-04,SKU-FUR-074,290,332,28,415
2024-11-04,SKU-FUR-075,2792,0,28,698
2024-11-04,SKU-FUR-076,298,0,14,249
2024-11-04,SKU-FUR-077,1244,0,14,311
2024-11-04,SKU-FUR-078,964,0,14,241
2024-11-04,SKU-FUR-079,276,736,28,921
2024-11-04,SKU-FUR-080,326,372,21,466
2024-11-04,SKU-DEC-081,1464,0,21,366
2024-11-04,SKU-DEC-082,1042,0,21,417
2024-11-04,SKU-DEC-083,320,366,28,458
2024-11-04,SKU-DEC-084,121,324,28,406
2024-11-04,SKU-DEC-085,220,588,28,736
2024-11-04,SKU-DEC-086,139,371,28,464
2024-11-04,SKU-DEC-087,56,149,7,187
2024-11-04,SKU-DEC-088,534,0,14,445
2024-11-04,SKU-DEC-089,107,285,14,357
2024-11-04,SKU-DEC-090,456,0,28,380
2024-11-04,SKU-DEC-091,261,299,14,374
2024-11-04,SKU-DEC-092,131,349,28,437
2024-11-04,SKU-DEC-093,1944,0,21,486
2024-11-04,SKU-DEC-094,400,457,21,572
2024-11-04,SKU-DEC-095,342,391,21,489
2024-11-04,SKU-DEC-096,318,364,14,455
2024-11-04,SKU-DEC-097,505,0,7,202
2024-11-04,SKU-DEC-098,1804,0,28,451
2024-11-04,SKU-DEC-099,172,197,14,247
2024-11-04,SKU-DEC-100,452,0,7,113
2024-11-04,SKU-DEC-101,452,0,7,181
2024-11-04,SKU-DEC-102,404,0,28,337
2024-11-04,SKU-DEC-103,352,0,14,141
2024-11-04,SKU-DEC-104,180,0,7,72
2024-11-04,SKU-DEC-105,156,179,14,224
2024-11-04,SKU-DEC-106,552,0,7,221
2024-11-04,SKU-DEC-107,680,0,7,170
2024-11-04,SKU-DEC-108,472,0,7,189
2024-11-04,SKU-DEC-109,400,0,14,160
2024-11-04,SKU-DEC-110,780,0,21,195
2024-11-04,SKU-DEC-111,265,0,14,221
2024-11-04,SKU-DEC-112,715,0,14,286
2024-11-04,SKU-DEC-113,108,288,21,360
2024-11-04,SKU-DEC-114,315,360,14,450
2024-11-04,SKU-DEC-115,1684,0,28,421
2024-11-04,SKU-DEC-116,498,0,14,415
2024-11-04,SKU-DEC-117,98,262,28,328
2024-11-04,SKU-DEC-118,588,0,14,147
2024-11-04,SKU-DEC-119,1455,0,28,582
2024-11-04,SKU-DEC-120,1916,0,21,479
2024-11-04,SKU-LIG-121,712,0,7,178
2024-11-04,SKU-LIG-122,882,0,28,353
2024-11-04,SKU-LIG-123,179,477,21,597
2024-11-04,SKU-LIG-124,310,355,14,444
2024-11-04,SKU-LIG-125,385,0,14,154
2024-11-04,SKU-LIG-126,219,251,21,314
2024-11-04,SKU-LIG-127,438,501,28,627
2024-11-04,SKU-LIG-128,185,212,14,265
2024-11-04,SKU-LIG-129,815,0,14,326
2024-11-04,SKU-LIG-130,600,0,21,500
2024-11-04,SKU-LIG-131,2316,0,21,579
2024-11-04,SKU-LIG-132,303,0,14,253
2024-11-04,SKU-LIG-133,452,516,21,646
2024-11-04,SKU-LIG-134,280,0,7,112
2024-11-04,SKU-LIG-135,193,0,7,161
2024-11-04,SKU-LIG-136,162,432,28,540
2024-11-04,SKU-LIG-137,2536,0,28,634
2024-11-04,SKU-LIG-138,87,0,7,73
2024-11-04,SKU-LIG-139,1680,0,21,672
2024-11-04,SKU-LIG-140,94,0,7,79
2024-11-04,SKU-LIG-141,916,0,28,764
2024-11-04,SKU-LIG-142,806,0,28,672
2024-11-04,SKU-LIG-143,535,0,14,214
2024-11-04,SKU-LIG-144,107,122,14,153
2024-11-04,SKU-LIG-145,412,0,7,103
2024-11-04,SKU-LIG-146,2488,0,28,622
2024-11-04,SKU-LIG-147,186,213,21,267
2024-11-04,SKU-LIG-148,184,210,14,263
2024-11-04,SKU-LIG-149,1787,0,28,715
2024-11-04,SKU-LIG-150,680,0,28,567
2024-11-04,SKU-LIG-151,1092,0,28,273
2024-11-04,SKU-LIG-152,100,267,21,334
2024-11-04,SKU-LIG-153,132,0,7,110
2024-11-04,SKU-LIG-154,2488,0,21,622
2024-11-04,SKU-LIG-155,358,0,28,299
2024-11-04,SKU-LIG-156,30,81,7,102
2024-11-04,SKU-LIG-157,256,0,14,214
2024-11-04,SKU-LIG-158,780,0,7,195
2024-11-04,SKU-LIG-159,1944,0,21,486
2024-11-04,SKU-LIG-160,237,0,7,198
2024-11-04,SKU-SMA-161,384,0,7,96
2024-11-04,SKU-SMA-162,172,196,21,246
2024-11-04,SKU-SMA-163,90,241,21,302
2024-11-04,SKU-SMA-164,184,211,21,264
2024-11-04,SKU-SMA-165,1720,0,28,430
2024-11-04,SKU-SMA-166,416,0,28,347
2024-11-04,SKU-SMA-167,1168,0,28,292
2024-11-04,SKU-SMA-168,176,470,21,588
2024-11-04,SKU-SMA-169,2604,0,28,651
2024-11-04,SKU-SMA-170,502,0,7,201
2024-11-04,SKU-SMA-171,609,696,28,871
2024-11-04,SKU-SMA-172,340,0,7,136
2024-11-04,SKU-SMA-173,707,0,14,283
2024-11-04,SKU-SMA-174,547,0,28,456
2024-11-04,SKU-SMA-175,626,0,28,522
2024-11-04,SKU-SMA-176,32,86,7,108
2024-11-04,SKU-SMA-177,429,491,28,614
2024-11-04,SKU-SMA-178,340,0,7,136
2024-11-04,SKU-SMA-179,195,0,7,163
2024-11-04,SKU-SMA-180,1060,0,14,424
2024-11-04,SKU-SMA-181,391,447,21,559
2024-11-04,SKU-SMA-182,410,0,7,164
2024-11-04,SKU-SMA-183,188,215,28,269
2024-11-04,SKU-SMA-184,212,243,21,304
2024-11-04,SKU-SMA-185,704,0,7,176
2024-11-04,SKU-SMA-186,581,664,28,830
2024-11-04,SKU-SMA-187,807,0,14,323
2024-11-04,SKU-SMA-188,264,0,7,66
2024-11-04,SKU-SMA-189,3060,0,28,765
2024-11-04,SKU-SMA-190,1604,0,14,401
2024-11-04,SKU-SMA-191,797,0,14,319
2024-11-04,SKU-SMA-192,133,152,7,191
2024-11-04,SKU-SMA-193,110,295,28,369
2024-11-04,SKU-SMA-194,45,120,7,150
2024-11-04,SKU-SMA-195,95,109,7,137
2024-11-04,SKU-SMA-196,230,263,21,329
2024-11-04,SKU-SMA-197,276,0,7,230
2024-11-04,SKU-SMA-198,40,108,7,136
2024-11-04,SKU-SMA-199,478,0,14,399
2024-11-04,SKU-SMA-200,3612,0,28,903
2024-11-11,SKU-BED-001,808,0,21,674
2024-11-11,SKU-BED-002,457,0,7,183
2024-11-11,SKU-BED-003,232,619,28,774
2024-11-11,SKU-BED-004,1084,0,21,271
2024-11-11,SKU-BED-005,575,0,14,230
2024-11-11,SKU-BED-006,448,512,28,640
2024-11-11,SKU-BED-007,197,525,21,657
2024-11-11,SKU-BED-008,1916,0,21,479
2024-11-11,SKU-BED-009,193,516,21,646
2024-11-11,SKU-BED-010,1260,0,28,504
2024-11-11,SKU-BED-011,1060,0,28,884
2024-11-11,SKU-BED-012,962,0,28,385
2024-11-11,SKU-BED-013,778,0,28,649
2024-11-11,SKU-BED-014,1517,0,21,607
2024-11-11,SKU-BED-015,30,82,7,103
2024-11-11,SKU-BED-016,1800,0,28,720
2024-11-11,SKU-BED-017,1135,0,28,454
2024-11-11,SKU-BED-018,639,0,21,533
2024-11-11,SKU-BED-019,1584,0,14,396
2024-11-11,SKU-BED-020,784,0,7,196
2024-11-11,SKU-BED-021,142,379,21,474
2024-11-11,SKU-BED-022,250,0,21,209
2024-11-11,SKU-BED-023,137,365,21,457
2024-11-11,SKU-BED-024,1740,0,28,696
2024-11-11,SKU-BED-025,89,238,28,298
2024-11-11,SKU-BED-026,480,549,28,687
2024-11-11,SKU-BED-027,19,52,7,65
2024-11-11,SKU-BED-028,2136,0,28,534
2024-11-11,SKU-BED-029,1452,0,28,581
2024-11-11,SKU-BED-030,189,216,14,271
2024-11-11,SKU-BED-031,36,98,7,123
2024-11-11,SKU-BED-032,3404,0,28,851
2024-11-11,SKU-BED-033,350,0,7,140
2024-11-11,SKU-BED-034,352,0,7,88
2024-11-11,SKU-BED-035,110,0,7,92
2024-11-11,SKU-BED-036,180,0,7,150
2024-11-11,SKU-BED-037,688,0,7,172
2024-11-11,SKU-BED-038,1328,0,14,332
2024-11-11,SKU-BED-039,520,0,14,434
2024-11-11,SKU-BED-040,772,0,7,193
2024-11-11,SKU-FUR-041,296,338,21,423
2024-11-11,SKU-FUR-042,1007,0,14,403
2024-11-11,SKU-FUR-043,780,0,28,650
2024-11-11,SKU-FUR-044,105,280,21,351
2024-11-11,SKU-FUR-045,260,0,7,104
2024-11-11,SKU-FUR-046,2200,0,28,880
2024-11-11,SKU-FUR-047,262,0,14,219
2024-11-11,SKU-FUR-048,1108,0,14,277
2024-11-11,SKU-FUR-049,226,0,7,189
2024-11-11,SKU-FUR-050,142,380,21,476
2024-11-11,SKU-FUR-051,52,140,7,175
2024-11-11,SKU-FUR-052,250,286,21,358
2024-11-11,SKU-FUR-053,306,350,21,438
2024-11-11,SKU-FUR-054,329,376,28,470
2024-11-11,SKU-FUR-055,722,0,14,289
2024-11-11,SKU-FUR-056,294,0,14,245
2024-11-11,SKU-FUR-057,1062,0,28,425
2024-11-11,SKU-FUR-058,547,0,14,219
2024-11-11,SKU-FUR-059,652,0,7,163
2024-11-11,SKU-FUR-060,189,505,21,632
2024-11-11,SKU-FUR-061,93,249,14,312
2024-11-11,SKU-FUR-062,209,239,14,299
2024-11-11,SKU-FUR-063,133,152,14,190
2024-11-11,SKU-FUR-064,1240,0,21,310
2024-11-11,SKU-FUR-065,655,0,14,262
2024-11-11,SKU-FUR-066,390,0,7,156
2024-11-11,SKU-FUR-067,1652,0,28,413
2024-11-11,SKU-FUR-068,170,0,7,142
2024-11-11,SKU-FUR-069,1460,0,14,365
2024-11-11,SKU-FUR-070,496,0,21,414
2024-11-11,SKU-FUR-071,78,210,28,263
2024-11-11,SKU-FUR-072,538,0,28,449
2024-11-11,SKU-FUR-073,117,313,21,392
2024-11-11,SKU-FUR-074,412,0,7,103
2024-11-11,SKU-FUR-075,1396,0,14,349
2024-11-11,SKU-FUR-076,1996,0,28,499
2024-11-11,SKU-FUR-077,387,0,7,155
2024-11-11,SKU-FUR-078,1448,0,21,362
2024-11-11,SKU-FUR-079,2302,0,28,921
2024-11-11,SKU-FUR-080,1240,0,14,310
2024-11-11,SKU-DEC-081,915,0,21,366
2024-11-11,SKU-DEC-082,347,0,7,139
2024-11-11,SKU-DEC-083,136,0,7,114
2024-11-11,SKU-DEC-084,91,244,21,305
2024-11-11,SKU-DEC-085,110,294,14,368
2024-11-11,SKU-DEC-086,104,278,21,348
2024-11-11,SKU-DEC-087,394,450,21,563
2024-11-11,SKU-DEC-088,534,0,14,445
2024-11-11,SKU-DEC-089,892,0,14,357
2024-11-11,SKU-DEC-090,950,0,28,380
2024-11-11,SKU-DEC-091,1870,0,28,748
2024-11-11,SKU-DEC-092,229,262,21,328
2024-11-11,SKU-DEC-093,453,518,28,648
2024-11-11,SKU-DEC-094,57,152,7,190
2024-11-11,SKU-DEC-095,195,522,28,653
2024-11-11,SKU-DEC-096,1707,0,21,683
2024-11-11,SKU-DEC-097,808,0,7,202
2024-11-11,SKU-DEC-098,405,0,21,338
2024-11-11,SKU-DEC-099,86,98,7,123
2024-11-11,SKU-DEC-100,1137,0,28,455
2024-11-11,SKU-DEC-101,435,0,14,363
2024-11-11,SKU-DEC-102,117,134,14,168
2024-11-11,SKU-DEC-103,280,0,7,70
2024-11-11,SKU-DEC-104,50,57,7,72
2024-11-11,SKU-DEC-105,313,358,28,448
2024-11-11,SKU-DEC-106,1660,0,21,664
2024-11-11,SKU-DEC-107,850,0,14,340
2024-11-11,SKU-DEC-108,472,0,7,189
2024-11-11,SKU-DEC-109,320,0,7,80
2024-11-11,SKU-DEC-110,520,0,14,130
2024-11-11,SKU-DEC-111,1107,0,28,443
2024-11-11,SKU-DEC-112,200,228,14,286
2024-11-11,SKU-DEC-113,336,384,28,480
2024-11-11,SKU-DEC-114,135,360,14,450
2024-11-11,SKU-DEC-115,262,0,7,105
2024-11-11,SKU-DEC-116,828,0,7,207
2024-11-11,SKU-DEC-117,24,65,7,82
2024-11-11,SKU-DEC-118,87,0,7,73
2024-11-11,SKU-DEC-119,523,0,21,436
2024-11-11,SKU-DEC-120,111,127,7,159
2024-11-11,SKU-LIG-121,1335,0,21,534
2024-11-11,SKU-LIG-122,704,0,14,176
2024-11-11,SKU-LIG-123,59,159,7,199
2024-11-11,SKU-LIG-124,1667,0,21,667
2024-11-11,SKU-LIG-125,192,0,7,77
2024-11-11,SKU-LIG-126,260,0,7,104
2024-11-11,SKU-LIG-127,329,376,21,470
2024-11-11,SKU-LIG-128,995,0,21,398
2024-11-11,SKU-LIG-129,815,0,14,326
2024-11-11,SKU-LIG-130,466,533,28,667
2024-11-11,SKU-LIG-131,270,308,14,386
2024-11-11,SKU-LIG-132,177,202,14,253
2024-11-11,SKU-LIG-133,3448,0,28,862
2024-11-11,SKU-LIG-134,541,0,28,451
2024-11-11,SKU-LIG-135,387,0,14,323
2024-11-11,SKU-LIG-136,162,0,7,135
2024-11-11,SKU-LIG-137,142,380,21,475
2024-11-11,SKU-LIG-138,350,0,28,292
2024-11-11,SKU-LIG-139,201,537,21,672
2024-11-11,SKU-LIG-140,190,0,14,159
2024-11-11,SKU-LIG-141,764,0,7,191
2024-11-11,SKU-LIG-142,672,0,7,168
2024-11-11,SKU-LIG-143,64,171,14,214
2024-11-11,SKU-LIG-144,91,244,28,306
2024-11-11,SKU-LIG-145,1652,0,28,413
2024-11-11,SKU-LIG-146,435,497,28,622
2024-11-11,SKU-LIG-147,26,71,7,89
2024-11-11,SKU-LIG-148,985,0,21,394
2024-11-11,SKU-LIG-149,124,142,7,178
2024-11-11,SKU-LIG-150,297,340,21,425
2024-11-11,SKU-LIG-151,820,0,21,205
2024-11-11,SKU-LIG-152,100,267,21,334
2024-11-11,SKU-LIG-153,33,88,7,110
2024-11-11,SKU-LIG-154,517,0,7,207
2024-11-11,SKU-LIG-155,268,0,21,224
2024-11-11,SKU-LIG-156,255,0,7,102
2024-11-11,SKU-LIG-157,225,257,21,322
2024-11-11,SKU-LIG-158,487,0,7,195
2024-11-11,SKU-LIG-159,194,0,7,162
2024-11-11,SKU-LIG-160,178,475,21,594
2024-11-11,SKU-SMA-161,57,153,14,192
2024-11-11,SKU-SMA-162,49,131,14,164
2024-11-11,SKU-SMA-163,483,0,28,403
2024-11-11,SKU-SMA-164,352,0,7,88
2024-11-11,SKU-SMA-165,428,0,7,107
2024-11-11,SKU-SMA-166,867,0,28,347
2024-11-11,SKU-SMA-167,730,0,28,292
2024-11-11,SKU-SMA-168,784,0,7,196
2024-11-11,SKU-SMA-169,405,0,7,162
2024-11-11,SKU-SMA-170,241,0,7,201
2024-11-11,SKU-SMA-171,3484,0,28,871
2024-11-11,SKU-SMA-172,327,0,14,273
2024-11-11,SKU-SMA-173,707,0,14,283
2024-11-11,SKU-SMA-174,102,273,21,342
2024-11-11,SKU-SMA-175,313,0,14,261
2024-11-11,SKU-SMA-176,32,86,7,108
2024-11-11,SKU-SMA-177,612,0,7,153
2024-11-11,SKU-SMA-178,163,436,28,546
2024-11-11,SKU-SMA-179,228,260,14,326
2024-11-11,SKU-SMA-180,764,0,21,637
2024-11-11,SKU-SMA-181,55,148,7,186
2024-11-11,SKU-SMA-182,459,525,28,657
2024-11-11,SKU-SMA-183,536,0,14,134
2024-11-11,SKU-SMA-184,1620,0,28,405
2024-11-11,SKU-SMA-185,211,564,28,705
2024-11-11,SKU-SMA-186,517,0,7,207
2024-11-11,SKU-SMA-187,452,516,28,646
2024-11-11,SKU-SMA-188,39,105,14,132
2024-11-11,SKU-SMA-189,764,0,7,191
2024-11-11,SKU-SMA-190,1604,0,14,401
2024-11-11,SKU-SMA-191,1276,0,14,319
2024-11-11,SKU-SMA-192,2292,0,21,573
2024-11-11,SKU-SMA-193,332,0,21,277
2024-11-11,SKU-SMA-194,180,480,28,600
2024-11-11,SKU-SMA-195,164,439,28,549
2024-11-11,SKU-SMA-196,130,0,7,109
2024-11-11,SKU-SMA-197,138,368,14,460
2024-11-11,SKU-SMA-198,380,435,28,544
2024-11-11,SKU-SMA-199,279,319,14,399
2024-11-11,SKU-SMA-200,562,0,7,225
2024-11-18,SKU-BED-001,808,0,21,674
2024-11-18,SKU-BED-002,385,440,21,551
2024-11-18,SKU-BED-003,2324,0,21,581
2024-11-18,SKU-BED-004,108,289,28,362
2024-11-18,SKU-BED-005,138,0,7,115
2024-11-18,SKU-BED-006,48,128,7,160
2024-11-18,SKU-BED-007,1752,0,14,438
2024-11-18,SKU-BED-008,2552,0,28,638
2024-11-18,SKU-BED-009,1615,0,21,646
2024-11-18,SKU-BED-010,151,403,28,504
2024-11-18,SKU-BED-011,265,0,7,221
2024-11-18,SKU-BED-012,57,153,14,192
2024-11-18,SKU-BED-013,584,0,21,487
2024-11-18,SKU-BED-014,182,485,21,607
2024-11-18,SKU-BED-015,248,0,14,207
2024-11-18,SKU-BED-016,1440,0,14,360
2024-11-18,SKU-BED-017,79,90,7,113
2024-11-18,SKU-BED-018,106,284,14,355
2024-11-18,SKU-BED-019,237,0,7,198
2024-11-18,SKU-BED-020,1572,0,14,393
2024-11-18,SKU-BED-021,331,379,21,474
2024-11-18,SKU-BED-022,172,0,7,69
2024-11-18,SKU-BED-023,106,121,7,152
2024-11-18,SKU-BED-024,104,278,14,348
2024-11-18,SKU-BED-025,51,59,7,74
2024-11-18,SKU-BED-026,119,136,7,171
2024-11-18,SKU-BED-027,136,156,21,195
2024-11-18,SKU-BED-028,186,213,14,267
2024-11-18,SKU-BED-029,348,0,14,290
2024-11-18,SKU-BED-030,540,0,7,135
2024-11-18,SKU-BED-031,988,0,14,247
2024-11-18,SKU-BED-032,765,0,21,638
2024-11-18,SKU-BED-033,700,0,14,280
2024-11-18,SKU-BED-034,665,0,21,266
2024-11-18,SKU-BED-035,740,0,14,185
2024-11-18,SKU-BED-036,361,0,14,301
2024-11-18,SKU-BED-037,1290,0,21,516
2024-11-18,SKU-BED-038,664,0,7,166
2024-11-18,SKU-BED-039,260,695,28,869
2024-11-18,SKU-BED-040,57,154,7,193
2024-11-18,SKU-FUR-041,1692,0,21,423
2024-11-18,SKU-FUR-042,1512,0,21,605
2024-11-18,SKU-FUR-043,648,0,7,162
2024-11-18,SKU-FUR-044,1170,0,28,468
2024-11-18,SKU-FUR-045,291,332,28,416
2024-11-18,SKU-FUR-046,154,176,7,220
2024-11-18,SKU-FUR-047,307,351,28,439
2024-11-18,SKU-FUR-048,1664,0,21,416
2024-11-18,SKU-FUR-049,529,604,28,756
2024-11-18,SKU-FUR-050,47,126,7,158
2024-11-18,SKU-FUR-051,700,0,7,175
2024-11-18,SKU-FUR-052,429,0,21,358
2024-11-18,SKU-FUR-053,350,0,14,292
2024-11-18,SKU-FUR-054,164,188,14,235
2024-11-18,SKU-FUR-055,202,231,14,289
2024-11-18,SKU-FUR-056,917,0,21,367
2024-11-18,SKU-FUR-057,297,340,28,425
2024-11-18,SKU-FUR-058,272,0,7,109
2024-11-18,SKU-FUR-059,456,521,28,652
2024-11-18,SKU-FUR-060,442,505,21,632
2024-11-18,SKU-FUR-061,140,375,21,469
2024-11-18,SKU-FUR-062,358,0,14,299
2024-11-18,SKU-FUR-063,85,228,21,285
2024-11-18,SKU-FUR-064,257,0,7,103
2024-11-18,SKU-FUR-065,630,0,28,525
2024-11-18,SKU-FUR-066,624,0,7,156
2024-11-18,SKU-FUR-067,1032,0,28,413
2024-11-18,SKU-FUR-068,171,456,28,571
2024-11-18,SKU-FUR-069,912,0,14,365
2024-11-18,SKU-FUR-070,124,331,21,414
2024-11-18,SKU-FUR-071,327,0,14,131
2024-11-18,SKU-FUR-072,560,0,14,224
2024-11-18,SKU-FUR-073,627,0,28,523
2024-11-18,SKU-FUR-074,30,82,7,103
2024-11-18,SKU-FUR-075,1307,0,21,523
2024-11-18,SKU-FUR-076,996,0,14,249
2024-11-18,SKU-FUR-077,140,373,21,467
2024-11-18,SKU-FUR-078,1932,0,28,483
2024-11-18,SKU-FUR-079,1150,0,14,460
2024-11-18,SKU-FUR-080,139,372,21,466
2024-11-18,SKU-DEC-081,36,97,7,122
2024-11-18,SKU-DEC-082,556,0,7,139
2024-11-18,SKU-DEC-083,411,0,21,343
2024-11-18,SKU-DEC-084,812,0,14,203
2024-11-18,SKU-DEC-085,883,0,28,736
2024-11-18,SKU-DEC-086,81,92,7,116
2024-11-18,SKU-DEC-087,168,450,21,563
2024-11-18,SKU-DEC-088,133,356,14,445
2024-11-18,SKU-DEC-089,428,0,14,357
2024-11-18,SKU-DEC-090,266,304,28,380
2024-11-18,SKU-DEC-091,935,0,14,374
2024-11-18,SKU-DEC-092,1312,0,21,328
2024-11-18,SKU-DEC-093,97,259,14,324
2024-11-18,SKU-DEC-094,1905,0,28,762
2024-11-18,SKU-DEC-095,1956,0,21,489
2024-11-18,SKU-DEC-096,908,0,7,227
2024-11-18,SKU-DEC-097,3244,0,28,811
2024-11-18,SKU-DEC-098,134,0,7,112
2024-11-18,SKU-DEC-099,492,0,7,123
2024-11-18,SKU-DEC-100,852,0,21,341
2024-11-18,SKU-DEC-101,872,0,28,727
2024-11-18,SKU-DEC-102,75,201,21,252
2024-11-18,SKU-DEC-103,352,0,14,141
2024-11-18,SKU-DEC-104,345,0,28,288
2024-11-18,SKU-DEC-105,1792,0,28,448
2024-11-18,SKU-DEC-106,132,354,14,443
2024-11-18,SKU-DEC-107,237,272,14,340
2024-11-18,SKU-DEC-108,3028,0,28,757
2024-11-18,SKU-DEC-109,112,128,14,160
2024-11-18,SKU-DEC-110,312,0,28,260
2024-11-18,SKU-DEC-111,33,88,7,110
2024-11-18,SKU-DEC-112,1075,0,21,430
2024-11-18,SKU-DEC-113,72,192,14,240
2024-11-18,SKU-DEC-114,202,540,21,675
2024-11-18,SKU-DEC-115,252,0,14,210
2024-11-18,SKU-DEC-116,581,664,28,831
2024-11-18,SKU-DEC-117,393,0,28,328
2024-11-18,SKU-DEC-118,292,0,7,73
2024-11-18,SKU-DEC-119,698,0,28,582
2024-11-18,SKU-DEC-120,1916,0,21,479
2024-11-18,SKU-LIG-121,855,0,28,713
2024-11-18,SKU-LIG-122,1412,0,28,353
2024-11-18,SKU-LIG-123,557,637,28,797
2024-11-18,SKU-LIG-124,155,177,7,222
2024-11-18,SKU-LIG-125,53,61,7,77
2024-11-18,SKU-LIG-126,72,83,7,104
2024-11-18,SKU-LIG-127,2508,0,28,627
2024-11-18,SKU-LIG-128,119,318,21,398
2024-11-18,SKU-LIG-129,1630,0,28,652
2024-11-18,SKU-LIG-130,200,533,28,667
2024-11-18,SKU-LIG-131,694,0,21,579
2024-11-18,SKU-LIG-132,354,405,28,507
2024-11-18,SKU-LIG-133,193,516,21,646
2024-11-18,SKU-LIG-134,270,0,14,225
2024-11-18,SKU-LIG-135,1617,0,28,647
2024-11-18,SKU-LIG-136,121,324,21,405
2024-11-18,SKU-LIG-137,380,0,14,317
2024-11-18,SKU-LIG-138,584,0,14,146
2024-11-18,SKU-LIG-139,1792,0,14,448
2024-11-18,SKU-LIG-140,222,254,28,318
2024-11-18,SKU-LIG-141,133,152,7,191
2024-11-18,SKU-LIG-142,806,0,28,672
2024-11-18,SKU-LIG-143,267,0,7,107
2024-11-18,SKU-LIG-144,45,122,14,153
2024-11-18,SKU-LIG-145,216,247,21,309
2024-11-18,SKU-LIG-146,435,497,28,622
2024-11-18,SKU-LIG-147,62,71,7,89
2024-11-18,SKU-LIG-148,91,104,7,131
2024-11-18,SKU-LIG-149,107,285,14,357
2024-11-18,SKU-LIG-150,2268,0,28,567
2024-11-18,SKU-LIG-151,512,0,21,205
2024-11-18,SKU-LIG-152,444,0,7,111
2024-11-18,SKU-LIG-153,1764,0,28,441
2024-11-18,SKU-LIG-154,994,0,28,829
2024-11-18,SKU-LIG-155,156,179,21,224
2024-11-18,SKU-LIG-156,30,81,7,102
2024-11-18,SKU-LIG-157,535,0,14,214
2024-11-18,SKU-LIG-158,2348,0,21,587
2024-11-18,SKU-LIG-159,388,0,14,324
2024-11-18,SKU-LIG-160,178,475,21,594
2024-11-18,SKU-SMA-161,115,0,7,96
2024-11-18,SKU-SMA-162,24,65,7,82
2024-11-18,SKU-SMA-163,120,0,7,100
2024-11-18,SKU-SMA-164,26,70,7,88
2024-11-18,SKU-SMA-165,1075,0,28,430
2024-11-18,SKU-SMA-166,51,138,14,173
2024-11-18,SKU-SMA-167,584,0,14,146
2024-11-18,SKU-SMA-168,1470,0,21,588
2024-11-18,SKU-SMA-169,585,0,21,488
2024-11-18,SKU-SMA-170,1005,0,14,402
2024-11-18,SKU-SMA-171,2177,0,28,871
2024-11-18,SKU-SMA-172,656,0,28,547
2024-11-18,SKU-SMA-173,169,452,28,566
2024-11-18,SKU-SMA-174,239,273,21,342
2024-11-18,SKU-SMA-175,1564,0,21,391
2024-11-18,SKU-SMA-176,1304,0,21,326
2024-11-18,SKU-SMA-177,1535,0,28,614
2024-11-18,SKU-SMA-178,544,0,7,136
2024-11-18,SKU-SMA-179,588,0,21,490
2024-11-18,SKU-SMA-180,445,509,21,637
2024-11-18,SKU-SMA-181,1488,0,14,372
2024-11-18,SKU-SMA-182,1972,0,21,493
2024-11-18,SKU-SMA-183,188,215,28,269
2024-11-18,SKU-SMA-184,760,0,21,304
2024-11-18,SKU-SMA-185,1320,0,21,528
2024-11-18,SKU-SMA-186,186,497,21,622
2024-11-18,SKU-SMA-187,193,516,28,646
2024-11-18,SKU-SMA-188,662,0,28,265
2024-11-18,SKU-SMA-189,458,0,14,382
2024-11-18,SKU-SMA-190,481,0,14,401
2024-11-18,SKU-SMA-191,1197,0,21,479
2024-11-18,SKU-SMA-192,229,0,7,191
2024-11-18,SKU-SMA-193,332,0,21,277
2024-11-18,SKU-SMA-194,750,0,14,300
2024-11-18,SKU-SMA-195,2196,0,28,549
2024-11-18,SKU-SMA-196,130,0,7,109
2024-11-18,SKU-SMA-197,2764,0,21,691
2024-11-18,SKU-SMA-198,652,0,28,544
2024-11-18,SKU-SMA-199,478,0,14,399
2024-11-18,SKU-SMA-200,2708,0,21,677
2024-11-25,SKU-BED-001,560,0,7,224
2024-11-25,SKU-BED-002,256,293,14,367
2024-11-25,SKU-BED-003,135,154,7,193
2024-11-25,SKU-BED-004,81,216,21,271
2024-11-25,SKU-BED-005,460,0,7,115
2024-11-25,SKU-BED-006,800,0,14,320
2024-11-25,SKU-BED-007,197,525,21,657
2024-11-25,SKU-BED-008,95,255,14,319
2024-11-25,SKU-BED-009,1034,0,28,862
2024-11-25,SKU-BED-010,75,201,14,252
2024-11-25,SKU-BED-011,2652,0,21,663
2024-11-25,SKU-BED-012,28,76,7,96
2024-11-25,SKU-BED-013,1948,0,21,487
2024-11-25,SKU-BED-014,1620,0,14,405
2024-11-25,SKU-BED-015,257,0,7,103
2024-11-25,SKU-BED-016,54,144,7,180
2024-11-25,SKU-BED-017,452,0,7,113
2024-11-25,SKU-BED-018,1777,0,28,711
2024-11-25,SKU-BED-019,1982,0,28,793
2024-11-25,SKU-BED-020,490,0,7,196
2024-11-25,SKU-BED-021,1580,0,28,632
2024-11-25,SKU-BED-022,276,0,7,69
2024-11-25,SKU-BED-023,427,488,28,610
2024-11-25,SKU-BED-024,121,139,7,174
2024-11-25,SKU-BED-025,22,59,7,74
2024-11-25,SKU-BED-026,119,136,7,171
2024-11-25,SKU-BED-027,520,0,14,130
2024-11-25,SKU-BED-028,640,0,28,534
2024-11-25,SKU-BED-029,2324,0,28,581
2024-11-25,SKU-BED-030,677,0,14,271
2024-11-25,SKU-BED-031,346,396,28,495
2024-11-25,SKU-BED-032,530,0,7,212
2024-11-25,SKU-BED-033,1400,0,28,560
2024-11-25,SKU-BED-034,424,0,28,354
2024-11-25,SKU-BED-035,27,73,7,92
2024-11-25,SKU-BED-036,421,481,28,602
2024-11-25,SKU-BED-037,206,0,7,172
2024-11-25,SKU-BED-038,1247,0,21,499
2024-11-25,SKU-BED-039,151,173,7,217
2024-11-25,SKU-BED-040,463,0,14,386
2024-11-25,SKU-FUR-041,676,0,28,564
2024-11-25,SKU-FUR-042,804,0,7,201
2024-11-25,SKU-FUR-043,113,129,7,162
2024-11-25,SKU-FUR-044,81,93,7,117
2024-11-25,SKU-FUR-045,780,0,21,312
2024-11-25,SKU-FUR-046,2200,0,28,880
2024-11-25,SKU-FUR-047,822,0,21,329
2024-11-25,SKU-FUR-048,692,0,14,277
2024-11-25,SKU-FUR-049,1890,0,28,756
2024-11-25,SKU-FUR-050,792,0,14,317
2024-11-25,SKU-FUR-051,2804,0,28,701
2024-11-25,SKU-FUR-052,895,0,21,358
2024-11-25,SKU-FUR-053,131,350,21,438
2024-11-25,SKU-FUR-054,141,376,28,470
2024-11-25,SKU-FUR-055,100,115,7,144
2024-11-25,SKU-FUR-056,588,0,28,490
2024-11-25,SKU-FUR-057,797,0,21,319
2024-11-25,SKU-FUR-058,262,0,14,219
2024-11-25,SKU-FUR-059,342,391,21,489
2024-11-25,SKU-FUR-060,252,0,7,210
2024-11-25,SKU-FUR-061,624,0,7,156
2024-11-25,SKU-FUR-062,358,0,14,299
2024-11-25,SKU-FUR-063,342,0,21,285
2024-11-25,SKU-FUR-064,1240,0,21,310
2024-11-25,SKU-FUR-065,982,0,21,393
2024-11-25,SKU-FUR-066,218,249,14,312
2024-11-25,SKU-FUR-067,1652,0,28,413
2024-11-25,SKU-FUR-068,42,113,7,142
2024-11-25,SKU-FUR-069,912,0,14,365
2024-11-25,SKU-FUR-070,1656,0,21,414
2024-11-25,SKU-FUR-071,657,0,28,263
2024-11-25,SKU-FUR-072,33,89,7,112
2024-11-25,SKU-FUR-073,980,0,21,392
2024-11-25,SKU-FUR-074,72,82,7,103
2024-11-25,SKU-FUR-075,366,418,21,523
2024-11-25,SKU-FUR-076,1496,0,21,374
2024-11-25,SKU-FUR-077,108,124,7,155
2024-11-25,SKU-FUR-078,434,0,21,362
2024-11-25,SKU-FUR-079,69,184,7,230
2024-11-25,SKU-FUR-080,46,124,7,155
2024-11-25,SKU-DEC-081,610,0,14,244
2024-11-25,SKU-DEC-082,166,0,7,139
2024-11-25,SKU-DEC-083,102,274,21,343
2024-11-25,SKU-DEC-084,1624,0,28,406
2024-11-25,SKU-DEC-085,55,147,7,184
2024-11-25,SKU-DEC-086,104,278,21,348
2024-11-25,SKU-DEC-087,901,0,28,751
2024-11-25,SKU-DEC-088,623,712,28,890
2024-11-25,SKU-DEC-089,2144,0,21,536
2024-11-25,SKU-DEC-090,456,0,28,380
2024-11-25,SKU-DEC-091,523,598,28,748
2024-11-25,SKU-DEC-092,305,349,28,437
2024-11-25,SKU-DEC-093,1215,0,21,486
2024-11-25,SKU-DEC-094,952,0,14,381
2024-11-25,SKU-DEC-095,1956,0,21,489
2024-11-25,SKU-DEC-096,136,364,14,455
2024-11-25,SKU-DEC-097,121,324,14,405
2024-11-25,SKU-DEC-098,78,89,7,112
2024-11-25,SKU-DEC-099,492,0,7,123
2024-11-25,SKU-DEC-100,452,0,7,113
2024-11-25,SKU-DEC-101,381,436,21,545
2024-11-25,SKU-DEC-102,672,0,14,168
2024-11-25,SKU-DEC-103,527,0,21,211
2024-11-25,SKU-DEC-104,43,115,14,144
2024-11-25,SKU-DEC-105,268,0,14,224
2024-11-25,SKU-DEC-106,884,0,7,221
2024-11-25,SKU-DEC-107,1700,0,28,680
2024-11-25,SKU-DEC-108,453,0,14,378
2024-11-25,SKU-DEC-109,72,192,21,240
2024-11-25,SKU-DEC-110,78,208,28,260
2024-11-25,SKU-DEC-111,552,0,14,221
2024-11-25,SKU-DEC-112,42,114,7,143
2024-11-25,SKU-DEC-113,1200,0,28,480
2024-11-25,SKU-DEC-114,315,360,14,450
2024-11-25,SKU-DEC-115,147,168,14,210
2024-11-25,SKU-DEC-116,2077,0,28,831
2024-11-25,SKU-DEC-117,410,0,14,164
2024-11-25,SKU-DEC-118,292,0,7,73
2024-11-25,SKU-DEC-119,2328,0,28,582
2024-11-25,SKU-DEC-120,1597,0,28,639
2024-11-25,SKU-LIG-121,427,0,14,356
2024-11-25,SKU-LIG-122,26,70,7,88
2024-11-25,SKU-LIG-123,1592,0,14,398
2024-11-25,SKU-LIG-124,155,177,7,222
2024-11-25,SKU-LIG-125,69,184,21,231
2024-11-25,SKU-LIG-126,72,83,7,104
2024-11-25,SKU-LIG-127,1880,0,21,470
2024-11-25,SKU-LIG-128,528,0,7,132
2024-11-25,SKU-LIG-129,782,0,28,652
2024-11-25,SKU-LIG-130,1250,0,21,500
2024-11-25,SKU-LIG-131,115,308,14,386
2024-11-25,SKU-LIG-132,950,0,21,380
2024-11-25,SKU-LIG-133,603,689,28,862
2024-11-25,SKU-LIG-134,270,0,14,225
2024-11-25,SKU-LIG-135,452,517,28,647
2024-11-25,SKU-LIG-136,540,0,7,135
2024-11-25,SKU-LIG-137,221,253,14,317
2024-11-25,SKU-LIG-138,21,58,7,73
2024-11-25,SKU-LIG-139,67,179,7,224
2024-11-25,SKU-LIG-140,111,127,14,159
2024-11-25,SKU-LIG-141,764,0,7,191
2024-11-25,SKU-LIG-142,470,537,28,672
2024-11-25,SKU-LIG-143,128,343,28,429
2024-11-25,SKU-LIG-144,572,0,21,229
2024-11-25,SKU-LIG-145,72,82,7,103
2024-11-25,SKU-LIG-146,326,373,21,467
2024-11-25,SKU-LIG-147,107,285,28,357
2024-11-25,SKU-LIG-148,631,0,28,526
2024-11-25,SKU-LIG-149,1340,0,21,536
2024-11-25,SKU-LIG-150,42,112,7,141
2024-11-25,SKU-LIG-151,682,0,28,273
2024-11-25,SKU-LIG-152,77,88,7,111
2024-11-25,SKU-LIG-153,132,352,28,441
2024-11-25,SKU-LIG-154,248,663,28,829
2024-11-25,SKU-LIG-155,596,0,14,149
2024-11-25,SKU-LIG-156,816,0,14,204
2024-11-25,SKU-LIG-157,535,0,14,214
2024-11-25,SKU-LIG-158,2348,0,21,587
2024-11-25,SKU-LIG-159,1944,0,21,486
2024-11-25,SKU-LIG-160,3168,0,28,792
2024-11-25,SKU-SMA-161,115,307,28,384
2024-11-25,SKU-SMA-162,49,131,14,164
2024-11-25,SKU-SMA-163,502,0,14,201
2024-11-25,SKU-SMA-164,704,0,14,176
2024-11-25,SKU-SMA-165,74,85,7,107
2024-11-25,SKU-SMA-166,60,68,7,86
2024-11-25,SKU-SMA-167,65,175,21,219
2024-11-25,SKU-SMA-168,1470,0,21,588
2024-11-25,SKU-SMA-169,781,0,28,651
2024-11-25,SKU-SMA-170,140,160,7,201
2024-11-25,SKU-SMA-171,1740,0,14,435
2024-11-25,SKU-SMA-172,2188,0,28,547
2024-11-25,SKU-SMA-173,198,226,14,283
2024-11-25,SKU-SMA-174,410,0,21,342
2024-11-25,SKU-SMA-175,273,312,21,391
2024-11-25,SKU-SMA-176,815,0,21,326
2024-11-25,SKU-SMA-177,45,122,7,153
2024-11-25,SKU-SMA-178,81,218,14,273
2024-11-25,SKU-SMA-179,2612,0,28,653
2024-11-25,SKU-SMA-180,296,339,14,424
2024-11-25,SKU-SMA-181,2236,0,21,559
2024-11-25,SKU-SMA-182,410,0,7,164
2024-11-25,SKU-SMA-183,242,0,21,202
2024-11-25,SKU-SMA-184,70,80,7,101
2024-11-25,SKU-SMA-185,369,422,21,528
2024-11-25,SKU-SMA-186,746,0,21,622
2024-11-25,SKU-SMA-187,338,387,21,484
2024-11-25,SKU-SMA-188,1060,0,28,265
2024-11-25,SKU-SMA-189,1528,0,14,382
2024-11-25,SKU-SMA-190,421,481,21,602
2024-11-25,SKU-SMA-191,1197,0,21,479
2024-11-25,SKU-SMA-192,1528,0,14,382
2024-11-25,SKU-SMA-193,332,0,21,277
2024-11-25,SKU-SMA-194,90,240,14,300
2024-11-25,SKU-SMA-195,1372,0,28,549
2024-11-25,SKU-SMA-196,1316,0,21,329
2024-11-25,SKU-SMA-197,483,552,21,691
2024-11-25,SKU-SMA-198,1360,0,28,544
2024-11-25,SKU-SMA-199,958,0,28,799
2024-11-25,SKU-SMA-200,203,541,21,677
2024-12-02,SKU-BED-001,1685,0,21,674
2024-12-02,SKU-BED-002,2936,0,28,734
2024-12-02,SKU-BED-003,482,0,7,193
2024-12-02,SKU-BED-004,225,0,7,90
2024-12-02,SKU-BED-005,1844,0,28,461
2024-12-02,SKU-BED-006,112,128,7,160
2024-12-02,SKU-BED-007,153,175,7,219
2024-12-02,SKU-BED-008,223,255,14,319
2024-12-02,SKU-BED-009,603,689,28,862
2024-12-02,SKU-BED-010,453,0,21,378
2024-12-02,SKU-BED-011,265,0,7,221
2024-12-02,SKU-BED-012,962,0,28,385
2024-12-02,SKU-BED-013,226,259,14,324
2024-12-02,SKU-BED-014,808,0,7,202
2024-12-02,SKU-BED-015,373,0,21,311
2024-12-02,SKU-BED-016,162,432,21,540
2024-12-02,SKU-BED-017,544,0,28,454
2024-12-02,SKU-BED-018,106,284,14,355
2024-12-02,SKU-BED-019,2376,0,21,594
2024-12-02,SKU-BED-020,550,629,28,787
2024-12-02,SKU-BED-021,758,0,28,632
2024-12-02,SKU-BED-022,41,111,14,139
2024-12-02,SKU-BED-023,213,244,14,305
2024-12-02,SKU-BED-024,1392,0,14,348
2024-12-02,SKU-BED-025,745,0,28,298
2024-12-02,SKU-BED-026,684,0,7,171
2024-12-02,SKU-BED-027,520,0,14,130
2024-12-02,SKU-BED-028,480,0,21,400
2024-12-02,SKU-BED-029,725,0,14,290
2024-12-02,SKU-BED-030,1017,0,21,407
2024-12-02,SKU-BED-031,74,197,14,247
2024-12-02,SKU-BED-032,1062,0,14,425
2024-12-02,SKU-BED-033,1120,0,14,280
2024-12-02,SKU-BED-034,79,212,21,266
2024-12-02,SKU-BED-035,83,221,21,277
2024-12-02,SKU-BED-036,1204,0,14,301
2024-12-02,SKU-BED-037,412,0,14,344
2024-12-02,SKU-BED-038,398,0,14,332
2024-12-02,SKU-BED-039,303,347,14,434
2024-12-02,SKU-BED-040,965,0,14,386
2024-12-02,SKU-FUR-041,42,112,7,141
2024-12-02,SKU-FUR-042,2420,0,21,605
2024-12-02,SKU-FUR-043,405,0,7,162
2024-12-02,SKU-FUR-044,1404,0,21,351
2024-12-02,SKU-FUR-045,1664,0,28,416
2024-12-02,SKU-FUR-046,154,176,7,220
2024-12-02,SKU-FUR-047,1316,0,21,329
2024-12-02,SKU-FUR-048,1385,0,28,554
2024-12-02,SKU-FUR-049,529,604,28,756
2024-12-02,SKU-FUR-050,190,507,28,634
2024-12-02,SKU-FUR-051,52,140,7,175
2024-12-02,SKU-FUR-052,573,0,28,478
2024-12-02,SKU-FUR-053,204,233,14,292
2024-12-02,SKU-FUR-054,880,0,21,352
2024-12-02,SKU-FUR-055,43,115,7,144
2024-12-02,SKU-FUR-056,488,0,7,122
2024-12-02,SKU-FUR-057,382,0,21,319
2024-12-02,SKU-FUR-058,307,351,28,439
2024-12-02,SKU-FUR-059,407,0,7,163
2024-12-02,SKU-FUR-060,525,0,7,210
2024-12-02,SKU-FUR-061,328,375,21,469
2024-12-02,SKU-FUR-062,1796,0,21,449
2024-12-02,SKU-FUR-063,380,0,7,95
2024-12-02,SKU-FUR-064,1035,0,28,414
2024-12-02,SKU-FUR-065,183,209,14,262
2024-12-02,SKU-FUR-066,437,500,28,625
2024-12-02,SKU-FUR-067,289,330,28,413
2024-12-02,SKU-FUR-068,399,456,28,571
2024-12-02,SKU-FUR-069,219,584,28,730
2024-12-02,SKU-FUR-070,124,331,21,414
2024-12-02,SKU-FUR-071,1052,0,28,263
2024-12-02,SKU-FUR-072,538,0,28,449
2024-12-02,SKU-FUR-073,652,0,14,261
2024-12-02,SKU-FUR-074,124,332,28,415
2024-12-02,SKU-FUR-075,209,558,28,698
2024-12-02,SKU-FUR-076,148,0,7,124
2024-12-02,SKU-FUR-077,436,498,28,623
2024-12-02,SKU-FUR-078,300,0,7,120
2024-12-02,SKU-FUR-079,69,184,7,230
2024-12-02,SKU-FUR-080,217,248,14,310
2024-12-02,SKU-DEC-081,170,195,14,244
2024-12-02,SKU-DEC-082,695,0,14,278
2024-12-02,SKU-DEC-083,79,91,7,114
2024-12-02,SKU-DEC-084,762,0,21,305
2024-12-02,SKU-DEC-085,2944,0,28,736
2024-12-02,SKU-DEC-086,104,278,21,348
2024-12-02,SKU-DEC-087,112,300,14,375
2024-12-02,SKU-DEC-088,155,177,7,222
2024-12-02,SKU-DEC-089,858,0,28,715
2024-12-02,SKU-DEC-090,456,0,28,380
2024-12-02,SKU-DEC-091,448,0,14,374
2024-12-02,SKU-DEC-092,76,87,7,109
2024-12-02,SKU-DEC-093,113,129,7,162
2024-12-02,SKU-DEC-094,228,0,7,190
2024-12-02,SKU-DEC-095,652,0,7,163
2024-12-02,SKU-DEC-096,1820,0,14,455
2024-12-02,SKU-DEC-097,567,648,28,811
2024-12-02,SKU-DEC-098,1127,0,28,451
2024-12-02,SKU-DEC-099,492,0,7,123
2024-12-02,SKU-DEC-100,567,0,14,227
2024-12-02,SKU-DEC-101,217,0,7,181
2024-12-02,SKU-DEC-102,58,67,7,84
2024-12-02,SKU-DEC-103,352,0,14,141
2024-12-02,SKU-DEC-104,720,0,28,288
2024-12-02,SKU-DEC-105,840,0,21,336
2024-12-02,SKU-DEC-106,464,531,21,664
2024-12-02,SKU-DEC-107,425,0,7,170
2024-12-02,SKU-DEC-108,1512,0,14,378
2024-12-02,SKU-DEC-109,96,0,7,80
2024-12-02,SKU-DEC-110,78,0,7,65
2024-12-02,SKU-DEC-111,531,0,28,443
2024-12-02,SKU-DEC-112,1075,0,21,430
2024-12-02,SKU-DEC-113,36,96,7,120
2024-12-02,SKU-DEC-114,202,540,21,675
2024-12-02,SKU-DEC-115,505,0,28,421
2024-12-02,SKU-DEC-116,248,0,7,207
2024-12-02,SKU-DEC-117,205,0,7,82
2024-12-02,SKU-DEC-118,292,0,7,73
2024-12-02,SKU-DEC-119,580,0,7,145
2024-12-02,SKU-DEC-120,223,255,14,319
2024-12-02,SKU-LIG-121,427,0,14,356
2024-12-02,SKU-LIG-122,105,0,7,88
2024-12-02,SKU-LIG-123,3188,0,28,797
2024-12-02,SKU-LIG-124,66,177,7,222
2024-12-02,SKU-LIG-125,616,0,14,154
2024-12-02,SKU-LIG-126,1256,0,21,314
2024-12-02,SKU-LIG-127,1252,0,14,313
2024-12-02,SKU-LIG-128,278,318,21,398
2024-12-02,SKU-LIG-129,456,521,28,652
2024-12-02,SKU-LIG-130,832,0,14,333
2024-12-02,SKU-LIG-131,2316,0,21,579
2024-12-02,SKU-LIG-132,456,0,21,380
2024-12-02,SKU-LIG-133,2155,0,28,862
2024-12-02,SKU-LIG-134,270,0,14,225
2024-12-02,SKU-LIG-135,193,0,7,161
2024-12-02,SKU-LIG-136,283,324,21,405
2024-12-02,SKU-LIG-137,189,0,7,158
2024-12-02,SKU-LIG-138,65,175,21,219
2024-12-02,SKU-LIG-139,470,537,21,672
2024-12-02,SKU-LIG-140,23,63,7,79
2024-12-02,SKU-LIG-141,2292,0,21,573
2024-12-02,SKU-LIG-142,840,0,14,336
2024-12-02,SKU-LIG-143,1288,0,21,322
2024-12-02,SKU-LIG-144,45,122,14,153
2024-12-02,SKU-LIG-145,1652,0,28,413
2024-12-02,SKU-LIG-146,746,0,28,622
2024-12-02,SKU-LIG-147,445,0,14,178
2024-12-02,SKU-LIG-148,39,104,7,131
2024-12-02,SKU-LIG-149,428,0,14,357
2024-12-02,SKU-LIG-150,1417,0,28,567
2024-12-02,SKU-LIG-151,143,164,21,205
2024-12-02,SKU-LIG-152,311,356,28,445
2024-12-02,SKU-LIG-153,827,0,21,331
2024-12-02,SKU-LIG-154,496,0,14,414
2024-12-02,SKU-LIG-155,358,0,28,299
2024-12-02,SKU-LIG-156,367,0,21,306
2024-12-02,SKU-LIG-157,64,171,14,214
2024-12-02,SKU-LIG-158,939,0,28,783
2024-12-02,SKU-LIG-159,145,388,21,486
2024-12-02,SKU-LIG-160,712,0,21,594
2024-12-02,SKU-SMA-161,67,76,7,96
2024-12-02,SKU-SMA-162,615,0,21,246
2024-12-02,SKU-SMA-163,1208,0,21,302
2024-12-02,SKU-SMA-164,1408,0,28,352
2024-12-02,SKU-SMA-165,74,85,7,107
2024-12-02,SKU-SMA-166,1388,0,28,347
2024-12-02,SKU-SMA-167,43,116,14,146
2024-12-02,SKU-SMA-168,1568,0,14,392
2024-12-02,SKU-SMA-169,113,129,7,162
2024-12-02,SKU-SMA-170,1005,0,14,402
2024-12-02,SKU-SMA-171,130,348,14,435
2024-12-02,SKU-SMA-172,682,0,14,273
2024-12-02,SKU-SMA-173,84,226,14,283
2024-12-02,SKU-SMA-174,239,273,21,342
2024-12-02,SKU-SMA-175,520,0,7,130
2024-12-02,SKU-SMA-176,1085,0,28,434
2024-12-02,SKU-SMA-177,1844,0,21,461
2024-12-02,SKU-SMA-178,544,0,7,136
2024-12-02,SKU-SMA-179,114,130,7,163
2024-12-02,SKU-SMA-180,508,0,14,424
2024-12-02,SKU-SMA-181,930,0,14,372
2024-12-02,SKU-SMA-182,197,525,28,657
2024-12-02,SKU-SMA-183,335,0,14,134
2024-12-02,SKU-SMA-184,1620,0,28,405
2024-12-02,SKU-SMA-185,2820,0,28,705
2024-12-02,SKU-SMA-186,186,497,21,622
2024-12-02,SKU-SMA-187,1936,0,21,484
2024-12-02,SKU-SMA-188,39,105,14,132
2024-12-02,SKU-SMA-189,267,305,14,382
2024-12-02,SKU-SMA-190,180,481,21,602
2024-12-02,SKU-SMA-191,190,0,7,159
2024-12-02,SKU-SMA-192,171,458,21,573
2024-12-02,SKU-SMA-193,55,147,14,184
2024-12-02,SKU-SMA-194,600,0,7,150
2024-12-02,SKU-SMA-195,95,109,7,137
2024-12-02,SKU-SMA-196,436,0,7,109
2024-12-02,SKU-SMA-197,1840,0,14,460
2024-12-02,SKU-SMA-198,340,0,7,136
2024-12-02,SKU-SMA-199,796,0,7,199
2024-12-02,SKU-SMA-200,900,0,7,225
2024-12-09,SKU-BED-001,269,719,28,899
2024-12-09,SKU-BED-002,440,0,14,367
2024-12-09,SKU-BED-003,928,0,28,774
2024-12-09,SKU-BED-004,1448,0,28,362
2024-12-09,SKU-BED-005,69,184,14,230
2024-12-09,SKU-BED-006,1200,0,21,480
2024-12-09,SKU-BED-007,153,175,7,219
2024-12-09,SKU-BED-008,636,0,7,159
2024-12-09,SKU-BED-009,150,172,7,215
2024-12-09,SKU-BED-010,352,403,28,504
2024-12-09,SKU-BED-011,795,0,21,663
2024-12-09,SKU-BED-012,57,153,14,192
2024-12-09,SKU-BED-013,810,0,14,324
2024-12-09,SKU-BED-014,486,0,14,405
2024-12-09,SKU-BED-015,412,0,7,103
2024-12-09,SKU-BED-016,720,0,7,180
2024-12-09,SKU-BED-017,136,363,28,454
2024-12-09,SKU-BED-018,159,426,21,533
2024-12-09,SKU-BED-019,237,0,7,198
2024-12-09,SKU-BED-020,550,629,28,787
2024-12-09,SKU-BED-021,110,126,7,158
2024-12-09,SKU-BED-022,97,111,14,139
2024-12-09,SKU-BED-023,2440,0,28,610
2024-12-09,SKU-BED-024,835,0,28,696
2024-12-09,SKU-BED-025,185,0,7,74
2024-12-09,SKU-BED-026,2748,0,28,687
2024-12-09,SKU-BED-027,91,104,14,130
2024-12-09,SKU-BED-028,2136,0,28,534
2024-12-09,SKU-BED-029,87,232,14,290
2024-12-09,SKU-BED-030,380,434,28,543
2024-12-09,SKU-BED-031,1237,0,28,495
2024-12-09,SKU-BED-032,3404,0,28,851
2024-12-09,SKU-BED-033,126,336,21,420
2024-12-09,SKU-BED-034,1416,0,28,354
2024-12-09,SKU-BED-035,111,296,28,370
2024-12-09,SKU-BED-036,315,360,21,451
2024-12-09,SKU-BED-037,154,412,21,516
2024-12-09,SKU-BED-038,349,399,21,499
2024-12-09,SKU-BED-039,195,521,21,652
2024-12-09,SKU-BED-040,231,617,28,772
2024-12-09,SKU-FUR-041,507,0,21,423
2024-12-09,SKU-FUR-042,3224,0,28,806
2024-12-09,SKU-FUR-043,1300,0,14,325
2024-12-09,SKU-FUR-044,105,280,21,351
2024-12-09,SKU-FUR-045,72,83,7,104
2024-12-09,SKU-FUR-046,1100,0,14,440
2024-12-09,SKU-FUR-047,98,263,21,329
2024-12-09,SKU-FUR-048,332,0,14,277
2024-12-09,SKU-FUR-049,2268,0,21,567
2024-12-09,SKU-FUR-050,47,126,7,158
2024-12-09,SKU-FUR-051,105,280,14,350
2024-12-09,SKU-FUR-052,429,0,21,358
2024-12-09,SKU-FUR-053,43,116,7,146
2024-12-09,SKU-FUR-054,1175,0,28,470
2024-12-09,SKU-FUR-055,1156,0,14,289
2024-12-09,SKU-FUR-056,1960,0,28,490
2024-12-09,SKU-FUR-057,127,0,7,106
2024-12-09,SKU-FUR-058,32,87,7,109
2024-12-09,SKU-FUR-059,97,260,14,326
2024-12-09,SKU-FUR-060,126,336,14,421
2024-12-09,SKU-FUR-061,2500,0,28,625
2024-12-09,SKU-FUR-062,104,119,7,149
2024-12-09,SKU-FUR-063,228,0,14,190
2024-12-09,SKU-FUR-064,1240,0,21,310
2024-12-09,SKU-FUR-065,117,314,21,393
2024-12-09,SKU-FUR-066,1170,0,21,468
2024-12-09,SKU-FUR-067,1240,0,21,310
2024-12-09,SKU-FUR-068,712,0,14,285
2024-12-09,SKU-FUR-069,876,0,28,730
2024-12-09,SKU-FUR-070,1382,0,28,553
2024-12-09,SKU-FUR-071,260,0,7,65
2024-12-09,SKU-FUR-072,404,0,21,337
2024-12-09,SKU-FUR-073,91,104,7,130
2024-12-09,SKU-FUR-074,412,0,7,103
2024-12-09,SKU-FUR-075,627,0,21,523
2024-12-09,SKU-FUR-076,261,299,21,374
2024-12-09,SKU-FUR-077,108,124,7,155
2024-12-09,SKU-FUR-078,300,0,7,120
2024-12-09,SKU-FUR-079,276,736,28,921
2024-12-09,SKU-FUR-080,2484,0,28,621
2024-12-09,SKU-DEC-081,170,195,14,244
2024-12-09,SKU-DEC-082,1668,0,21,417
2024-12-09,SKU-DEC-083,137,366,28,458
2024-12-09,SKU-DEC-084,366,0,21,305
2024-12-09,SKU-DEC-085,128,147,7,184
2024-12-09,SKU-DEC-086,290,0,7,116
2024-12-09,SKU-DEC-087,225,600,28,751
2024-12-09,SKU-DEC-088,133,356,14,445
2024-12-09,SKU-DEC-089,892,0,14,357
2024-12-09,SKU-DEC-090,133,152,14,190
2024-12-09,SKU-DEC-091,748,0,7,187
2024-12-09,SKU-DEC-092,820,0,21,328
2024-12-09,SKU-DEC-093,194,518,28,648
2024-12-09,SKU-DEC-094,114,304,14,381
2024-12-09,SKU-DEC-095,407,0,7,163
2024-12-09,SKU-DEC-096,2732,0,21,683
2024-12-09,SKU-DEC-097,505,0,7,202
2024-12-09,SKU-DEC-098,541,0,28,451
2024-12-09,SKU-DEC-099,296,0,14,247
2024-12-09,SKU-DEC-100,79,90,7,113
2024-12-09,SKU-DEC-101,108,290,14,363
2024-12-09,SKU-DEC-102,672,0,14,168
2024-12-09,SKU-DEC-103,197,225,28,282
2024-12-09,SKU-DEC-104,576,0,14,144
2024-12-09,SKU-DEC-105,1120,0,28,448
2024-12-09,SKU-DEC-106,1660,0,21,664
2024-12-09,SKU-DEC-107,1700,0,28,680
2024-12-09,SKU-DEC-108,3028,0,28,757
2024-12-09,SKU-DEC-109,600,0,21,240
2024-12-09,SKU-DEC-110,260,0,7,65
2024-12-09,SKU-DEC-111,154,176,14,221
2024-12-09,SKU-DEC-112,1144,0,14,286
2024-12-09,SKU-DEC-113,36,96,7,120
2024-12-09,SKU-DEC-114,1687,0,21,675
2024-12-09,SKU-DEC-115,1684,0,28,421
2024-12-09,SKU-DEC-116,1037,0,14,415
2024-12-09,SKU-DEC-117,410,0,14,164
2024-12-09,SKU-DEC-118,182,0,7,73
2024-12-09,SKU-DEC-119,1090,0,21,436
2024-12-09,SKU-DEC-120,1276,0,14,319
2024-12-09,SKU-LIG-121,2136,0,21,534
2024-12-09,SKU-LIG-122,220,0,7,88
2024-12-09,SKU-LIG-123,239,637,28,797
2024-12-09,SKU-LIG-124,2222,0,28,889
2024-12-09,SKU-LIG-125,1236,0,28,309
2024-12-09,SKU-LIG-126,260,0,7,104
2024-12-09,SKU-LIG-127,375,0,14,313
2024-12-09,SKU-LIG-128,79,212,14,265
2024-12-09,SKU-LIG-129,407,0,7,163
2024-12-09,SKU-LIG-130,233,266,14,333
2024-12-09,SKU-LIG-131,965,0,14,386
2024-12-09,SKU-LIG-132,1267,0,28,507
2024-12-09,SKU-LIG-133,1077,0,14,431
2024-12-09,SKU-LIG-134,1127,0,28,451
2024-12-09,SKU-LIG-135,582,0,21,485
2024-12-09,SKU-LIG-136,1350,0,28,540
2024-12-09,SKU-LIG-137,110,126,7,158
2024-12-09,SKU-LIG-138,876,0,21,219
2024-12-09,SKU-LIG-139,134,358,14,448
2024-12-09,SKU-LIG-140,397,0,14,159
2024-12-09,SKU-LIG-141,229,0,7,191
2024-12-09,SKU-LIG-142,151,403,21,504
2024-12-09,SKU-LIG-143,300,343,28,429
2024-12-09,SKU-LIG-144,214,244,28,306
2024-12-09,SKU-LIG-145,123,330,28,413
2024-12-09,SKU-LIG-146,746,0,28,622
2024-12-09,SKU-LIG-147,892,0,28,357
2024-12-09,SKU-LIG-148,275,315,21,394
2024-12-09,SKU-LIG-149,1340,0,21,536
2024-12-09,SKU-LIG-150,680,0,28,567
2024-12-09,SKU-LIG-151,272,0,7,68
2024-12-09,SKU-LIG-152,1780,0,28,445
2024-12-09,SKU-LIG-153,529,0,28,441
2024-12-09,SKU-LIG-154,124,331,14,414
2024-12-09,SKU-LIG-155,596,0,14,149
2024-12-09,SKU-LIG-156,91,244,21,306
2024-12-09,SKU-LIG-157,428,0,7,107
2024-12-09,SKU-LIG-158,704,0,21,587
2024-12-09,SKU-LIG-159,1944,0,21,486
2024-12-09,SKU-LIG-160,178,475,21,594
2024-12-09,SKU-SMA-161,115,0,7,96
2024-12-09,SKU-SMA-162,98,0,7,82
2024-12-09,SKU-SMA-163,120,322,28,403
2024-12-09,SKU-SMA-164,184,211,21,264
2024-12-09,SKU-SMA-165,225,257,21,322
2024-12-09,SKU-SMA-166,692,0,14,173
2024-12-09,SKU-SMA-167,51,58,7,73
2024-12-09,SKU-SMA-168,940,0,28,784
2024-12-09,SKU-SMA-169,48,129,7,162
2024-12-09,SKU-SMA-170,1510,0,21,604
2024-12-09,SKU-SMA-171,609,696,28,871
2024-12-09,SKU-SMA-172,492,0,21,410
2024-12-09,SKU-SMA-173,352,0,7,141
2024-12-09,SKU-SMA-174,136,364,28,456
2024-12-09,SKU-SMA-175,1044,0,14,261
2024-12-09,SKU-SMA-176,97,260,21,326
2024-12-09,SKU-SMA-177,183,0,7,153
2024-12-09,SKU-SMA-178,2184,0,28,546
2024-12-09,SKU-SMA-179,147,392,21,490
2024-12-09,SKU-SMA-180,594,679,28,849
2024-12-09,SKU-SMA-181,223,0,7,186
2024-12-09,SKU-SMA-182,410,0,7,164
2024-12-09,SKU-SMA-183,60,161,21,202
2024-12-09,SKU-SMA-184,121,324,28,405
2024-12-09,SKU-SMA-185,493,564,28,705
2024-12-09,SKU-SMA-186,248,0,7,207
2024-12-09,SKU-SMA-187,387,0,14,323
2024-12-09,SKU-SMA-188,46,52,7,66
2024-12-09,SKU-SMA-189,1912,0,28,765
2024-12-09,SKU-SMA-190,722,0,21,602
2024-12-09,SKU-SMA-191,797,0,14,319
2024-12-09,SKU-SMA-192,687,0,21,573
2024-12-09,SKU-SMA-193,692,0,21,277
2024-12-09,SKU-SMA-194,600,0,7,150
2024-12-09,SKU-SMA-195,493,0,21,411
2024-12-09,SKU-SMA-196,1752,0,28,438
2024-12-09,SKU-SMA-197,1727,0,21,691
2024-12-09,SKU-SMA-198,544,0,7,136
2024-12-09,SKU-SMA-199,796,0,7,199
2024-12-09,SKU-SMA-200,541,0,14,451
2024-12-16,SKU-BED-001,1685,0,21,674
2024-12-16,SKU-BED-002,256,293,14,367
2024-12-16,SKU-BED-003,1935,0,28,774
2024-12-16,SKU-BED-004,81,216,21,271
2024-12-16,SKU-BED-005,414,0,21,345
2024-12-16,SKU-BED-006,1920,0,21,480
2024-12-16,SKU-BED-007,3504,0,28,876
2024-12-16,SKU-BED-008,382,0,14,319
2024-12-16,SKU-BED-009,3448,0,28,862
2024-12-16,SKU-BED-010,264,302,21,378
2024-12-16,SKU-BED-011,795,0,21,663
2024-12-16,SKU-BED-012,201,230,21,288
2024-12-16,SKU-BED-013,1948,0,21,487
2024-12-16,SKU-BED-014,486,0,14,405
2024-12-16,SKU-BED-015,373,0,21,311
2024-12-16,SKU-BED-016,2160,0,21,540
2024-12-16,SKU-BED-017,136,363,28,454
2024-12-16,SKU-BED-018,106,284,14,355
2024-12-16,SKU-BED-019,59,158,7,198
2024-12-16,SKU-BED-020,944,0,28,787
2024-12-16,SKU-BED-021,221,252,14,316
2024-12-16,SKU-BED-022,82,0,7,69
2024-12-16,SKU-BED-023,366,0,14,305
2024-12-16,SKU-BED-024,156,417,21,522
2024-12-16,SKU-BED-025,66,178,21,223
2024-12-16,SKU-BED-026,1287,0,21,515
2024-12-16,SKU-BED-027,234,0,21,195
2024-12-16,SKU-BED-028,640,0,28,534
2024-12-16,SKU-BED-029,523,0,21,436
2024-12-16,SKU-BED-030,540,0,7,135
2024-12-16,SKU-BED-031,172,197,14,247
2024-12-16,SKU-BED-032,510,0,14,425
2024-12-16,SKU-BED-033,1050,0,21,420
2024-12-16,SKU-BED-034,1064,0,21,266
2024-12-16,SKU-BED-035,64,73,7,92
2024-12-16,SKU-BED-036,1804,0,21,451
2024-12-16,SKU-BED-037,51,137,7,172
2024-12-16,SKU-BED-038,664,0,7,166
2024-12-16,SKU-BED-039,1042,0,28,869
2024-12-16,SKU-BED-040,772,0,7,193
2024-12-16,SKU-FUR-041,296,338,21,423
2024-12-16,SKU-FUR-042,3224,0,28,806
2024-12-16,SKU-FUR-043,146,389,21,487
2024-12-16,SKU-FUR-044,936,0,14,234
2024-12-16,SKU-FUR-045,374,0,21,312
2024-12-16,SKU-FUR-046,792,0,21,660
2024-12-16,SKU-FUR-047,307,351,28,439
2024-12-16,SKU-FUR-048,499,0,21,416
2024-12-16,SKU-FUR-049,945,0,14,378
2024-12-16,SKU-FUR-050,1904,0,21,476
2024-12-16,SKU-FUR-051,210,0,7,175
2024-12-16,SKU-FUR-052,476,0,7,119
2024-12-16,SKU-FUR-053,87,233,14,292
2024-12-16,SKU-FUR-054,564,0,28,470
2024-12-16,SKU-FUR-055,172,0,7,144
2024-12-16,SKU-FUR-056,343,392,28,490
2024-12-16,SKU-FUR-057,95,255,21,319
2024-12-16,SKU-FUR-058,230,263,21,329
2024-12-16,SKU-FUR-059,48,130,7,163
2024-12-16,SKU-FUR-060,758,0,21,632
2024-12-16,SKU-FUR-061,328,375,21,469
2024-12-16,SKU-FUR-062,44,119,7,149
2024-12-16,SKU-FUR-063,1140,0,21,285
2024-12-16,SKU-FUR-064,217,248,21,310
2024-12-16,SKU-FUR-065,2100,0,28,525
2024-12-16,SKU-FUR-066,187,0,7,156
2024-12-16,SKU-FUR-067,1240,0,21,310
2024-12-16,SKU-FUR-068,342,0,14,285
2024-12-16,SKU-FUR-069,2920,0,28,730
2024-12-16,SKU-FUR-070,387,442,28,553
2024-12-16,SKU-FUR-071,788,0,21,197
2024-12-16,SKU-FUR-072,896,0,14,224
2024-12-16,SKU-FUR-073,182,208,14,261
2024-12-16,SKU-FUR-074,1244,0,21,311
2024-12-16,SKU-FUR-075,104,279,14,349
2024-12-16,SKU-FUR-076,148,0,7,124
2024-12-16,SKU-FUR-077,620,0,7,155
2024-12-16,SKU-FUR-078,480,0,7,120
2024-12-16,SKU-FUR-079,3684,0,28,921
2024-12-16,SKU-FUR-080,186,496,28,621
2024-12-16,SKU-DEC-081,170,195,14,244
2024-12-16,SKU-DEC-082,125,333,21,417
2024-12-16,SKU-DEC-083,916,0,14,229
2024-12-16,SKU-DEC-084,1015,0,28,406
2024-12-16,SKU-DEC-085,1380,0,21,552
2024-12-16,SKU-DEC-086,278,0,14,232
2024-12-16,SKU-DEC-087,262,300,14,375
2024-12-16,SKU-DEC-088,801,0,21,668
2024-12-16,SKU-DEC-089,643,0,21,536
2024-12-16,SKU-DEC-090,342,0,21,285
2024-12-16,SKU-DEC-091,448,0,14,374
2024-12-16,SKU-DEC-092,152,174,14,218
2024-12-16,SKU-DEC-093,145,388,21,486
2024-12-16,SKU-DEC-094,57,152,7,190
2024-12-16,SKU-DEC-095,48,130,7,163
2024-12-16,SKU-DEC-096,1092,0,28,910
2024-12-16,SKU-DEC-097,567,648,28,811
2024-12-16,SKU-DEC-098,157,180,14,225
2024-12-16,SKU-DEC-099,492,0,7,123
2024-12-16,SKU-DEC-100,1820,0,28,455
2024-12-16,SKU-DEC-101,254,290,14,363
2024-12-16,SKU-DEC-102,630,0,21,252
2024-12-16,SKU-DEC-103,705,0,28,282
2024-12-16,SKU-DEC-104,540,0,21,216
2024-12-16,SKU-DEC-105,313,358,28,448
2024-12-16,SKU-DEC-106,66,176,7,221
2024-12-16,SKU-DEC-107,1700,0,28,680
2024-12-16,SKU-DEC-108,2272,0,21,568
2024-12-16,SKU-DEC-109,800,0,28,320
2024-12-16,SKU-DEC-110,234,0,21,195
2024-12-16,SKU-DEC-111,830,0,21,332
2024-12-16,SKU-DEC-112,2292,0,28,573
2024-12-16,SKU-DEC-113,72,192,14,240
2024-12-16,SKU-DEC-114,270,0,7,225
2024-12-16,SKU-DEC-115,262,0,7,105
2024-12-16,SKU-DEC-116,436,498,21,623
2024-12-16,SKU-DEC-117,172,196,21,246
2024-12-16,SKU-DEC-118,154,176,21,221
2024-12-16,SKU-DEC-119,203,232,14,291
2024-12-16,SKU-DEC-120,111,127,7,159
2024-12-16,SKU-LIG-121,499,570,28,713
2024-12-16,SKU-LIG-122,352,0,7,88
2024-12-16,SKU-LIG-123,477,0,14,398
2024-12-16,SKU-LIG-124,266,0,7,222
2024-12-16,SKU-LIG-125,924,0,21,231
2024-12-16,SKU-LIG-126,292,334,28,418
2024-12-16,SKU-LIG-127,46,124,7,156
2024-12-16,SKU-LIG-128,477,0,21,398
2024-12-16,SKU-LIG-129,48,130,7,163
2024-12-16,SKU-LIG-130,199,0,7,166
2024-12-16,SKU-LIG-131,1544,0,14,386
2024-12-16,SKU-LIG-132,88,100,7,126
2024-12-16,SKU-LIG-133,775,0,21,646
2024-12-16,SKU-LIG-134,67,180,14,225
2024-12-16,SKU-LIG-135,194,517,28,647
2024-12-16,SKU-LIG-136,283,324,21,405
2024-12-16,SKU-LIG-137,189,0,7,158
2024-12-16,SKU-LIG-138,350,0,28,292
2024-12-16,SKU-LIG-139,470,537,21,672
2024-12-16,SKU-LIG-140,55,63,7,79
2024-12-16,SKU-LIG-141,534,611,28,764
2024-12-16,SKU-LIG-142,352,403,21,504
2024-12-16,SKU-LIG-143,1716,0,28,429
2024-12-16,SKU-LIG-144,367,0,28,306
2024-12-16,SKU-LIG-145,495,0,28,413
2024-12-16,SKU-LIG-146,373,0,14,311
2024-12-16,SKU-LIG-147,106,0,7,89
2024-12-16,SKU-LIG-148,275,315,21,394
2024-12-16,SKU-LIG-149,2860,0,28,715
2024-12-16,SKU-LIG-150,339,0,14,283
2024-12-16,SKU-LIG-151,682,0,28,273
2024-12-16,SKU-LIG-152,1780,0,28,445
2024-12-16,SKU-LIG-153,1102,0,28,441
2024-12-16,SKU-LIG-154,2072,0,28,829
2024-12-16,SKU-LIG-155,104,119,14,149
2024-12-16,SKU-LIG-156,71,81,7,102
2024-12-16,SKU-LIG-157,1072,0,28,429
2024-12-16,SKU-LIG-158,234,626,28,783
2024-12-16,SKU-LIG-159,194,518,28,648
2024-12-16,SKU-LIG-160,138,158,7,198
2024-12-16,SKU-SMA-161,67,76,7,96
2024-12-16,SKU-SMA-162,295,0,21,246
2024-12-16,SKU-SMA-163,502,0,14,201
2024-12-16,SKU-SMA-164,61,70,7,88
2024-12-16,SKU-SMA-165,537,0,14,215
2024-12-16,SKU-SMA-166,432,0,14,173
2024-12-16,SKU-SMA-167,584,0,14,146
2024-12-16,SKU-SMA-168,1568,0,14,392
2024-12-16,SKU-SMA-169,113,129,7,162
2024-12-16,SKU-SMA-170,966,0,28,805
2024-12-16,SKU-SMA-171,1087,0,14,435
2024-12-16,SKU-SMA-172,123,328,21,410
2024-12-16,SKU-SMA-173,339,0,14,283
2024-12-16,SKU-SMA-174,68,182,14,228
2024-12-16,SKU-SMA-175,156,0,7,130
2024-12-16,SKU-SMA-176,868,0,14,217
2024-12-16,SKU-SMA-177,1844,0,21,461
2024-12-16,SKU-SMA-178,682,0,14,273
2024-12-16,SKU-SMA-179,588,0,21,490
2024-12-16,SKU-SMA-180,1018,0,28,849
2024-12-16,SKU-SMA-181,391,447,21,559
2024-12-16,SKU-SMA-182,229,262,14,328
2024-12-16,SKU-SMA-183,808,0,21,202
2024-12-16,SKU-SMA-184,91,243,21,304
2024-12-16,SKU-SMA-185,123,140,7,176
2024-12-16,SKU-SMA-186,62,165,7,207
2024-12-16,SKU-SMA-187,96,258,14,323
2024-12-16,SKU-SMA-188,330,0,14,132
2024-12-16,SKU-SMA-189,133,152,7,191
2024-12-16,SKU-SMA-190,722,0,21,602
2024-12-16,SKU-SMA-191,143,383,21,479
2024-12-16,SKU-SMA-192,229,0,7,191
2024-12-16,SKU-SMA-193,332,0,21,277
2024-12-16,SKU-SMA-194,540,0,21,450
2024-12-16,SKU-SMA-195,41,109,7,137
2024-12-16,SKU-SMA-196,394,0,21,329
2024-12-16,SKU-SMA-197,483,552,21,691
2024-12-16,SKU-SMA-198,1632,0,21,408
2024-12-16,SKU-SMA-199,478,0,14,399
2024-12-16,SKU-SMA-200,270,722,28,903
2024-12-23,SKU-BED-001,269,719,28,899
2024-12-23,SKU-BED-002,385,440,21,551
2024-12-23,SKU-BED-003,772,0,7,193
2024-12-23,SKU-BED-004,724,0,14,181
2024-12-23,SKU-BED-005,460,0,7,115
2024-12-23,SKU-BED-006,400,0,7,160
2024-12-23,SKU-BED-007,1642,0,21,657
2024-12-23,SKU-BED-008,765,0,28,638
2024-12-23,SKU-BED-009,1724,0,14,431
2024-12-23,SKU-BED-010,504,0,7,126
2024-12-23,SKU-BED-011,1657,0,21,663
2024-12-23,SKU-BED-012,67,76,7,96
2024-12-23,SKU-BED-013,2596,0,28,649
2024-12-23,SKU-BED-014,283,324,14,405
2024-12-23,SKU-BED-015,217,248,21,311
2024-12-23,SKU-BED-016,900,0,14,360
2024-12-23,SKU-BED-017,33,90,7,113
2024-12-23,SKU-BED-018,639,0,21,533
2024-12-23,SKU-BED-019,990,0,14,396
2024-12-23,SKU-BED-020,471,0,14,393
2024-12-23,SKU-BED-021,47,126,7,158
2024-12-23,SKU-BED-022,48,55,7,69
2024-12-23,SKU-BED-023,732,0,28,610
2024-12-23,SKU-BED-024,487,556,28,696
2024-12-23,SKU-BED-025,178,0,14,149
2024-12-23,SKU-BED-026,480,549,28,687
2024-12-23,SKU-BED-027,78,208,28,260
2024-12-23,SKU-BED-028,1600,0,21,400
2024-12-23,SKU-BED-029,1452,0,28,581
2024-12-23,SKU-BED-030,540,0,7,135
2024-12-23,SKU-BED-031,346,396,28,495
2024-12-23,SKU-BED-032,297,340,14,425
2024-12-23,SKU-BED-033,672,0,28,560
2024-12-23,SKU-BED-034,665,0,21,266
2024-12-23,SKU-BED-035,332,0,21,277
2024-12-23,SKU-BED-036,421,481,28,602
2024-12-23,SKU-BED-037,2756,0,28,689
2024-12-23,SKU-BED-038,598,0,21,499
2024-12-23,SKU-BED-039,151,173,7,217
2024-12-23,SKU-BED-040,1930,0,28,772
2024-12-23,SKU-FUR-041,338,0,14,282
2024-12-23,SKU-FUR-042,181,484,21,605
2024-12-23,SKU-FUR-043,405,0,7,162
2024-12-23,SKU-FUR-044,421,0,21,351
2024-12-23,SKU-FUR-045,31,83,7,104
2024-12-23,SKU-FUR-046,616,704,28,880
2024-12-23,SKU-FUR-047,230,263,21,329
2024-12-23,SKU-FUR-048,332,0,14,277
2024-12-23,SKU-FUR-049,170,453,21,567
2024-12-23,SKU-FUR-050,110,126,7,158
2024-12-23,SKU-FUR-051,367,420,21,525
2024-12-23,SKU-FUR-052,895,0,21,358
2024-12-23,SKU-FUR-053,306,350,21,438
2024-12-23,SKU-FUR-054,105,281,21,352
2024-12-23,SKU-FUR-055,346,0,14,289
2024-12-23,SKU-FUR-056,612,0,14,245
2024-12-23,SKU-FUR-057,1700,0,28,425
2024-12-23,SKU-FUR-058,1097,0,28,439
2024-12-23,SKU-FUR-059,2608,0,28,652
2024-12-23,SKU-FUR-060,2107,0,28,843
2024-12-23,SKU-FUR-061,1172,0,21,469
2024-12-23,SKU-FUR-062,2396,0,28,599
2024-12-23,SKU-FUR-063,237,0,7,95
2024-12-23,SKU-FUR-064,72,82,7,103
2024-12-23,SKU-FUR-065,2100,0,28,525
2024-12-23,SKU-FUR-066,187,0,7,156
2024-12-23,SKU-FUR-067,93,248,21,310
2024-12-23,SKU-FUR-068,513,0,21,428
2024-12-23,SKU-FUR-069,510,584,28,730
2024-12-23,SKU-FUR-070,552,0,7,138
2024-12-23,SKU-FUR-071,184,210,28,263
2024-12-23,SKU-FUR-072,156,179,14,224
2024-12-23,SKU-FUR-073,1044,0,14,261
2024-12-23,SKU-FUR-074,290,332,28,415
2024-12-23,SKU-FUR-075,1745,0,28,698
2024-12-23,SKU-FUR-076,298,0,14,249
2024-12-23,SKU-FUR-077,1167,0,21,467
2024-12-23,SKU-FUR-078,434,0,21,362
2024-12-23,SKU-FUR-079,1105,0,28,921
2024-12-23,SKU-FUR-080,1552,0,28,621
2024-12-23,SKU-DEC-081,1464,0,21,366
2024-12-23,SKU-DEC-082,1390,0,28,556
2024-12-23,SKU-DEC-083,102,274,21,343
2024-12-23,SKU-DEC-084,1624,0,28,406
2024-12-23,SKU-DEC-085,110,294,14,368
2024-12-23,SKU-DEC-086,1856,0,28,464
2024-12-23,SKU-DEC-087,56,149,7,187
2024-12-23,SKU-DEC-088,155,177,7,222
2024-12-23,SKU-DEC-089,160,428,21,536
2024-12-23,SKU-DEC-090,760,0,14,190
2024-12-23,SKU-DEC-091,748,0,7,187
2024-12-23,SKU-DEC-092,130,0,7,109
2024-12-23,SKU-DEC-093,97,259,14,324
2024-12-23,SKU-DEC-094,533,609,28,762
2024-12-23,SKU-DEC-095,1956,0,21,489
2024-12-23,SKU-DEC-096,546,0,14,455
2024-12-23,SKU-DEC-097,425,486,21,608
2024-12-23,SKU-DEC-098,405,0,21,338
2024-12-23,SKU-DEC-099,492,0,7,123
2024-12-23,SKU-DEC-100,1137,0,28,455
2024-12-23,SKU-DEC-101,872,0,28,727
2024-12-23,SKU-DEC-102,842,0,28,337
2024-12-23,SKU-DEC-103,84,225,28,282
2024-12-23,SKU-DEC-104,201,230,28,288
2024-12-23,SKU-DEC-105,67,179,14,224
2024-12-23,SKU-DEC-106,2656,0,21,664
2024-12-23,SKU-DEC-107,408,0,14,340
2024-12-23,SKU-DEC-108,756,0,7,189
2024-12-23,SKU-DEC-109,400,0,14,160
2024-12-23,SKU-DEC-110,260,0,7,65
2024-12-23,SKU-DEC-111,154,176,14,221
2024-12-23,SKU-DEC-112,1720,0,21,430
2024-12-23,SKU-DEC-113,900,0,21,360
2024-12-23,SKU-DEC-114,202,540,21,675
2024-12-23,SKU-DEC-115,73,84,7,105
2024-12-23,SKU-DEC-116,581,664,28,831
2024-12-23,SKU-DEC-117,98,0,7,82
2024-12-23,SKU-DEC-118,588,0,14,147
2024-12-23,SKU-DEC-119,305,348,21,436
2024-12-23,SKU-DEC-120,1197,0,21,479
2024-12-23,SKU-LIG-121,1335,0,21,534
2024-12-23,SKU-LIG-122,247,282,28,353
2024-12-23,SKU-LIG-123,716,0,21,597
2024-12-23,SKU-LIG-124,266,711,28,889
2024-12-23,SKU-LIG-125,46,123,14,154
2024-12-23,SKU-LIG-126,219,251,21,314
2024-12-23,SKU-LIG-127,93,250,14,313
2024-12-23,SKU-LIG-128,159,424,28,531
2024-12-23,SKU-LIG-129,195,521,28,652
2024-12-23,SKU-LIG-130,1250,0,21,500
2024-12-23,SKU-LIG-131,231,618,28,773
2024-12-23,SKU-LIG-132,354,405,28,507
2024-12-23,SKU-LIG-133,258,689,28,862
2024-12-23,SKU-LIG-134,236,270,21,338
2024-12-23,SKU-LIG-135,226,258,14,323
2024-12-23,SKU-LIG-136,283,324,21,405
2024-12-23,SKU-LIG-137,1187,0,21,475
2024-12-23,SKU-LIG-138,87,233,28,292
2024-12-23,SKU-LIG-139,537,0,14,448
2024-12-23,SKU-LIG-140,795,0,28,318
2024-12-23,SKU-LIG-141,687,0,21,573
2024-12-23,SKU-LIG-142,840,0,14,336
2024-12-23,SKU-LIG-143,1716,0,28,429
2024-12-23,SKU-LIG-144,612,0,14,153
2024-12-23,SKU-LIG-145,1236,0,21,309
2024-12-23,SKU-LIG-146,2488,0,28,622
2024-12-23,SKU-LIG-147,1428,0,28,357
2024-12-23,SKU-LIG-148,315,0,14,263
2024-12-23,SKU-LIG-149,643,0,21,536
2024-12-23,SKU-LIG-150,170,453,28,567
2024-12-23,SKU-LIG-151,272,0,7,68
2024-12-23,SKU-LIG-152,233,267,21,334
2024-12-23,SKU-LIG-153,550,0,14,220
2024-12-23,SKU-LIG-154,828,0,7,207
2024-12-23,SKU-LIG-155,51,59,7,74
2024-12-23,SKU-LIG-156,367,0,21,306
2024-12-23,SKU-LIG-157,96,257,21,322
2024-12-23,SKU-LIG-158,410,469,21,587
2024-12-23,SKU-LIG-159,1215,0,21,486
2024-12-23,SKU-LIG-160,1584,0,14,396
2024-12-23,SKU-SMA-161,960,0,28,384
2024-12-23,SKU-SMA-162,73,196,21,246
2024-12-23,SKU-SMA-163,120,322,28,403
2024-12-23,SKU-SMA-164,1408,0,28,352
2024-12-23,SKU-SMA-165,537,0,14,215
2024-12-23,SKU-SMA-166,78,208,21,260
2024-12-23,SKU-SMA-167,87,233,28,292
2024-12-23,SKU-SMA-168,1960,0,28,784
2024-12-23,SKU-SMA-169,648,0,7,162
2024-12-23,SKU-SMA-170,3220,0,28,805
2024-12-23,SKU-SMA-171,304,348,14,435
2024-12-23,SKU-SMA-172,1025,0,21,410
2024-12-23,SKU-SMA-173,42,112,7,141
2024-12-23,SKU-SMA-174,239,273,21,342
2024-12-23,SKU-SMA-175,977,0,21,391
2024-12-23,SKU-SMA-176,130,347,28,434
2024-12-23,SKU-SMA-177,767,0,14,307
2024-12-23,SKU-SMA-178,163,0,7,136
2024-12-23,SKU-SMA-179,457,522,28,653
2024-12-23,SKU-SMA-180,127,339,14,424
2024-12-23,SKU-SMA-181,1397,0,21,559
2024-12-23,SKU-SMA-182,49,131,7,164
2024-12-23,SKU-SMA-183,1076,0,28,269
2024-12-23,SKU-SMA-184,1620,0,28,405
2024-12-23,SKU-SMA-185,105,281,14,352
2024-12-23,SKU-SMA-186,3320,0,28,830
2024-12-23,SKU-SMA-187,112,128,7,161
2024-12-23,SKU-SMA-188,1060,0,28,265
2024-12-23,SKU-SMA-189,57,152,7,191
2024-12-23,SKU-SMA-190,240,642,28,803
2024-12-23,SKU-SMA-191,447,511,28,639
2024-12-23,SKU-SMA-192,1432,0,21,573
2024-12-23,SKU-SMA-193,193,221,21,277
2024-12-23,SKU-SMA-194,180,480,28,600
2024-12-23,SKU-SMA-195,1644,0,21,411
2024-12-23,SKU-SMA-196,131,350,28,438
2024-12-23,SKU-SMA-197,1840,0,14,460
2024-12-23,SKU-SMA-198,380,435,28,544
2024-12-23,SKU-SMA-199,419,479,21,599
2024-12-23,SKU-SMA-200,67,180,7,225
2024-12-30,SKU-BED-001,629,719,28,899
2024-12-30,SKU-BED-002,256,293,14,367
2024-12-30,SKU-BED-003,232,619,28,774
2024-12-30,SKU-BED-004,108,289,28,362
2024-12-30,SKU-BED-005,287,0,7,115
2024-12-30,SKU-BED-006,1920,0,21,480
2024-12-30,SKU-BED-007,613,700,28,876
2024-12-30,SKU-BED-008,574,0,21,479
2024-12-30,SKU-BED-009,258,0,7,215
2024-12-30,SKU-BED-010,264,302,21,378
2024-12-30,SKU-BED-011,66,176,7,221
2024-12-30,SKU-BED-012,462,0,28,385
2024-12-30,SKU-BED-013,1622,0,28,649
2024-12-30,SKU-BED-014,121,324,14,405
2024-12-30,SKU-BED-015,1037,0,28,415
2024-12-30,SKU-BED-016,108,288,14,360
2024-12-30,SKU-BED-017,317,363,28,454
2024-12-30,SKU-BED-018,639,0,21,533
2024-12-30,SKU-BED-019,555,634,28,793
2024-12-30,SKU-BED-020,550,629,28,787
2024-12-30,SKU-BED-021,331,379,21,474
2024-12-30,SKU-BED-022,250,0,21,209
2024-12-30,SKU-BED-023,366,0,14,305
2024-12-30,SKU-BED-024,1392,0,14,348
2024-12-30,SKU-BED-025,185,0,7,74
2024-12-30,SKU-BED-026,824,0,28,687
2024-12-30,SKU-BED-027,45,52,7,65
2024-12-30,SKU-BED-028,1335,0,28,534
2024-12-30,SKU-BED-029,1744,0,21,436
2024-12-30,SKU-BED-030,337,0,7,135
2024-12-30,SKU-BED-031,148,396,28,495
2024-12-30,SKU-BED-032,446,510,21,638
2024-12-30,SKU-BED-033,2240,0,28,560
2024-12-30,SKU-BED-034,106,283,28,354
2024-12-30,SKU-BED-035,129,148,14,185
2024-12-30,SKU-BED-036,45,120,7,150
2024-12-30,SKU-BED-037,688,0,7,172
2024-12-30,SKU-BED-038,199,532,28,665
2024-12-30,SKU-BED-039,303,347,14,434
2024-12-30,SKU-BED-040,231,0,7,193
2024-12-30,SKU-FUR-041,169,0,7,141
2024-12-30,SKU-FUR-042,181,484,21,605
2024-12-30,SKU-FUR-043,146,389,21,487
2024-12-30,SKU-FUR-044,140,0,7,117
2024-12-30,SKU-FUR-045,520,0,14,208
2024-12-30,SKU-FUR-046,3520,0,28,880
2024-12-30,SKU-FUR-047,262,0,14,219
2024-12-30,SKU-FUR-048,499,0,21,416
2024-12-30,SKU-FUR-049,226,604,28,756
2024-12-30,SKU-FUR-050,142,380,21,476
2024-12-30,SKU-FUR-051,841,0,28,701
2024-12-30,SKU-FUR-052,167,191,14,239
2024-12-30,SKU-FUR-053,204,233,14,292
2024-12-30,SKU-FUR-054,141,376,28,470
2024-12-30,SKU-FUR-055,1736,0,21,434
2024-12-30,SKU-FUR-056,440,0,21,367
2024-12-30,SKU-FUR-057,1700,0,28,425
2024-12-30,SKU-FUR-058,153,175,14,219
2024-12-30,SKU-FUR-059,1222,0,21,489
2024-12-30,SKU-FUR-060,2528,0,21,632
2024-12-30,SKU-FUR-061,328,375,21,469
2024-12-30,SKU-FUR-062,44,119,7,149
2024-12-30,SKU-FUR-063,28,76,7,95
2024-12-30,SKU-FUR-064,775,0,21,310
2024-12-30,SKU-FUR-065,39,104,7,131
2024-12-30,SKU-FUR-066,109,124,7,156
2024-12-30,SKU-FUR-067,217,248,21,310
2024-12-30,SKU-FUR-068,128,342,21,428
2024-12-30,SKU-FUR-069,2920,0,28,730
2024-12-30,SKU-FUR-070,96,110,7,138
2024-12-30,SKU-FUR-071,524,0,14,131
2024-12-30,SKU-FUR-072,560,0,14,224
2024-12-30,SKU-FUR-073,274,313,21,392
2024-12-30,SKU-FUR-074,373,0,21,311
2024-12-30,SKU-FUR-075,209,558,28,698
2024-12-30,SKU-FUR-076,37,99,7,124
2024-12-30,SKU-FUR-077,436,498,28,623
2024-12-30,SKU-FUR-078,480,0,7,120
2024-12-30,SKU-FUR-079,276,0,7,230
2024-12-30,SKU-FUR-080,46,124,7,155
2024-12-30,SKU-DEC-081,146,390,28,488
2024-12-30,SKU-DEC-082,2224,0,28,556
2024-12-30,SKU-DEC-083,68,183,14,229
2024-12-30,SKU-DEC-084,30,80,7,101
2024-12-30,SKU-DEC-085,1472,0,14,368
2024-12-30,SKU-DEC-086,104,278,21,348
2024-12-30,SKU-DEC-087,748,0,7,187
2024-12-30,SKU-DEC-088,66,177,7,222
2024-12-30,SKU-DEC-089,643,0,21,536
2024-12-30,SKU-DEC-090,1140,0,21,285
2024-12-30,SKU-DEC-091,261,299,14,374
2024-12-30,SKU-DEC-092,76,87,7,109
2024-12-30,SKU-DEC-093,1944,0,21,486
2024-12-30,SKU-DEC-094,533,609,28,762
2024-12-30,SKU-DEC-095,97,260,14,326
2024-12-30,SKU-DEC-096,158,181,7,227
2024-12-30,SKU-DEC-097,121,324,14,405
2024-12-30,SKU-DEC-098,845,0,21,338
2024-12-30,SKU-DEC-099,1235,0,28,494
2024-12-30,SKU-DEC-100,158,181,14,227
2024-12-30,SKU-DEC-101,126,144,7,181
2024-12-30,SKU-DEC-102,1348,0,28,337
2024-12-30,SKU-DEC-103,197,225,28,282
2024-12-30,SKU-DEC-104,540,0,21,216
2024-12-30,SKU-DEC-105,268,0,14,224
2024-12-30,SKU-DEC-106,1660,0,21,664
2024-12-30,SKU-DEC-107,1360,0,14,340
2024-12-30,SKU-DEC-108,170,454,21,568
2024-12-30,SKU-DEC-109,288,0,21,240
2024-12-30,SKU-DEC-110,234,0,21,195
2024-12-30,SKU-DEC-111,132,354,28,443
2024-12-30,SKU-DEC-112,301,344,21,430
2024-12-30,SKU-DEC-113,1920,0,28,480
2024-12-30,SKU-DEC-114,810,0,21,675
2024-12-30,SKU-DEC-115,262,0,7,105
2024-12-30,SKU-DEC-116,517,0,7,207
2024-12-30,SKU-DEC-117,49,131,14,164
2024-12-30,SKU-DEC-118,354,0,28,295
2024-12-30,SKU-DEC-119,1744,0,21,436
2024-12-30,SKU-DEC-120,223,255,14,319
2024-12-30,SKU-LIG-121,249,284,14,356
2024-12-30,SKU-LIG-122,220,0,7,88
2024-12-30,SKU-LIG-123,239,637,28,797
2024-12-30,SKU-LIG-124,2668,0,21,667
2024-12-30,SKU-LIG-125,107,123,14,154
2024-12-30,SKU-LIG-126,250,0,14,209
2024-12-30,SKU-LIG-127,219,250,14,313
2024-12-30,SKU-LIG-128,158,0,7,132
2024-12-30,SKU-LIG-129,407,0,7,163
2024-12-30,SKU-LIG-130,233,266,14,333
2024-12-30,SKU-LIG-131,463,0,14,386
2024-12-30,SKU-LIG-132,504,0,7,126
2024-12-30,SKU-LIG-133,1724,0,14,431
2024-12-30,SKU-LIG-134,135,360,28,451
2024-12-30,SKU-LIG-135,807,0,14,323
2024-12-30,SKU-LIG-136,162,0,7,135
2024-12-30,SKU-LIG-137,110,126,7,158
2024-12-30,SKU-LIG-138,730,0,28,292
2024-12-30,SKU-LIG-139,3588,0,28,897
2024-12-30,SKU-LIG-140,111,127,14,159
2024-12-30,SKU-LIG-141,955,0,14,382
2024-12-30,SKU-LIG-142,100,268,14,336
2024-12-30,SKU-LIG-143,64,171,14,214
2024-12-30,SKU-LIG-144,765,0,28,306
2024-12-30,SKU-LIG-145,495,0,28,413
2024-12-30,SKU-LIG-146,1555,0,28,622
2024-12-30,SKU-LIG-147,892,0,28,357
2024-12-30,SKU-LIG-148,657,0,14,263
2024-12-30,SKU-LIG-149,858,0,28,715
2024-12-30,SKU-LIG-150,84,226,14,283
2024-12-30,SKU-LIG-151,81,218,28,273
2024-12-30,SKU-LIG-152,444,0,7,111
2024-12-30,SKU-LIG-153,154,176,14,220
2024-12-30,SKU-LIG-154,248,0,7,207
2024-12-30,SKU-LIG-155,596,0,14,149
2024-12-30,SKU-LIG-156,122,0,7,102
2024-12-30,SKU-LIG-157,386,0,21,322
2024-12-30,SKU-LIG-158,1957,0,28,783
2024-12-30,SKU-LIG-159,1620,0,28,648
2024-12-30,SKU-LIG-160,712,0,21,594
2024-12-30,SKU-SMA-161,345,0,21,288
2024-12-30,SKU-SMA-162,98,263,28,329
2024-12-30,SKU-SMA-163,362,0,21,302
2024-12-30,SKU-SMA-164,184,211,21,264
2024-12-30,SKU-SMA-165,537,0,14,215
2024-12-30,SKU-SMA-166,416,0,28,347
2024-12-30,SKU-SMA-167,730,0,28,292
2024-12-30,SKU-SMA-168,980,0,14,392
2024-12-30,SKU-SMA-169,195,520,28,651
2024-12-30,SKU-SMA-170,422,483,21,604
2024-12-30,SKU-SMA-171,457,522,21,653
2024-12-30,SKU-SMA-172,656,0,28,547
2024-12-30,SKU-SMA-173,510,0,21,425
2024-12-30,SKU-SMA-174,285,0,7,114
2024-12-30,SKU-SMA-175,313,0,14,261
2024-12-30,SKU-SMA-176,32,86,7,108
2024-12-30,SKU-SMA-177,1844,0,21,461
2024-12-30,SKU-SMA-178,682,0,14,273
2024-12-30,SKU-SMA-179,407,0,7,163
2024-12-30,SKU-SMA-180,254,679,28,849
2024-12-30,SKU-SMA-181,223,596,28,745
2024-12-30,SKU-SMA-182,1972,0,21,493
2024-12-30,SKU-SMA-183,93,107,14,134
2024-12-30,SKU-SMA-184,808,0,14,202
2024-12-30,SKU-SMA-185,880,0,14,352
2024-12-30,SKU-SMA-186,62,165,7,207
2024-12-30,SKU-SMA-187,193,0,7,161
2024-12-30,SKU-SMA-188,264,0,7,66
2024-12-30,SKU-SMA-189,535,612,28,765
2024-12-30,SKU-SMA-190,120,320,14,401
2024-12-30,SKU-SMA-191,111,127,7,159
2024-12-30,SKU-SMA-192,477,0,7,191
2024-12-30,SKU-SMA-193,193,221,21,277
2024-12-30,SKU-SMA-194,1800,0,21,450
2024-12-30,SKU-SMA-195,123,328,21,411
2024-12-30,SKU-SMA-196,230,263,21,329
2024-12-30,SKU-SMA-197,1105,0,28,921
2024-12-30,SKU-SMA-198,95,108,7,136
2024-12-30,SKU-SMA-199,997,0,14,399
2024-12-30,SKU-SMA-200,2257,0,28,903
2025-01-06,SKU-BED-001,269,719,28,899
2025-01-06,SKU-BED-002,256,293,14,367
2025-01-06,SKU-BED-003,482,0,7,193
2025-01-06,SKU-BED-004,253,289,28,362
2025-01-06,SKU-BED-005,414,0,21,345
2025-01-06,SKU-BED-006,576,0,21,480
2025-01-06,SKU-BED-007,262,700,28,876
2025-01-06,SKU-BED-008,191,510,28,638
2025-01-06,SKU-BED-009,1077,0,14,431
2025-01-06,SKU-BED-010,945,0,21,378
2025-01-06,SKU-BED-011,154,176,7,221
2025-01-06,SKU-BED-012,480,0,14,192
2025-01-06,SKU-BED-013,388,0,14,324
2025-01-06,SKU-BED-014,424,485,21,607
2025-01-06,SKU-BED-015,93,248,21,311
2025-01-06,SKU-BED-016,216,576,28,720
2025-01-06,SKU-BED-017,908,0,14,227
2025-01-06,SKU-BED-018,708,0,7,177
2025-01-06,SKU-BED-019,495,0,7,198
2025-01-06,SKU-BED-020,944,0,28,787
2025-01-06,SKU-BED-021,189,505,28,632
2025-01-06,SKU-BED-022,1116,0,28,279
2025-01-06,SKU-BED-023,319,365,21,457
2025-01-06,SKU-BED-024,208,556,28,696
2025-01-06,SKU-BED-025,66,178,21,223
2025-01-06,SKU-BED-026,206,549,28,687
2025-01-06,SKU-BED-027,234,0,21,195
2025-01-06,SKU-BED-028,480,0,21,400
2025-01-06,SKU-BED-029,2324,0,28,581
2025-01-06,SKU-BED-030,1084,0,14,271
2025-01-06,SKU-BED-031,1237,0,28,495
2025-01-06,SKU-BED-032,530,0,7,212
2025-01-06,SKU-BED-033,196,224,14,280
2025-01-06,SKU-BED-034,106,283,28,354
2025-01-06,SKU-BED-035,110,0,7,92
2025-01-06,SKU-BED-036,105,120,7,150
2025-01-06,SKU-BED-037,1376,0,14,344
2025-01-06,SKU-BED-038,664,0,7,166
2025-01-06,SKU-BED-039,195,521,21,652
2025-01-06,SKU-BED-040,540,617,28,772
2025-01-06,SKU-FUR-041,352,0,7,141
2025-01-06,SKU-FUR-042,2420,0,21,605
2025-01-06,SKU-FUR-043,648,0,7,162
2025-01-06,SKU-FUR-044,280,0,14,234
2025-01-06,SKU-FUR-045,832,0,14,208
2025-01-06,SKU-FUR-046,3520,0,28,880
2025-01-06,SKU-FUR-047,130,0,7,109
2025-01-06,SKU-FUR-048,692,0,14,277
2025-01-06,SKU-FUR-049,170,453,21,567
2025-01-06,SKU-FUR-050,632,0,7,158
2025-01-06,SKU-FUR-051,1312,0,21,525
2025-01-06,SKU-FUR-052,167,191,14,239
2025-01-06,SKU-FUR-053,1752,0,21,438
2025-01-06,SKU-FUR-054,468,0,7,117
2025-01-06,SKU-FUR-055,2316,0,28,579
2025-01-06,SKU-FUR-056,1960,0,28,490
2025-01-06,SKU-FUR-057,1700,0,28,425
2025-01-06,SKU-FUR-058,76,87,7,109
2025-01-06,SKU-FUR-059,407,0,7,163
2025-01-06,SKU-FUR-060,1011,0,28,843
2025-01-06,SKU-FUR-061,140,375,21,469
2025-01-06,SKU-FUR-062,718,0,28,599
2025-01-06,SKU-FUR-063,342,0,21,285
2025-01-06,SKU-FUR-064,1656,0,28,414
2025-01-06,SKU-FUR-065,157,0,7,131
2025-01-06,SKU-FUR-066,218,249,14,312
2025-01-06,SKU-FUR-067,289,330,28,413
2025-01-06,SKU-FUR-068,170,0,7,142
2025-01-06,SKU-FUR-069,1825,0,28,730
2025-01-06,SKU-FUR-070,82,220,14,276
2025-01-06,SKU-FUR-071,492,0,21,197
2025-01-06,SKU-FUR-072,67,179,14,224
2025-01-06,SKU-FUR-073,39,104,7,130
2025-01-06,SKU-FUR-074,412,0,7,103
2025-01-06,SKU-FUR-075,52,139,7,174
2025-01-06,SKU-FUR-076,1996,0,28,499
2025-01-06,SKU-FUR-077,186,0,7,155
2025-01-06,SKU-FUR-078,289,0,14,241
2025-01-06,SKU-FUR-079,1150,0,14,460
2025-01-06,SKU-FUR-080,434,496,28,621
2025-01-06,SKU-DEC-081,976,0,14,244
2025-01-06,SKU-DEC-082,166,0,7,139
2025-01-06,SKU-DEC-083,411,0,21,343
2025-01-06,SKU-DEC-084,762,0,21,305
2025-01-06,SKU-DEC-085,460,0,7,184
2025-01-06,SKU-DEC-086,81,92,7,116
2025-01-06,SKU-DEC-087,112,300,14,375
2025-01-06,SKU-DEC-088,1068,0,28,890
2025-01-06,SKU-DEC-089,375,428,21,536
2025-01-06,SKU-DEC-090,57,152,14,190
2025-01-06,SKU-DEC-091,673,0,21,561
2025-01-06,SKU-DEC-092,1312,0,21,328
2025-01-06,SKU-DEC-093,810,0,14,324
2025-01-06,SKU-DEC-094,2288,0,21,572
2025-01-06,SKU-DEC-095,1222,0,21,489
2025-01-06,SKU-DEC-096,136,364,14,455
2025-01-06,SKU-DEC-097,3244,0,28,811
2025-01-06,SKU-DEC-098,157,180,14,225
2025-01-06,SKU-DEC-099,1976,0,28,494
2025-01-06,SKU-DEC-100,33,90,7,113
2025-01-06,SKU-DEC-101,907,0,14,363
2025-01-06,SKU-DEC-102,1008,0,21,252
2025-01-06,SKU-DEC-103,1128,0,28,282
2025-01-06,SKU-DEC-104,43,115,14,144
2025-01-06,SKU-DEC-105,67,179,14,224
2025-01-06,SKU-DEC-106,464,531,21,664
2025-01-06,SKU-DEC-107,204,0,7,170
2025-01-06,SKU-DEC-108,1892,0,28,757
2025-01-06,SKU-DEC-109,48,128,14,160
2025-01-06,SKU-DEC-110,182,208,28,260
2025-01-06,SKU-DEC-111,310,354,28,443
2025-01-06,SKU-DEC-112,1144,0,14,286
2025-01-06,SKU-DEC-113,168,192,14,240
2025-01-06,SKU-DEC-114,315,360,14,450
2025-01-06,SKU-DEC-115,31,84,7,105
2025-01-06,SKU-DEC-116,997,0,28,831
2025-01-06,SKU-DEC-117,172,196,21,246
2025-01-06,SKU-DEC-118,354,0,28,295
2025-01-06,SKU-DEC-119,727,0,14,291
2025-01-06,SKU-DEC-120,111,127,7,159
2025-01-06,SKU-LIG-121,427,0,14,356
2025-01-06,SKU-LIG-122,52,140,14,176
2025-01-06,SKU-LIG-123,119,318,14,398
2025-01-06,SKU-LIG-124,66,177,7,222
2025-01-06,SKU-LIG-125,53,61,7,77
2025-01-06,SKU-LIG-126,219,251,21,314
2025-01-06,SKU-LIG-127,1880,0,21,470
2025-01-06,SKU-LIG-128,185,212,14,265
2025-01-06,SKU-LIG-129,391,0,14,326
2025-01-06,SKU-LIG-130,199,0,7,166
2025-01-06,SKU-LIG-131,463,0,14,386
2025-01-06,SKU-LIG-132,1267,0,28,507
2025-01-06,SKU-LIG-133,258,0,7,215
2025-01-06,SKU-LIG-134,101,270,21,338
2025-01-06,SKU-LIG-135,807,0,14,323
2025-01-06,SKU-LIG-136,1012,0,21,405
2025-01-06,SKU-LIG-137,2536,0,28,634
2025-01-06,SKU-LIG-138,65,175,21,219
2025-01-06,SKU-LIG-139,1792,0,14,448
2025-01-06,SKU-LIG-140,222,254,28,318
2025-01-06,SKU-LIG-141,267,305,14,382
2025-01-06,SKU-LIG-142,1344,0,14,336
2025-01-06,SKU-LIG-143,300,343,28,429
2025-01-06,SKU-LIG-144,612,0,14,153
2025-01-06,SKU-LIG-145,257,0,7,103
2025-01-06,SKU-LIG-146,140,373,21,467
2025-01-06,SKU-LIG-147,428,0,28,357
2025-01-06,SKU-LIG-148,315,0,14,263
2025-01-06,SKU-LIG-149,213,0,7,178
2025-01-06,SKU-LIG-150,1700,0,21,425
2025-01-06,SKU-LIG-151,95,108,14,136
2025-01-06,SKU-LIG-152,266,0,14,222
2025-01-06,SKU-LIG-153,132,352,28,441
2025-01-06,SKU-LIG-154,435,497,21,622
2025-01-06,SKU-LIG-155,51,59,7,74
2025-01-06,SKU-LIG-156,489,0,28,408
2025-01-06,SKU-LIG-157,64,171,14,214
2025-01-06,SKU-LIG-158,2348,0,21,587
2025-01-06,SKU-LIG-159,145,388,21,486
2025-01-06,SKU-LIG-160,138,158,7,198
2025-01-06,SKU-SMA-161,480,0,14,192
2025-01-06,SKU-SMA-162,230,263,28,329
2025-01-06,SKU-SMA-163,362,0,21,302
2025-01-06,SKU-SMA-164,880,0,28,352
2025-01-06,SKU-SMA-165,428,0,7,107
2025-01-06,SKU-SMA-166,312,0,21,260
2025-01-06,SKU-SMA-167,175,0,14,146
2025-01-06,SKU-SMA-168,411,470,21,588
2025-01-06,SKU-SMA-169,455,520,28,651
2025-01-06,SKU-SMA-170,422,483,21,604
2025-01-06,SKU-SMA-171,304,348,14,435
2025-01-06,SKU-SMA-172,40,108,7,136
2025-01-06,SKU-SMA-173,1700,0,21,425
2025-01-06,SKU-SMA-174,136,364,28,456
2025-01-06,SKU-SMA-175,182,208,14,261
2025-01-06,SKU-SMA-176,65,173,14,217
2025-01-06,SKU-SMA-177,1535,0,28,614
2025-01-06,SKU-SMA-178,1022,0,21,409
2025-01-06,SKU-SMA-179,1225,0,21,490
2025-01-06,SKU-SMA-180,1060,0,14,424
2025-01-06,SKU-SMA-181,2236,0,21,559
2025-01-06,SKU-SMA-182,820,0,14,328
2025-01-06,SKU-SMA-183,80,215,28,269
2025-01-06,SKU-SMA-184,1216,0,21,304
2025-01-06,SKU-SMA-185,2820,0,28,705
2025-01-06,SKU-SMA-186,1555,0,21,622
2025-01-06,SKU-SMA-187,1210,0,21,484
2025-01-06,SKU-SMA-188,238,0,21,199
2025-01-06,SKU-SMA-189,267,305,14,382
2025-01-06,SKU-SMA-190,240,642,28,803
2025-01-06,SKU-SMA-191,797,0,14,319
2025-01-06,SKU-SMA-192,3056,0,28,764
2025-01-06,SKU-SMA-193,922,0,28,369
2025-01-06,SKU-SMA-194,600,0,7,150
2025-01-06,SKU-SMA-195,95,109,7,137
2025-01-06,SKU-SMA-196,130,0,7,109
2025-01-06,SKU-SMA-197,1150,0,14,460
2025-01-06,SKU-SMA-198,2176,0,28,544
2025-01-06,SKU-SMA-199,1997,0,28,799
2025-01-06,SKU-SMA-200,3612,0,28,903
2025-01-13,SKU-BED-001,896,0,7,224
2025-01-13,SKU-BED-002,1835,0,28,734
2025-01-13,SKU-BED-003,464,0,14,387
2025-01-13,SKU-BED-004,452,0,14,181
2025-01-13,SKU-BED-005,34,92,7,115
2025-01-13,SKU-BED-006,800,0,14,320
2025-01-13,SKU-BED-007,1051,0,28,876
2025-01-13,SKU-BED-008,1276,0,14,319
2025-01-13,SKU-BED-009,64,172,7,215
2025-01-13,SKU-BED-010,151,403,28,504
2025-01-13,SKU-BED-011,1657,0,21,663
2025-01-13,SKU-BED-012,384,0,7,96
2025-01-13,SKU-BED-013,1622,0,28,649
2025-01-13,SKU-BED-014,567,648,28,810
2025-01-13,SKU-BED-015,777,0,21,311
2025-01-13,SKU-BED-016,503,576,28,720
2025-01-13,SKU-BED-017,135,0,7,113
2025-01-13,SKU-BED-018,159,426,21,533
2025-01-13,SKU-BED-019,951,0,28,793
2025-01-13,SKU-BED-020,784,0,7,196
2025-01-13,SKU-BED-021,1264,0,14,316
2025-01-13,SKU-BED-022,347,0,14,139
2025-01-13,SKU-BED-023,608,0,7,152
2025-01-13,SKU-BED-024,1740,0,28,696
2025-01-13,SKU-BED-025,22,59,7,74
2025-01-13,SKU-BED-026,119,136,7,171
2025-01-13,SKU-BED-027,260,0,7,65
2025-01-13,SKU-BED-028,120,320,21,400
2025-01-13,SKU-BED-029,1090,0,21,436
2025-01-13,SKU-BED-030,1628,0,21,407
2025-01-13,SKU-BED-031,617,0,14,247
2025-01-13,SKU-BED-032,254,0,7,212
2025-01-13,SKU-BED-033,1680,0,21,420
2025-01-13,SKU-BED-034,1064,0,21,266
2025-01-13,SKU-BED-035,1480,0,28,370
2025-01-13,SKU-BED-036,600,0,7,150
2025-01-13,SKU-BED-037,240,275,14,344
2025-01-13,SKU-BED-038,1328,0,14,332
2025-01-13,SKU-BED-039,520,0,14,434
2025-01-13,SKU-BED-040,115,308,14,386
2025-01-13,SKU-FUR-041,169,0,7,141
2025-01-13,SKU-FUR-042,726,0,21,605
2025-01-13,SKU-FUR-043,227,260,14,325
2025-01-13,SKU-FUR-044,936,0,14,234
2025-01-13,SKU-FUR-045,124,332,28,416
2025-01-13,SKU-FUR-046,308,352,14,440
2025-01-13,SKU-FUR-047,307,351,28,439
2025-01-13,SKU-FUR-048,664,0,28,554
2025-01-13,SKU-FUR-049,396,453,21,567
2025-01-13,SKU-FUR-050,792,0,14,317
2025-01-13,SKU-FUR-051,105,280,14,350
2025-01-13,SKU-FUR-052,35,95,7,119
2025-01-13,SKU-FUR-053,175,0,7,146
2025-01-13,SKU-FUR-054,246,281,21,352
2025-01-13,SKU-FUR-055,1085,0,21,434
2025-01-13,SKU-FUR-056,171,196,14,245
2025-01-13,SKU-FUR-057,1062,0,28,425
2025-01-13,SKU-FUR-058,32,87,7,109
2025-01-13,SKU-FUR-059,97,260,14,326
2025-01-13,SKU-FUR-060,147,168,7,210
2025-01-13,SKU-FUR-061,1248,0,14,312
2025-01-13,SKU-FUR-062,314,359,21,449
2025-01-13,SKU-FUR-063,950,0,28,380
2025-01-13,SKU-FUR-064,412,0,7,103
2025-01-13,SKU-FUR-065,1312,0,28,525
2025-01-13,SKU-FUR-066,140,374,21,468
2025-01-13,SKU-FUR-067,495,0,28,413
2025-01-13,SKU-FUR-068,85,228,14,285
2025-01-13,SKU-FUR-069,127,145,7,182
2025-01-13,SKU-FUR-070,124,331,21,414
2025-01-13,SKU-FUR-071,492,0,21,197
2025-01-13,SKU-FUR-072,67,179,14,224
2025-01-13,SKU-FUR-073,91,104,7,130
2025-01-13,SKU-FUR-074,777,0,21,311
2025-01-13,SKU-FUR-075,488,558,28,698
2025-01-13,SKU-FUR-076,598,0,28,499
2025-01-13,SKU-FUR-077,186,0,7,155
2025-01-13,SKU-FUR-078,168,192,14,241
2025-01-13,SKU-FUR-079,829,0,21,691
2025-01-13,SKU-FUR-080,2484,0,28,621
2025-01-13,SKU-DEC-081,73,195,14,244
2025-01-13,SKU-DEC-082,166,0,7,139
2025-01-13,SKU-DEC-083,411,0,21,343
2025-01-13,SKU-DEC-084,366,0,21,305
2025-01-13,SKU-DEC-085,883,0,28,736
2025-01-13,SKU-DEC-086,464,0,7,116
2025-01-13,SKU-DEC-087,394,450,21,563
2025-01-13,SKU-DEC-088,467,534,21,668
2025-01-13,SKU-DEC-089,643,0,21,536
2025-01-13,SKU-DEC-090,1520,0,28,380
2025-01-13,SKU-DEC-091,1496,0,14,374
2025-01-13,SKU-DEC-092,229,262,21,328
2025-01-13,SKU-DEC-093,583,0,21,486
2025-01-13,SKU-DEC-094,686,0,21,572
2025-01-13,SKU-DEC-095,146,391,21,489
2025-01-13,SKU-DEC-096,68,181,7,227
2025-01-13,SKU-DEC-097,567,648,28,811
2025-01-13,SKU-DEC-098,541,0,28,451
2025-01-13,SKU-DEC-099,1480,0,21,370
2025-01-13,SKU-DEC-100,1364,0,21,341
2025-01-13,SKU-DEC-101,508,581,28,727
2025-01-13,SKU-DEC-102,50,134,14,168
2025-01-13,SKU-DEC-103,280,0,7,70
2025-01-13,SKU-DEC-104,21,57,7,72
2025-01-13,SKU-DEC-105,78,89,7,112
2025-01-13,SKU-DEC-106,265,0,7,221
2025-01-13,SKU-DEC-107,816,0,28,680
2025-01-13,SKU-DEC-108,113,302,14,378
2025-01-13,SKU-DEC-109,96,256,28,320
2025-01-13,SKU-DEC-110,78,0,7,65
2025-01-13,SKU-DEC-111,830,0,21,332
2025-01-13,SKU-DEC-112,2292,0,28,573
2025-01-13,SKU-DEC-113,288,0,14,240
2025-01-13,SKU-DEC-114,1800,0,14,450
2025-01-13,SKU-DEC-115,31,84,7,105
2025-01-13,SKU-DEC-116,249,664,28,831
2025-01-13,SKU-DEC-117,172,196,21,246
2025-01-13,SKU-DEC-118,884,0,21,221
2025-01-13,SKU-DEC-119,2328,0,28,582
2025-01-13,SKU-DEC-120,95,255,14,319
2025-01-13,SKU-LIG-121,1335,0,21,534
2025-01-13,SKU-LIG-122,220,0,7,88
2025-01-13,SKU-LIG-123,1492,0,21,597
2025-01-13,SKU-LIG-124,888,0,7,222
2025-01-13,SKU-LIG-125,370,0,28,309
2025-01-13,SKU-LIG-126,62,167,14,209
2025-01-13,SKU-LIG-127,782,0,14,313
2025-01-13,SKU-LIG-128,79,212,14,265
2025-01-13,SKU-LIG-129,1956,0,21,489
2025-01-13,SKU-LIG-130,600,0,21,500
2025-01-13,SKU-LIG-131,405,463,21,579
2025-01-13,SKU-LIG-132,456,0,21,380
2025-01-13,SKU-LIG-133,1724,0,14,431
2025-01-13,SKU-LIG-134,315,360,28,451
2025-01-13,SKU-LIG-135,112,128,7,161
2025-01-13,SKU-LIG-136,81,216,14,270
2025-01-13,SKU-LIG-137,380,0,14,317
2025-01-13,SKU-LIG-138,1168,0,28,292
2025-01-13,SKU-LIG-139,537,0,14,448
2025-01-13,SKU-LIG-140,286,0,21,239
2025-01-13,SKU-LIG-141,171,458,21,573
2025-01-13,SKU-LIG-142,420,0,7,168
2025-01-13,SKU-LIG-143,149,171,14,214
2025-01-13,SKU-LIG-144,1224,0,28,306
2025-01-13,SKU-LIG-145,495,0,28,413
2025-01-13,SKU-LIG-146,108,124,7,155
2025-01-13,SKU-LIG-147,667,0,21,267
2025-01-13,SKU-LIG-148,2104,0,28,526
2025-01-13,SKU-LIG-149,858,0,28,715
2025-01-13,SKU-LIG-150,1062,0,21,425
2025-01-13,SKU-LIG-151,95,108,14,136
2025-01-13,SKU-LIG-152,133,0,7,111
2025-01-13,SKU-LIG-153,33,88,7,110
2025-01-13,SKU-LIG-154,435,497,21,622
2025-01-13,SKU-LIG-155,178,0,14,149
2025-01-13,SKU-LIG-156,122,0,7,102
2025-01-13,SKU-LIG-157,856,0,14,214
2025-01-13,SKU-LIG-158,117,312,14,391
2025-01-13,SKU-LIG-159,388,0,14,324
2025-01-13,SKU-LIG-160,950,0,28,792
2025-01-13,SKU-SMA-161,134,153,14,192
2025-01-13,SKU-SMA-162,57,65,7,82
2025-01-13,SKU-SMA-163,60,160,14,201
2025-01-13,SKU-SMA-164,79,211,21,264
2025-01-13,SKU-SMA-165,32,85,7,107
2025-01-13,SKU-SMA-166,60,68,7,86
2025-01-13,SKU-SMA-167,730,0,28,292
2025-01-13,SKU-SMA-168,705,0,21,588
2025-01-13,SKU-SMA-169,648,0,7,162
2025-01-13,SKU-SMA-170,502,0,7,201
2025-01-13,SKU-SMA-171,457,522,21,653
2025-01-13,SKU-SMA-172,1640,0,21,410
2025-01-13,SKU-SMA-173,679,0,28,566
2025-01-13,SKU-SMA-174,102,273,21,342
2025-01-13,SKU-SMA-175,78,208,14,261
2025-01-13,SKU-SMA-176,868,0,14,217
2025-01-13,SKU-SMA-177,1152,0,21,461
2025-01-13,SKU-SMA-178,544,0,7,136
2025-01-13,SKU-SMA-179,1225,0,21,490
2025-01-13,SKU-SMA-180,191,509,21,637
2025-01-13,SKU-SMA-181,1397,0,21,559
2025-01-13,SKU-SMA-182,2628,0,28,657
2025-01-13,SKU-SMA-183,505,0,21,202
2025-01-13,SKU-SMA-184,252,0,7,101
2025-01-13,SKU-SMA-185,633,0,21,528
2025-01-13,SKU-SMA-186,435,497,21,622
2025-01-13,SKU-SMA-187,112,128,7,161
2025-01-13,SKU-SMA-188,79,212,28,265
2025-01-13,SKU-SMA-189,2296,0,21,574
2025-01-13,SKU-SMA-190,722,0,21,602
2025-01-13,SKU-SMA-191,397,0,7,159
2025-01-13,SKU-SMA-192,1432,0,21,573
2025-01-13,SKU-SMA-193,55,147,14,184
2025-01-13,SKU-SMA-194,90,240,14,300
2025-01-13,SKU-SMA-195,287,328,21,411
2025-01-13,SKU-SMA-196,32,87,7,109
2025-01-13,SKU-SMA-197,3684,0,28,921
2025-01-13,SKU-SMA-198,95,108,7,136
2025-01-13,SKU-SMA-199,119,319,14,399
2025-01-13,SKU-SMA-200,562,0,7,225
2025-01-20,SKU-BED-001,1685,0,21,674
2025-01-20,SKU-BED-002,385,440,21,551
2025-01-20,SKU-BED-003,1935,0,28,774
2025-01-20,SKU-BED-004,1448,0,28,362
2025-01-20,SKU-BED-005,1380,0,21,345
2025-01-20,SKU-BED-006,800,0,14,320
2025-01-20,SKU-BED-007,197,525,21,657
2025-01-20,SKU-BED-008,382,0,14,319
2025-01-20,SKU-BED-009,517,0,14,431
2025-01-20,SKU-BED-010,2016,0,28,504
2025-01-20,SKU-BED-011,265,0,7,221
2025-01-20,SKU-BED-012,57,153,14,192
2025-01-20,SKU-BED-013,810,0,14,324
2025-01-20,SKU-BED-014,60,161,7,202
2025-01-20,SKU-BED-015,62,165,14,207
2025-01-20,SKU-BED-016,216,0,7,180
2025-01-20,SKU-BED-017,544,0,28,454
2025-01-20,SKU-BED-018,426,0,14,355
2025-01-20,SKU-BED-019,59,158,7,198
2025-01-20,SKU-BED-020,413,472,21,590
2025-01-20,SKU-BED-021,47,126,7,158
2025-01-20,SKU-BED-022,146,167,21,209
2025-01-20,SKU-BED-023,91,244,14,305
2025-01-20,SKU-BED-024,696,0,7,174
2025-01-20,SKU-BED-025,22,59,7,74
2025-01-20,SKU-BED-026,1717,0,28,687
2025-01-20,SKU-BED-027,162,0,7,65
2025-01-20,SKU-BED-028,159,0,7,133
2025-01-20,SKU-BED-029,406,464,28,581
2025-01-20,SKU-BED-030,40,108,7,135
2025-01-20,SKU-BED-031,172,197,14,247
2025-01-20,SKU-BED-032,765,0,21,638
2025-01-20,SKU-BED-033,560,0,7,140
2025-01-20,SKU-BED-034,79,212,21,266
2025-01-20,SKU-BED-035,462,0,14,185
2025-01-20,SKU-BED-036,1127,0,21,451
2025-01-20,SKU-BED-037,412,0,14,344
2025-01-20,SKU-BED-038,349,399,21,499
2025-01-20,SKU-BED-039,130,347,14,434
2025-01-20,SKU-BED-040,3088,0,28,772
2025-01-20,SKU-FUR-041,169,0,7,141
2025-01-20,SKU-FUR-042,1512,0,21,605
2025-01-20,SKU-FUR-043,97,260,14,325
2025-01-20,SKU-FUR-044,421,0,21,351
2025-01-20,SKU-FUR-045,249,0,14,208
2025-01-20,SKU-FUR-046,1760,0,14,440
2025-01-20,SKU-FUR-047,131,351,28,439
2025-01-20,SKU-FUR-048,345,0,7,138
2025-01-20,SKU-FUR-049,170,453,21,567
2025-01-20,SKU-FUR-050,142,380,21,476
2025-01-20,SKU-FUR-051,157,420,21,525
2025-01-20,SKU-FUR-052,297,0,7,119
2025-01-20,SKU-FUR-053,1460,0,28,584
2025-01-20,SKU-FUR-054,246,281,21,352
2025-01-20,SKU-FUR-055,202,231,14,289
2025-01-20,SKU-FUR-056,488,0,7,122
2025-01-20,SKU-FUR-057,254,0,14,212
2025-01-20,SKU-FUR-058,76,87,7,109
2025-01-20,SKU-FUR-059,228,260,14,326
2025-01-20,SKU-FUR-060,126,336,14,421
2025-01-20,SKU-FUR-061,328,375,21,469
2025-01-20,SKU-FUR-062,596,0,7,149
2025-01-20,SKU-FUR-063,28,76,7,95
2025-01-20,SKU-FUR-064,289,331,28,414
2025-01-20,SKU-FUR-065,982,0,21,393
2025-01-20,SKU-FUR-066,390,0,7,156
2025-01-20,SKU-FUR-067,123,0,7,103
2025-01-20,SKU-FUR-068,170,0,7,142
2025-01-20,SKU-FUR-069,656,0,21,547
2025-01-20,SKU-FUR-070,552,0,7,138
2025-01-20,SKU-FUR-071,524,0,14,131
2025-01-20,SKU-FUR-072,404,0,21,337
2025-01-20,SKU-FUR-073,274,313,21,392
2025-01-20,SKU-FUR-074,373,0,21,311
2025-01-20,SKU-FUR-075,244,279,14,349
2025-01-20,SKU-FUR-076,149,399,28,499
2025-01-20,SKU-FUR-077,108,124,7,155
2025-01-20,SKU-FUR-078,964,0,14,241
2025-01-20,SKU-FUR-079,920,0,7,230
2025-01-20,SKU-FUR-080,139,372,21,466
2025-01-20,SKU-DEC-081,439,0,21,366
2025-01-20,SKU-DEC-082,1112,0,14,278
2025-01-20,SKU-DEC-083,411,0,21,343
2025-01-20,SKU-DEC-084,284,324,28,406
2025-01-20,SKU-DEC-085,1840,0,28,736
2025-01-20,SKU-DEC-086,1392,0,21,348
2025-01-20,SKU-DEC-087,1500,0,14,375
2025-01-20,SKU-DEC-088,1780,0,14,445
2025-01-20,SKU-DEC-089,428,0,14,357
2025-01-20,SKU-DEC-090,1140,0,21,285
2025-01-20,SKU-DEC-091,935,0,14,374
2025-01-20,SKU-DEC-092,76,87,7,109
2025-01-20,SKU-DEC-093,194,0,7,162
2025-01-20,SKU-DEC-094,1905,0,28,762
2025-01-20,SKU-DEC-095,195,522,28,653
2025-01-20,SKU-DEC-096,819,0,21,683
2025-01-20,SKU-DEC-097,1012,0,14,405
2025-01-20,SKU-DEC-098,236,270,21,338
2025-01-20,SKU-DEC-099,86,98,7,123
2025-01-20,SKU-DEC-100,546,0,28,455
2025-01-20,SKU-DEC-101,508,581,28,727
2025-01-20,SKU-DEC-102,404,0,28,337
2025-01-20,SKU-DEC-103,280,0,7,70
2025-01-20,SKU-DEC-104,21,57,7,72
2025-01-20,SKU-DEC-105,1792,0,28,448
2025-01-20,SKU-DEC-106,620,708,28,886
2025-01-20,SKU-DEC-107,816,0,28,680
2025-01-20,SKU-DEC-108,397,454,21,568
2025-01-20,SKU-DEC-109,56,64,7,80
2025-01-20,SKU-DEC-110,520,0,14,130
2025-01-20,SKU-DEC-111,154,176,14,221
2025-01-20,SKU-DEC-112,357,0,7,143
2025-01-20,SKU-DEC-113,168,192,14,240
2025-01-20,SKU-DEC-114,2250,0,28,900
2025-01-20,SKU-DEC-115,790,0,21,316
2025-01-20,SKU-DEC-116,186,498,21,623
2025-01-20,SKU-DEC-117,172,196,21,246
2025-01-20,SKU-DEC-118,367,0,14,147
2025-01-20,SKU-DEC-119,1164,0,14,291
2025-01-20,SKU-DEC-120,1597,0,28,639
2025-01-20,SKU-LIG-121,855,0,28,713
2025-01-20,SKU-LIG-122,662,0,21,265
2025-01-20,SKU-LIG-123,238,0,7,199
2025-01-20,SKU-LIG-124,2668,0,21,667
2025-01-20,SKU-LIG-125,370,0,28,309
2025-01-20,SKU-LIG-126,501,0,28,418
2025-01-20,SKU-LIG-127,329,376,21,470
2025-01-20,SKU-LIG-128,637,0,28,531
2025-01-20,SKU-LIG-129,1304,0,14,326
2025-01-20,SKU-LIG-130,150,400,21,500
2025-01-20,SKU-LIG-131,541,618,28,773
2025-01-20,SKU-LIG-132,37,100,7,126
2025-01-20,SKU-LIG-133,603,689,28,862
2025-01-20,SKU-LIG-134,236,270,21,338
2025-01-20,SKU-LIG-135,582,0,21,485
2025-01-20,SKU-LIG-136,121,324,21,405
2025-01-20,SKU-LIG-137,570,0,21,475
2025-01-20,SKU-LIG-138,43,116,14,146
2025-01-20,SKU-LIG-139,2242,0,28,897
2025-01-20,SKU-LIG-140,1272,0,28,318
2025-01-20,SKU-LIG-141,1528,0,14,382
2025-01-20,SKU-LIG-142,806,0,28,672
2025-01-20,SKU-LIG-143,1716,0,28,429
2025-01-20,SKU-LIG-144,91,0,7,76
2025-01-20,SKU-LIG-145,144,164,14,206
2025-01-20,SKU-LIG-146,46,124,7,155
2025-01-20,SKU-LIG-147,892,0,28,357
2025-01-20,SKU-LIG-148,2104,0,28,526
2025-01-20,SKU-LIG-149,1428,0,14,357
2025-01-20,SKU-LIG-150,1062,0,21,425
2025-01-20,SKU-LIG-151,544,0,14,136
2025-01-20,SKU-LIG-152,133,0,7,111
2025-01-20,SKU-LIG-153,77,88,7,110
2025-01-20,SKU-LIG-154,144,165,7,207
2025-01-20,SKU-LIG-155,44,119,14,149
2025-01-20,SKU-LIG-156,122,0,7,102
2025-01-20,SKU-LIG-157,1288,0,21,322
2025-01-20,SKU-LIG-158,469,0,14,391
2025-01-20,SKU-LIG-159,145,388,21,486
2025-01-20,SKU-LIG-160,2376,0,21,594
2025-01-20,SKU-SMA-161,201,230,21,288
2025-01-20,SKU-SMA-162,656,0,14,164
2025-01-20,SKU-SMA-163,502,0,14,201
2025-01-20,SKU-SMA-164,422,0,28,352
2025-01-20,SKU-SMA-165,258,0,14,215
2025-01-20,SKU-SMA-166,867,0,28,347
2025-01-20,SKU-SMA-167,730,0,28,292
2025-01-20,SKU-SMA-168,1568,0,14,392
2025-01-20,SKU-SMA-169,812,0,14,325
2025-01-20,SKU-SMA-170,1510,0,21,604
2025-01-20,SKU-SMA-171,3484,0,28,871
2025-01-20,SKU-SMA-172,287,328,21,410
2025-01-20,SKU-SMA-173,1700,0,21,425
2025-01-20,SKU-SMA-174,68,182,14,228
2025-01-20,SKU-SMA-175,325,0,7,130
2025-01-20,SKU-SMA-176,1085,0,28,434
2025-01-20,SKU-SMA-177,767,0,14,307
2025-01-20,SKU-SMA-178,191,218,14,273
2025-01-20,SKU-SMA-179,1632,0,28,653
2025-01-20,SKU-SMA-180,764,0,21,637
2025-01-20,SKU-SMA-181,223,596,28,745
2025-01-20,SKU-SMA-182,1312,0,14,328
2025-01-20,SKU-SMA-183,242,0,21,202
2025-01-20,SKU-SMA-184,1216,0,21,304
2025-01-20,SKU-SMA-185,633,0,21,528
2025-01-20,SKU-SMA-186,186,497,21,622
2025-01-20,SKU-SMA-187,145,387,21,484
2025-01-20,SKU-SMA-188,158,0,14,132
2025-01-20,SKU-SMA-189,133,152,7,191
2025-01-20,SKU-SMA-190,722,0,21,602
2025-01-20,SKU-SMA-191,191,511,28,639
2025-01-20,SKU-SMA-192,114,305,14,382
2025-01-20,SKU-SMA-193,368,0,7,92
2025-01-20,SKU-SMA-194,600,0,7,150
2025-01-20,SKU-SMA-195,164,439,28,549
2025-01-20,SKU-SMA-196,822,0,21,329
2025-01-20,SKU-SMA-197,3684,0,28,921
2025-01-20,SKU-SMA-198,163,435,28,544
2025-01-20,SKU-SMA-199,478,0,14,399
2025-01-20,SKU-SMA-200,1804,0,14,451
2025-01-27,SKU-BED-001,1078,0,28,899
2025-01-27,SKU-BED-002,2204,0,21,551
2025-01-27,SKU-BED-003,464,0,14,387
2025-01-27,SKU-BED-004,434,0,28,362
2025-01-27,SKU-BED-005,103,276,21,345
2025-01-27,SKU-BED-006,576,0,21,480
2025-01-27,SKU-BED-007,525,0,14,438
2025-01-27,SKU-BED-008,2552,0,28,638
2025-01-27,SKU-BED-009,301,344,14,431
2025-01-27,SKU-BED-010,151,0,7,126
2025-01-27,SKU-BED-011,884,0,7,221
2025-01-27,SKU-BED-012,115,0,7,96
2025-01-27,SKU-BED-013,113,129,7,162
2025-01-27,SKU-BED-014,243,648,28,810
2025-01-27,SKU-BED-015,412,0,7,103
2025-01-27,SKU-BED-016,1350,0,21,540
2025-01-27,SKU-BED-017,544,0,28,454
2025-01-27,SKU-BED-018,887,0,14,355
2025-01-27,SKU-BED-019,415,475,21,594
2025-01-27,SKU-BED-020,117,314,14,393
2025-01-27,SKU-BED-021,632,0,7,158
2025-01-27,SKU-BED-022,1116,0,28,279
2025-01-27,SKU-BED-023,427,488,28,610
2025-01-27,SKU-BED-024,156,417,21,522
2025-01-27,SKU-BED-025,156,178,21,223
2025-01-27,SKU-BED-026,240,274,14,343
2025-01-27,SKU-BED-027,39,104,14,130
2025-01-27,SKU-BED-028,1600,0,21,400
2025-01-27,SKU-BED-029,1744,0,21,436
2025-01-27,SKU-BED-030,1017,0,21,407
2025-01-27,SKU-BED-031,346,396,28,495
2025-01-27,SKU-BED-032,63,169,7,212
2025-01-27,SKU-BED-033,1680,0,21,420
2025-01-27,SKU-BED-034,53,141,14,177
2025-01-27,SKU-BED-035,111,296,28,370
2025-01-27,SKU-BED-036,1804,0,21,451
2025-01-27,SKU-BED-037,240,275,14,344
2025-01-27,SKU-BED-038,1662,0,28,665
2025-01-27,SKU-BED-039,65,173,7,217
2025-01-27,SKU-BED-040,965,0,14,386
2025-01-27,SKU-FUR-041,197,225,14,282
2025-01-27,SKU-FUR-042,804,0,7,201
2025-01-27,SKU-FUR-043,113,129,7,162
2025-01-27,SKU-FUR-044,1170,0,28,468
2025-01-27,SKU-FUR-045,1248,0,21,312
2025-01-27,SKU-FUR-046,550,0,7,220
2025-01-27,SKU-FUR-047,153,175,14,219
2025-01-27,SKU-FUR-048,332,0,14,277
2025-01-27,SKU-FUR-049,132,151,7,189
2025-01-27,SKU-FUR-050,221,253,14,317
2025-01-27,SKU-FUR-051,420,0,14,350
2025-01-27,SKU-FUR-052,476,0,7,119
2025-01-27,SKU-FUR-053,700,0,28,584
2025-01-27,SKU-FUR-054,880,0,21,352
2025-01-27,SKU-FUR-055,405,463,28,579
2025-01-27,SKU-FUR-056,980,0,14,245
2025-01-27,SKU-FUR-057,424,0,7,106
2025-01-27,SKU-FUR-058,394,0,21,329
2025-01-27,SKU-FUR-059,1304,0,14,326
2025-01-27,SKU-FUR-060,126,336,14,421
2025-01-27,SKU-FUR-061,187,500,28,625
2025-01-27,SKU-FUR-062,747,0,14,299
2025-01-27,SKU-FUR-063,85,228,21,285
2025-01-27,SKU-FUR-064,1035,0,28,414
2025-01-27,SKU-FUR-065,1312,0,28,525
2025-01-27,SKU-FUR-066,750,0,28,625
2025-01-27,SKU-FUR-067,1652,0,28,413
2025-01-27,SKU-FUR-068,99,113,7,142
2025-01-27,SKU-FUR-069,255,292,14,365
2025-01-27,SKU-FUR-070,165,0,7,138
2025-01-27,SKU-FUR-071,1052,0,28,263
2025-01-27,SKU-FUR-072,134,359,28,449
2025-01-27,SKU-FUR-073,78,208,14,261
2025-01-27,SKU-FUR-074,62,165,14,207
2025-01-27,SKU-FUR-075,104,279,14,349
2025-01-27,SKU-FUR-076,1996,0,28,499
2025-01-27,SKU-FUR-077,747,0,28,623
2025-01-27,SKU-FUR-078,1932,0,28,483
2025-01-27,SKU-FUR-079,644,736,28,921
2025-01-27,SKU-FUR-080,559,0,21,466
2025-01-27,SKU-DEC-081,1464,0,21,366
2025-01-27,SKU-DEC-082,97,111,7,139
2025-01-27,SKU-DEC-083,549,0,28,458
2025-01-27,SKU-DEC-084,1220,0,21,305
2025-01-27,SKU-DEC-085,110,294,14,368
2025-01-27,SKU-DEC-086,243,278,21,348
2025-01-27,SKU-DEC-087,225,600,28,751
2025-01-27,SKU-DEC-088,623,712,28,890
2025-01-27,SKU-DEC-089,107,285,14,357
2025-01-27,SKU-DEC-090,712,0,21,285
2025-01-27,SKU-DEC-091,2244,0,21,561
2025-01-27,SKU-DEC-092,130,0,7,109
2025-01-27,SKU-DEC-093,113,129,7,162
2025-01-27,SKU-DEC-094,228,0,7,190
2025-01-27,SKU-DEC-095,457,522,28,653
2025-01-27,SKU-DEC-096,567,0,7,227
2025-01-27,SKU-DEC-097,808,0,7,202
2025-01-27,SKU-DEC-098,78,89,7,112
2025-01-27,SKU-DEC-099,925,0,21,370
2025-01-27,SKU-DEC-100,567,0,14,227
2025-01-27,SKU-DEC-101,54,144,7,181
2025-01-27,SKU-DEC-102,1008,0,21,252
2025-01-27,SKU-DEC-103,84,0,7,70
2025-01-27,SKU-DEC-104,64,172,21,216
2025-01-27,SKU-DEC-105,268,0,14,224
2025-01-27,SKU-DEC-106,620,708,28,886
2025-01-27,SKU-DEC-107,2720,0,28,680
2025-01-27,SKU-DEC-108,397,454,21,568
2025-01-27,SKU-DEC-109,168,192,21,240
2025-01-27,SKU-DEC-110,78,208,28,260
2025-01-27,SKU-DEC-111,310,354,28,443
2025-01-27,SKU-DEC-112,171,458,28,573
2025-01-27,SKU-DEC-113,72,192,14,240
2025-01-27,SKU-DEC-114,3600,0,28,900
2025-01-27,SKU-DEC-115,252,0,14,210
2025-01-27,SKU-DEC-116,144,165,7,207
2025-01-27,SKU-DEC-117,656,0,14,164
2025-01-27,SKU-DEC-118,292,0,7,73
2025-01-27,SKU-DEC-119,727,0,14,291
2025-01-27,SKU-DEC-120,382,0,14,319
2025-01-27,SKU-LIG-121,373,427,21,534
2025-01-27,SKU-LIG-122,704,0,14,176
2025-01-27,SKU-LIG-123,139,159,7,199
2025-01-27,SKU-LIG-124,622,711,28,889
2025-01-27,SKU-LIG-125,308,0,7,77
2025-01-27,SKU-LIG-126,31,83,7,104
2025-01-27,SKU-LIG-127,1252,0,14,313
2025-01-27,SKU-LIG-128,662,0,14,265
2025-01-27,SKU-LIG-129,48,130,7,163
2025-01-27,SKU-LIG-130,800,0,28,667
2025-01-27,SKU-LIG-131,482,0,7,193
2025-01-27,SKU-LIG-132,75,202,14,253
2025-01-27,SKU-LIG-133,2155,0,28,862
2025-01-27,SKU-LIG-134,78,89,7,112
2025-01-27,SKU-LIG-135,48,128,7,161
2025-01-27,SKU-LIG-136,1620,0,21,405
2025-01-27,SKU-LIG-137,1268,0,14,317
2025-01-27,SKU-LIG-138,350,0,28,292
2025-01-27,SKU-LIG-139,2688,0,21,672
2025-01-27,SKU-LIG-140,71,191,21,239
2025-01-27,SKU-LIG-141,1528,0,14,382
2025-01-27,SKU-LIG-142,420,0,7,168
2025-01-27,SKU-LIG-143,256,0,14,214
2025-01-27,SKU-LIG-144,190,0,7,76
2025-01-27,SKU-LIG-145,30,82,7,103
2025-01-27,SKU-LIG-146,186,497,28,622
2025-01-27,SKU-LIG-147,320,0,21,267
2025-01-27,SKU-LIG-148,368,420,28,526
2025-01-27,SKU-LIG-149,1428,0,14,357
2025-01-27,SKU-LIG-150,170,453,28,567
2025-01-27,SKU-LIG-151,1092,0,28,273
2025-01-27,SKU-LIG-152,835,0,21,334
2025-01-27,SKU-LIG-153,880,0,14,220
2025-01-27,SKU-LIG-154,62,165,7,207
2025-01-27,SKU-LIG-155,358,0,28,299
2025-01-27,SKU-LIG-156,61,163,14,204
2025-01-27,SKU-LIG-157,428,0,7,107
2025-01-27,SKU-LIG-158,1957,0,28,783
2025-01-27,SKU-LIG-159,1944,0,21,486
2025-01-27,SKU-LIG-160,792,0,7,198
2025-01-27,SKU-SMA-161,768,0,14,192
2025-01-27,SKU-SMA-162,98,263,28,329
2025-01-27,SKU-SMA-163,241,0,14,201
2025-01-27,SKU-SMA-164,61,70,7,88
2025-01-27,SKU-SMA-165,267,0,7,107
2025-01-27,SKU-SMA-166,215,0,7,86
2025-01-27,SKU-SMA-167,43,116,14,146
2025-01-27,SKU-SMA-168,411,470,21,588
2025-01-27,SKU-SMA-169,405,0,7,162
2025-01-27,SKU-SMA-170,563,644,28,805
2025-01-27,SKU-SMA-171,261,696,28,871
2025-01-27,SKU-SMA-172,40,108,7,136
2025-01-27,SKU-SMA-173,707,0,14,283
2025-01-27,SKU-SMA-174,456,0,7,114
2025-01-27,SKU-SMA-175,626,0,28,522
2025-01-27,SKU-SMA-176,270,0,7,108
2025-01-27,SKU-SMA-177,612,0,7,153
2025-01-27,SKU-SMA-178,40,108,7,136
2025-01-27,SKU-SMA-179,815,0,14,326
2025-01-27,SKU-SMA-180,2548,0,21,637
2025-01-27,SKU-SMA-181,1862,0,28,745
2025-01-27,SKU-SMA-182,147,394,21,493
2025-01-27,SKU-SMA-183,536,0,14,134
2025-01-27,SKU-SMA-184,141,161,14,202
2025-01-27,SKU-SMA-185,1762,0,28,705
2025-01-27,SKU-SMA-186,2488,0,21,622
2025-01-27,SKU-SMA-187,193,0,7,161
2025-01-27,SKU-SMA-188,497,0,21,199
2025-01-27,SKU-SMA-189,477,0,7,191
2025-01-27,SKU-SMA-190,2408,0,21,602
2025-01-27,SKU-SMA-191,766,0,28,639
2025-01-27,SKU-SMA-192,1910,0,28,764
2025-01-27,SKU-SMA-193,332,0,21,277
2025-01-27,SKU-SMA-194,375,0,7,150
2025-01-27,SKU-SMA-195,164,439,28,549
2025-01-27,SKU-SMA-196,547,0,14,219
2025-01-27,SKU-SMA-197,1840,0,14,460
2025-01-27,SKU-SMA-198,163,435,28,544
2025-01-27,SKU-SMA-199,1997,0,28,799
2025-01-27,SKU-SMA-200,900,0,7,225
2025-02-03,SKU-BED-001,2696,0,21,674
2025-02-03,SKU-BED-002,457,0,7,183
2025-02-03,SKU-BED-003,482,0,7,193
2025-02-03,SKU-BED-004,724,0,14,181
2025-02-03,SKU-BED-005,1380,0,21,345
2025-02-03,SKU-BED-006,96,256,14,320
2025-02-03,SKU-BED-007,65,175,7,219
2025-02-03,SKU-BED-008,382,0,14,319
2025-02-03,SKU-BED-009,3448,0,28,862
2025-02-03,SKU-BED-010,75,201,14,252
2025-02-03,SKU-BED-011,464,530,21,663
2025-02-03,SKU-BED-012,384,0,7,96
2025-02-03,SKU-BED-013,388,0,14,324
2025-02-03,SKU-BED-014,1620,0,14,405
2025-02-03,SKU-BED-015,1660,0,28,415
2025-02-03,SKU-BED-016,162,432,21,540
2025-02-03,SKU-BED-017,33,90,7,113
2025-02-03,SKU-BED-018,639,0,21,533
2025-02-03,SKU-BED-019,237,0,7,198
2025-02-03,SKU-BED-020,58,156,7,196
2025-02-03,SKU-BED-021,758,0,28,632
2025-02-03,SKU-BED-022,697,0,28,279
2025-02-03,SKU-BED-023,1142,0,21,457
2025-02-03,SKU-BED-024,2784,0,28,696
2025-02-03,SKU-BED-025,892,0,21,223
2025-02-03,SKU-BED-026,206,549,28,687
2025-02-03,SKU-BED-027,650,0,28,260
2025-02-03,SKU-BED-028,160,427,28,534
2025-02-03,SKU-BED-029,305,348,21,436
2025-02-03,SKU-BED-030,1357,0,28,543
2025-02-03,SKU-BED-031,1980,0,28,495
2025-02-03,SKU-BED-032,297,340,14,425
2025-02-03,SKU-BED-033,168,448,28,560
2025-02-03,SKU-BED-034,212,0,14,177
2025-02-03,SKU-BED-035,740,0,14,185
2025-02-03,SKU-BED-036,105,120,7,150
2025-02-03,SKU-BED-037,688,0,7,172
2025-02-03,SKU-BED-038,99,265,14,332
2025-02-03,SKU-BED-039,1042,0,28,869
2025-02-03,SKU-BED-040,231,0,7,193
2025-02-03,SKU-FUR-041,42,112,7,141
2025-02-03,SKU-FUR-042,1007,0,14,403
2025-02-03,SKU-FUR-043,1300,0,14,325
2025-02-03,SKU-FUR-044,936,0,14,234
2025-02-03,SKU-FUR-045,780,0,21,312
2025-02-03,SKU-FUR-046,264,704,28,880
2025-02-03,SKU-FUR-047,1756,0,28,439
2025-02-03,SKU-FUR-048,165,0,7,138
2025-02-03,SKU-FUR-049,226,604,28,756
2025-02-03,SKU-FUR-050,95,253,14,317
2025-02-03,SKU-FUR-051,367,420,21,525
2025-02-03,SKU-FUR-052,143,382,28,478
2025-02-03,SKU-FUR-053,730,0,14,292
2025-02-03,SKU-FUR-054,880,0,21,352
2025-02-03,SKU-FUR-055,173,463,28,579
2025-02-03,SKU-FUR-056,1468,0,21,367
2025-02-03,SKU-FUR-057,223,255,21,319
2025-02-03,SKU-FUR-058,262,0,14,219
2025-02-03,SKU-FUR-059,195,0,7,163
2025-02-03,SKU-FUR-060,1580,0,21,632
2025-02-03,SKU-FUR-061,780,0,14,312
2025-02-03,SKU-FUR-062,1196,0,14,299
2025-02-03,SKU-FUR-063,950,0,28,380
2025-02-03,SKU-FUR-064,828,0,14,207
2025-02-03,SKU-FUR-065,314,0,14,262
2025-02-03,SKU-FUR-066,1562,0,28,625
2025-02-03,SKU-FUR-067,30,82,7,103
2025-02-03,SKU-FUR-068,128,342,21,428
2025-02-03,SKU-FUR-069,54,145,7,182
2025-02-03,SKU-FUR-070,2212,0,28,553
2025-02-03,SKU-FUR-071,78,0,7,65
2025-02-03,SKU-FUR-072,842,0,21,337
2025-02-03,SKU-FUR-073,91,104,7,130
2025-02-03,SKU-FUR-074,72,82,7,103
2025-02-03,SKU-FUR-075,435,0,7,174
2025-02-03,SKU-FUR-076,1247,0,28,499
2025-02-03,SKU-FUR-077,140,373,21,467
2025-02-03,SKU-FUR-078,253,289,21,362
2025-02-03,SKU-FUR-079,1840,0,14,460
2025-02-03,SKU-FUR-080,93,248,14,310
2025-02-03,SKU-DEC-081,36,97,7,122
2025-02-03,SKU-DEC-082,500,0,21,417
2025-02-03,SKU-DEC-083,160,183,14,229
2025-02-03,SKU-DEC-084,142,162,14,203
2025-02-03,SKU-DEC-085,257,294,14,368
2025-02-03,SKU-DEC-086,556,0,28,464
2025-02-03,SKU-DEC-087,937,0,14,375
2025-02-03,SKU-DEC-088,200,534,21,668
2025-02-03,SKU-DEC-089,214,572,28,715
2025-02-03,SKU-DEC-090,456,0,28,380
2025-02-03,SKU-DEC-091,673,0,21,561
2025-02-03,SKU-DEC-092,1748,0,28,437
2025-02-03,SKU-DEC-093,1296,0,14,324
2025-02-03,SKU-DEC-094,686,0,21,572
2025-02-03,SKU-DEC-095,1304,0,14,326
2025-02-03,SKU-DEC-096,1092,0,28,910
2025-02-03,SKU-DEC-097,1012,0,14,405
2025-02-03,SKU-DEC-098,157,180,14,225
2025-02-03,SKU-DEC-099,86,98,7,123
2025-02-03,SKU-DEC-100,567,0,14,227
2025-02-03,SKU-DEC-101,724,0,7,181
2025-02-03,SKU-DEC-102,117,134,14,168
2025-02-03,SKU-DEC-103,84,0,7,70
2025-02-03,SKU-DEC-104,64,172,21,216
2025-02-03,SKU-DEC-105,1344,0,21,336
2025-02-03,SKU-DEC-106,265,708,28,886
2025-02-03,SKU-DEC-107,1275,0,21,510
2025-02-03,SKU-DEC-108,908,0,28,757
2025-02-03,SKU-DEC-109,960,0,21,240
2025-02-03,SKU-DEC-110,780,0,21,195
2025-02-03,SKU-DEC-111,1772,0,28,443
2025-02-03,SKU-DEC-112,572,0,7,143
2025-02-03,SKU-DEC-113,480,0,7,120
2025-02-03,SKU-DEC-114,540,0,14,450
2025-02-03,SKU-DEC-115,31,84,7,105
2025-02-03,SKU-DEC-116,581,664,28,831
2025-02-03,SKU-DEC-117,172,196,21,246
2025-02-03,SKU-DEC-118,87,0,7,73
2025-02-03,SKU-DEC-119,174,465,28,582
2025-02-03,SKU-DEC-120,1276,0,14,319
2025-02-03,SKU-LIG-121,445,0,7,178
2025-02-03,SKU-LIG-122,1412,0,28,353
2025-02-03,SKU-LIG-123,59,159,7,199
2025-02-03,SKU-LIG-124,266,711,28,889
2025-02-03,SKU-LIG-125,53,61,7,77
2025-02-03,SKU-LIG-126,146,167,14,209
2025-02-03,SKU-LIG-127,1567,0,28,627
2025-02-03,SKU-LIG-128,528,0,7,132
2025-02-03,SKU-LIG-129,1956,0,21,489
2025-02-03,SKU-LIG-130,415,0,7,166
2025-02-03,SKU-LIG-131,927,0,28,773
2025-02-03,SKU-LIG-132,354,405,28,507
2025-02-03,SKU-LIG-133,517,0,14,431
2025-02-03,SKU-LIG-134,1127,0,28,451
2025-02-03,SKU-LIG-135,226,258,14,323
2025-02-03,SKU-LIG-136,162,0,7,135
2025-02-03,SKU-LIG-137,221,253,14,317
2025-02-03,SKU-LIG-138,365,0,14,146
2025-02-03,SKU-LIG-139,1120,0,14,448
2025-02-03,SKU-LIG-140,95,254,28,318
2025-02-03,SKU-LIG-141,171,458,21,573
2025-02-03,SKU-LIG-142,151,403,21,504
2025-02-03,SKU-LIG-143,514,0,28,429
2025-02-03,SKU-LIG-144,160,183,21,229
2025-02-03,SKU-LIG-145,515,0,14,206
2025-02-03,SKU-LIG-146,140,373,21,467
2025-02-03,SKU-LIG-147,80,213,21,267
2025-02-03,SKU-LIG-148,157,420,28,526
2025-02-03,SKU-LIG-149,1428,0,14,357
2025-02-03,SKU-LIG-150,510,0,21,425
2025-02-03,SKU-LIG-151,20,54,7,68
2025-02-03,SKU-LIG-152,400,0,21,334
2025-02-03,SKU-LIG-153,1764,0,28,441
2025-02-03,SKU-LIG-154,186,497,21,622
2025-02-03,SKU-LIG-155,296,0,7,74
2025-02-03,SKU-LIG-156,61,163,14,204
2025-02-03,SKU-LIG-157,386,0,21,322
2025-02-03,SKU-LIG-158,234,0,7,195
2025-02-03,SKU-LIG-159,405,0,7,162
2025-02-03,SKU-LIG-160,415,475,21,594
2025-02-03,SKU-SMA-161,57,153,14,192
2025-02-03,SKU-SMA-162,172,196,21,246
2025-02-03,SKU-SMA-163,70,80,7,100
2025-02-03,SKU-SMA-164,704,0,14,176
2025-02-03,SKU-SMA-165,64,172,14,215
2025-02-03,SKU-SMA-166,78,208,21,260
2025-02-03,SKU-SMA-167,175,0,14,146
2025-02-03,SKU-SMA-168,784,0,7,196
2025-02-03,SKU-SMA-169,585,0,21,488
2025-02-03,SKU-SMA-170,241,644,28,805
2025-02-03,SKU-SMA-171,261,696,28,871
2025-02-03,SKU-SMA-172,340,0,7,136
2025-02-03,SKU-SMA-173,679,0,28,566
2025-02-03,SKU-SMA-174,456,0,7,114
2025-02-03,SKU-SMA-175,520,0,7,130
2025-02-03,SKU-SMA-176,65,173,14,217
2025-02-03,SKU-SMA-177,368,0,14,307
2025-02-03,SKU-SMA-178,191,218,14,273
2025-02-03,SKU-SMA-179,97,260,14,326
2025-02-03,SKU-SMA-180,1060,0,14,424
2025-02-03,SKU-SMA-181,670,0,21,559
2025-02-03,SKU-SMA-182,1312,0,14,328
2025-02-03,SKU-SMA-183,242,0,21,202
2025-02-03,SKU-SMA-184,121,324,28,405
2025-02-03,SKU-SMA-185,246,281,14,352
2025-02-03,SKU-SMA-186,1037,0,14,415
2025-02-03,SKU-SMA-187,1615,0,28,646
2025-02-03,SKU-SMA-188,92,105,14,132
2025-02-03,SKU-SMA-189,535,612,28,765
2025-02-03,SKU-SMA-190,722,0,21,602
2025-02-03,SKU-SMA-191,1197,0,21,479
2025-02-03,SKU-SMA-192,534,611,28,764
2025-02-03,SKU-SMA-193,27,73,7,92
2025-02-03,SKU-SMA-194,1500,0,28,600
2025-02-03,SKU-SMA-195,548,0,7,137
2025-02-03,SKU-SMA-196,876,0,14,219
2025-02-03,SKU-SMA-197,1727,0,21,691
2025-02-03,SKU-SMA-198,544,0,7,136
2025-02-03,SKU-SMA-199,958,0,28,799
2025-02-03,SKU-SMA-200,812,0,21,677
2025-02-10,SKU-BED-001,2247,0,28,899
2025-02-10,SKU-BED-002,513,587,28,734
2025-02-10,SKU-BED-003,231,0,7,193
2025-02-10,SKU-BED-004,225,0,7,90
2025-02-10,SKU-BED-005,241,276,21,345
2025-02-10,SKU-BED-006,1280,0,14,320
2025-02-10,SKU-BED-007,197,525,21,657
2025-02-10,SKU-BED-008,397,0,7,159
2025-02-10,SKU-BED-009,301,344,14,431
2025-02-10,SKU-BED-010,352,403,28,504
2025-02-10,SKU-BED-011,198,530,21,663
2025-02-10,SKU-BED-012,115,0,7,96
2025-02-10,SKU-BED-013,194,0,7,162
2025-02-10,SKU-BED-014,1012,0,14,405
2025-02-10,SKU-BED-015,777,0,21,311
2025-02-10,SKU-BED-016,503,576,28,720
2025-02-10,SKU-BED-017,79,90,7,113
2025-02-10,SKU-BED-018,159,426,21,533
2025-02-10,SKU-BED-019,277,316,14,396
2025-02-10,SKU-BED-020,236,629,28,787
2025-02-10,SKU-BED-021,2528,0,28,632
2025-02-10,SKU-BED-022,97,111,14,139
2025-02-10,SKU-BED-023,319,365,21,457
2025-02-10,SKU-BED-024,1305,0,21,522
2025-02-10,SKU-BED-025,557,0,21,223
2025-02-10,SKU-BED-026,1372,0,14,343
2025-02-10,SKU-BED-027,312,0,28,260
2025-02-10,SKU-BED-028,159,0,7,133
2025-02-10,SKU-BED-029,1744,0,21,436
2025-02-10,SKU-BED-030,81,216,14,271
2025-02-10,SKU-BED-031,36,98,7,123
2025-02-10,SKU-BED-032,2552,0,21,638
2025-02-10,SKU-BED-033,294,336,21,420
2025-02-10,SKU-BED-034,26,70,7,88
2025-02-10,SKU-BED-035,259,296,28,370
2025-02-10,SKU-BED-036,541,0,21,451
2025-02-10,SKU-BED-037,120,137,7,172
2025-02-10,SKU-BED-038,598,0,21,499
2025-02-10,SKU-BED-039,2608,0,21,652
2025-02-10,SKU-BED-040,135,154,7,193
2025-02-10,SKU-FUR-041,2256,0,28,564
2025-02-10,SKU-FUR-042,140,160,7,201
2025-02-10,SKU-FUR-043,97,260,14,325
2025-02-10,SKU-FUR-044,280,0,14,234
2025-02-10,SKU-FUR-045,374,0,21,312
2025-02-10,SKU-FUR-046,1056,0,28,880
2025-02-10,SKU-FUR-047,1756,0,28,439
2025-02-10,SKU-FUR-048,499,0,21,416
2025-02-10,SKU-FUR-049,396,453,21,567
2025-02-10,SKU-FUR-050,632,0,7,158
2025-02-10,SKU-FUR-051,1752,0,28,701
2025-02-10,SKU-FUR-052,107,286,21,358
2025-02-10,SKU-FUR-053,102,116,7,146
2025-02-10,SKU-FUR-054,140,0,7,117
2025-02-10,SKU-FUR-055,722,0,14,289
2025-02-10,SKU-FUR-056,171,196,14,245
2025-02-10,SKU-FUR-057,424,0,7,106
2025-02-10,SKU-FUR-058,436,0,7,109
2025-02-10,SKU-FUR-059,1222,0,21,489
2025-02-10,SKU-FUR-060,525,0,7,210
2025-02-10,SKU-FUR-061,93,249,14,312
2025-02-10,SKU-FUR-062,1122,0,21,449
2025-02-10,SKU-FUR-063,237,0,7,95
2025-02-10,SKU-FUR-064,72,82,7,103
2025-02-10,SKU-FUR-065,157,0,7,131
2025-02-10,SKU-FUR-066,1170,0,21,468
2025-02-10,SKU-FUR-067,93,248,21,310
2025-02-10,SKU-FUR-068,199,228,14,285
2025-02-10,SKU-FUR-069,54,145,7,182
2025-02-10,SKU-FUR-070,345,0,7,138
2025-02-10,SKU-FUR-071,162,0,7,65
2025-02-10,SKU-FUR-072,404,0,21,337
2025-02-10,SKU-FUR-073,325,0,7,130
2025-02-10,SKU-FUR-074,72,82,7,103
2025-02-10,SKU-FUR-075,366,418,21,523
2025-02-10,SKU-FUR-076,112,299,21,374
2025-02-10,SKU-FUR-077,326,373,21,467
2025-02-10,SKU-FUR-078,108,289,21,362
2025-02-10,SKU-FUR-079,483,552,21,691
2025-02-10,SKU-FUR-080,217,248,14,310
2025-02-10,SKU-DEC-081,915,0,21,366
2025-02-10,SKU-DEC-082,41,111,7,139
2025-02-10,SKU-DEC-083,79,91,7,114
2025-02-10,SKU-DEC-084,812,0,14,203
2025-02-10,SKU-DEC-085,257,294,14,368
2025-02-10,SKU-DEC-086,324,371,28,464
2025-02-10,SKU-DEC-087,262,300,14,375
2025-02-10,SKU-DEC-088,2225,0,28,890
2025-02-10,SKU-DEC-089,2144,0,21,536
2025-02-10,SKU-DEC-090,712,0,21,285
2025-02-10,SKU-DEC-091,523,598,28,748
2025-02-10,SKU-DEC-092,1312,0,21,328
2025-02-10,SKU-DEC-093,1620,0,28,648
2025-02-10,SKU-DEC-094,686,0,21,572
2025-02-10,SKU-DEC-095,146,391,21,489
2025-02-10,SKU-DEC-096,2275,0,28,910
2025-02-10,SKU-DEC-097,60,161,7,202
2025-02-10,SKU-DEC-098,562,0,14,225
2025-02-10,SKU-DEC-099,925,0,21,370
2025-02-10,SKU-DEC-100,68,181,14,227
2025-02-10,SKU-DEC-101,2180,0,21,545
2025-02-10,SKU-DEC-102,630,0,21,252
2025-02-10,SKU-DEC-103,84,0,7,70
2025-02-10,SKU-DEC-104,720,0,28,288
2025-02-10,SKU-DEC-105,840,0,21,336
2025-02-10,SKU-DEC-106,884,0,7,221
2025-02-10,SKU-DEC-107,2720,0,28,680
2025-02-10,SKU-DEC-108,264,302,14,378
2025-02-10,SKU-DEC-109,288,0,21,240
2025-02-10,SKU-DEC-110,45,52,7,65
2025-02-10,SKU-DEC-111,99,265,21,332
2025-02-10,SKU-DEC-112,357,0,7,143
2025-02-10,SKU-DEC-113,432,0,21,360
2025-02-10,SKU-DEC-114,1687,0,21,675
2025-02-10,SKU-DEC-115,840,0,14,210
2025-02-10,SKU-DEC-116,2492,0,21,623
2025-02-10,SKU-DEC-117,196,0,14,164
2025-02-10,SKU-DEC-118,367,0,14,147
2025-02-10,SKU-DEC-119,523,0,21,436
2025-02-10,SKU-DEC-120,574,0,21,479
2025-02-10,SKU-LIG-121,249,284,14,356
2025-02-10,SKU-LIG-122,79,212,21,265
2025-02-10,SKU-LIG-123,956,0,28,797
2025-02-10,SKU-LIG-124,266,0,7,222
2025-02-10,SKU-LIG-125,161,184,21,231
2025-02-10,SKU-LIG-126,94,251,21,314
2025-02-10,SKU-LIG-127,109,124,7,156
2025-02-10,SKU-LIG-128,528,0,7,132
2025-02-10,SKU-LIG-129,48,130,7,163
2025-02-10,SKU-LIG-130,832,0,14,333
2025-02-10,SKU-LIG-131,270,308,14,386
2025-02-10,SKU-LIG-132,303,0,14,253
2025-02-10,SKU-LIG-133,1034,0,28,862
2025-02-10,SKU-LIG-134,1352,0,21,338
2025-02-10,SKU-LIG-135,145,388,21,485
2025-02-10,SKU-LIG-136,2160,0,28,540
2025-02-10,SKU-LIG-137,189,0,7,158
2025-02-10,SKU-LIG-138,153,175,21,219
2025-02-10,SKU-LIG-139,1680,0,21,672
2025-02-10,SKU-LIG-140,956,0,21,239
2025-02-10,SKU-LIG-141,534,611,28,764
2025-02-10,SKU-LIG-142,201,537,28,672
2025-02-10,SKU-LIG-143,128,343,28,429
2025-02-10,SKU-LIG-144,367,0,28,306
2025-02-10,SKU-LIG-145,92,247,21,309
2025-02-10,SKU-LIG-146,435,497,28,622
2025-02-10,SKU-LIG-147,213,0,14,178
2025-02-10,SKU-LIG-148,1052,0,14,263
2025-02-10,SKU-LIG-149,2144,0,21,536
2025-02-10,SKU-LIG-150,352,0,7,141
2025-02-10,SKU-LIG-151,20,54,7,68
2025-02-10,SKU-LIG-152,400,0,21,334
2025-02-10,SKU-LIG-153,132,352,28,441
2025-02-10,SKU-LIG-154,746,0,21,622
2025-02-10,SKU-LIG-155,560,0,21,224
2025-02-10,SKU-LIG-156,122,0,7,102
2025-02-10,SKU-LIG-157,856,0,14,214
2025-02-10,SKU-LIG-158,780,0,7,195
2025-02-10,SKU-LIG-159,1296,0,14,324
2025-02-10,SKU-LIG-160,3168,0,28,792
2025-02-10,SKU-SMA-161,720,0,21,288
2025-02-10,SKU-SMA-162,24,65,7,82
2025-02-10,SKU-SMA-163,60,160,14,201
2025-02-10,SKU-SMA-164,105,281,28,352
2025-02-10,SKU-SMA-165,267,0,7,107
2025-02-10,SKU-SMA-166,867,0,28,347
2025-02-10,SKU-SMA-167,730,0,28,292
2025-02-10,SKU-SMA-168,980,0,14,392
2025-02-10,SKU-SMA-169,1952,0,21,488
2025-02-10,SKU-SMA-170,966,0,28,805
2025-02-10,SKU-SMA-171,783,0,21,653
2025-02-10,SKU-SMA-172,340,0,7,136
2025-02-10,SKU-SMA-173,98,112,7,141
2025-02-10,SKU-SMA-174,855,0,21,342
2025-02-10,SKU-SMA-175,313,0,14,261
2025-02-10,SKU-SMA-176,65,173,14,217
2025-02-10,SKU-SMA-177,214,245,14,307
2025-02-10,SKU-SMA-178,81,218,14,273
2025-02-10,SKU-SMA-179,195,522,28,653
2025-02-10,SKU-SMA-180,508,0,14,424
2025-02-10,SKU-SMA-181,670,0,21,559
2025-02-10,SKU-SMA-182,196,0,7,164
2025-02-10,SKU-SMA-183,141,161,21,202
2025-02-10,SKU-SMA-184,91,243,21,304
2025-02-10,SKU-SMA-185,52,140,7,176
2025-02-10,SKU-SMA-186,517,0,7,207
2025-02-10,SKU-SMA-187,452,516,28,646
2025-02-10,SKU-SMA-188,528,0,14,132
2025-02-10,SKU-SMA-189,401,459,21,574
2025-02-10,SKU-SMA-190,722,0,21,602
2025-02-10,SKU-SMA-191,636,0,7,159
2025-02-10,SKU-SMA-192,916,0,28,764
2025-02-10,SKU-SMA-193,27,73,7,92
2025-02-10,SKU-SMA-194,420,480,28,600
2025-02-10,SKU-SMA-195,328,0,14,274
2025-02-10,SKU-SMA-196,306,350,28,438
2025-02-10,SKU-SMA-197,322,368,14,460
2025-02-10,SKU-SMA-198,40,108,7,136
2025-02-10,SKU-SMA-199,59,159,7,199
2025-02-10,SKU-SMA-200,3612,0,28,903
2025-02-17,SKU-BED-001,2247,0,28,899
2025-02-17,SKU-BED-002,917,0,14,367
2025-02-17,SKU-BED-003,2324,0,21,581
2025-02-17,SKU-BED-004,81,216,21,271
2025-02-17,SKU-BED-005,276,0,14,230
2025-02-17,SKU-BED-006,1600,0,28,640
2025-02-17,SKU-BED-007,262,0,7,219
2025-02-17,SKU-BED-008,95,255,14,319
2025-02-17,SKU-BED-009,1034,0,28,862
2025-02-17,SKU-BED-010,75,201,14,252
2025-02-17,SKU-BED-011,464,530,21,663
2025-02-17,SKU-BED-012,115,308,28,385
2025-02-17,SKU-BED-013,146,389,21,487
2025-02-17,SKU-BED-014,972,0,28,810
2025-02-17,SKU-BED-015,62,165,14,207
2025-02-17,SKU-BED-016,216,0,7,180
2025-02-17,SKU-BED-017,544,0,28,454
2025-02-17,SKU-BED-018,1420,0,14,355
2025-02-17,SKU-BED-019,59,158,7,198
2025-02-17,SKU-BED-020,117,314,14,393
2025-02-17,SKU-BED-021,1580,0,28,632
2025-02-17,SKU-BED-022,556,0,14,139
2025-02-17,SKU-BED-023,366,0,14,305
2025-02-17,SKU-BED-024,626,0,21,522
2025-02-17,SKU-BED-025,89,238,28,298
2025-02-17,SKU-BED-026,1372,0,14,343
2025-02-17,SKU-BED-027,136,156,21,195
2025-02-17,SKU-BED-028,39,106,7,133
2025-02-17,SKU-BED-029,362,0,7,145
2025-02-17,SKU-BED-030,488,0,21,407
2025-02-17,SKU-BED-031,307,0,7,123
2025-02-17,SKU-BED-032,1595,0,21,638
2025-02-17,SKU-BED-033,98,112,7,140
2025-02-17,SKU-BED-034,1416,0,28,354
2025-02-17,SKU-BED-035,110,0,7,92
2025-02-17,SKU-BED-036,752,0,14,301
2025-02-17,SKU-BED-037,412,0,14,344
2025-02-17,SKU-BED-038,116,132,7,166
2025-02-17,SKU-BED-039,195,521,21,652
2025-02-17,SKU-BED-040,405,463,21,579
2025-02-17,SKU-FUR-041,676,0,28,564
2025-02-17,SKU-FUR-042,1007,0,14,403
2025-02-17,SKU-FUR-043,1300,0,14,325
2025-02-17,SKU-FUR-044,877,0,21,351
2025-02-17,SKU-FUR-045,145,166,14,208
2025-02-17,SKU-FUR-046,1760,0,14,440
2025-02-17,SKU-FUR-047,526,0,28,439
2025-02-17,SKU-FUR-048,1664,0,21,416
2025-02-17,SKU-FUR-049,472,0,7,189
2025-02-17,SKU-FUR-050,632,0,7,158
2025-02-17,SKU-FUR-051,875,0,14,350
2025-02-17,SKU-FUR-052,297,0,7,119
2025-02-17,SKU-FUR-053,175,467,28,584
2025-02-17,SKU-FUR-054,140,0,7,117
2025-02-17,SKU-FUR-055,694,0,28,579
2025-02-17,SKU-FUR-056,343,392,28,490
2025-02-17,SKU-FUR-057,530,0,14,212
2025-02-17,SKU-FUR-058,65,175,14,219
2025-02-17,SKU-FUR-059,97,260,14,326
2025-02-17,SKU-FUR-060,63,168,7,210
2025-02-17,SKU-FUR-061,187,500,28,625
2025-02-17,SKU-FUR-062,358,0,14,299
2025-02-17,SKU-FUR-063,28,76,7,95
2025-02-17,SKU-FUR-064,257,0,7,103
2025-02-17,SKU-FUR-065,367,420,28,525
2025-02-17,SKU-FUR-066,374,0,14,312
2025-02-17,SKU-FUR-067,824,0,14,206
2025-02-17,SKU-FUR-068,399,456,28,571
2025-02-17,SKU-FUR-069,510,584,28,730
2025-02-17,SKU-FUR-070,387,442,28,553
2025-02-17,SKU-FUR-071,657,0,28,263
2025-02-17,SKU-FUR-072,101,269,21,337
2025-02-17,SKU-FUR-073,325,0,7,130
2025-02-17,SKU-FUR-074,257,0,7,103
2025-02-17,SKU-FUR-075,1307,0,21,523
2025-02-17,SKU-FUR-076,496,0,7,124
2025-02-17,SKU-FUR-077,186,498,28,623
2025-02-17,SKU-FUR-078,144,386,28,483
2025-02-17,SKU-FUR-079,1105,0,28,921
2025-02-17,SKU-FUR-080,620,0,7,155
2025-02-17,SKU-DEC-081,439,0,21,366
2025-02-17,SKU-DEC-082,97,111,7,139
2025-02-17,SKU-DEC-083,1832,0,28,458
2025-02-17,SKU-DEC-084,91,244,21,305
2025-02-17,SKU-DEC-085,386,441,21,552
2025-02-17,SKU-DEC-086,556,0,28,464
2025-02-17,SKU-DEC-087,1877,0,28,751
2025-02-17,SKU-DEC-088,1068,0,28,890
2025-02-17,SKU-DEC-089,124,142,7,178
2025-02-17,SKU-DEC-090,456,0,28,380
2025-02-17,SKU-DEC-091,897,0,28,748
2025-02-17,SKU-DEC-092,1748,0,28,437
2025-02-17,SKU-DEC-093,1296,0,14,324
2025-02-17,SKU-DEC-094,1905,0,28,762
2025-02-17,SKU-DEC-095,114,130,7,163
2025-02-17,SKU-DEC-096,318,364,14,455
2025-02-17,SKU-DEC-097,973,0,28,811
2025-02-17,SKU-DEC-098,541,0,28,451
2025-02-17,SKU-DEC-099,492,0,7,123
2025-02-17,SKU-DEC-100,68,181,14,227
2025-02-17,SKU-DEC-101,217,0,7,181
2025-02-17,SKU-DEC-102,25,67,7,84
2025-02-17,SKU-DEC-103,280,0,7,70
2025-02-17,SKU-DEC-104,50,57,7,72
2025-02-17,SKU-DEC-105,156,179,14,224
2025-02-17,SKU-DEC-106,531,0,14,443
2025-02-17,SKU-DEC-107,2040,0,21,510
2025-02-17,SKU-DEC-108,945,0,14,378
2025-02-17,SKU-DEC-109,72,192,21,240
2025-02-17,SKU-DEC-110,78,208,28,260
2025-02-17,SKU-DEC-111,232,265,21,332
2025-02-17,SKU-DEC-112,42,114,7,143
2025-02-17,SKU-DEC-113,108,288,21,360
2025-02-17,SKU-DEC-114,202,540,21,675
2025-02-17,SKU-DEC-115,1264,0,21,316
2025-02-17,SKU-DEC-116,2077,0,28,831
2025-02-17,SKU-DEC-117,57,65,7,82
2025-02-17,SKU-DEC-118,87,0,7,73
2025-02-17,SKU-DEC-119,87,232,14,291
2025-02-17,SKU-DEC-120,191,511,28,639
2025-02-17,SKU-LIG-121,213,0,7,178
2025-02-17,SKU-LIG-122,79,212,21,265
2025-02-17,SKU-LIG-123,716,0,21,597
2025-02-17,SKU-LIG-124,1776,0,14,444
2025-02-17,SKU-LIG-125,616,0,14,154
2025-02-17,SKU-LIG-126,292,334,28,418
2025-02-17,SKU-LIG-127,1880,0,21,470
2025-02-17,SKU-LIG-128,995,0,21,398
2025-02-17,SKU-LIG-129,782,0,28,652
2025-02-17,SKU-LIG-130,466,533,28,667
2025-02-17,SKU-LIG-131,694,0,21,579
2025-02-17,SKU-LIG-132,315,0,7,126
2025-02-17,SKU-LIG-133,1034,0,28,862
2025-02-17,SKU-LIG-134,315,360,28,451
2025-02-17,SKU-LIG-135,452,517,28,647
2025-02-17,SKU-LIG-136,1350,0,28,540
2025-02-17,SKU-LIG-137,2536,0,28,634
2025-02-17,SKU-LIG-138,262,0,21,219
2025-02-17,SKU-LIG-139,1792,0,14,448
2025-02-17,SKU-LIG-140,286,0,21,239
2025-02-17,SKU-LIG-141,955,0,14,382
2025-02-17,SKU-LIG-142,470,537,28,672
2025-02-17,SKU-LIG-143,386,0,21,322
2025-02-17,SKU-LIG-144,765,0,28,306
2025-02-17,SKU-LIG-145,123,0,7,103
2025-02-17,SKU-LIG-146,108,124,7,155
2025-02-17,SKU-LIG-147,26,71,7,89
2025-02-17,SKU-LIG-148,327,0,7,131
2025-02-17,SKU-LIG-149,1787,0,28,715
2025-02-17,SKU-LIG-150,680,0,28,567
2025-02-17,SKU-LIG-151,1092,0,28,273
2025-02-17,SKU-LIG-152,311,356,28,445
2025-02-17,SKU-LIG-153,529,0,28,441
2025-02-17,SKU-LIG-154,746,0,21,622
2025-02-17,SKU-LIG-155,22,59,7,74
2025-02-17,SKU-LIG-156,489,0,28,408
2025-02-17,SKU-LIG-157,805,0,21,322
2025-02-17,SKU-LIG-158,1957,0,28,783
2025-02-17,SKU-LIG-159,226,259,14,324
2025-02-17,SKU-LIG-160,990,0,14,396
2025-02-17,SKU-SMA-161,115,0,7,96
2025-02-17,SKU-SMA-162,24,65,7,82
2025-02-17,SKU-SMA-163,755,0,21,302
2025-02-17,SKU-SMA-164,246,281,28,352
2025-02-17,SKU-SMA-165,129,344,28,430
2025-02-17,SKU-SMA-166,215,0,7,86
2025-02-17,SKU-SMA-167,182,0,7,73
2025-02-17,SKU-SMA-168,1568,0,14,392
2025-02-17,SKU-SMA-169,812,0,14,325
2025-02-17,SKU-SMA-170,60,160,7,201
2025-02-17,SKU-SMA-171,260,0,7,217
2025-02-17,SKU-SMA-172,191,218,14,273
2025-02-17,SKU-SMA-173,679,0,28,566
2025-02-17,SKU-SMA-174,456,0,7,114
2025-02-17,SKU-SMA-175,1564,0,21,391
2025-02-17,SKU-SMA-176,97,260,21,326
2025-02-17,SKU-SMA-177,322,368,21,461
2025-02-17,SKU-SMA-178,40,108,7,136
2025-02-17,SKU-SMA-179,588,0,21,490
2025-02-17,SKU-SMA-180,1018,0,28,849
2025-02-17,SKU-SMA-181,744,0,7,186
2025-02-17,SKU-SMA-182,197,525,28,657
2025-02-17,SKU-SMA-183,322,0,28,269
2025-02-17,SKU-SMA-184,121,0,7,101
2025-02-17,SKU-SMA-185,846,0,28,705
2025-02-17,SKU-SMA-186,124,332,14,415
2025-02-17,SKU-SMA-187,338,387,21,484
2025-02-17,SKU-SMA-188,46,52,7,66
2025-02-17,SKU-SMA-189,133,152,7,191
2025-02-17,SKU-SMA-190,2007,0,28,803
2025-02-17,SKU-SMA-191,1276,0,14,319
2025-02-17,SKU-SMA-192,1910,0,28,764
2025-02-17,SKU-SMA-193,110,0,7,92
2025-02-17,SKU-SMA-194,90,240,14,300
2025-02-17,SKU-SMA-195,1096,0,14,274
2025-02-17,SKU-SMA-196,32,87,7,109
2025-02-17,SKU-SMA-197,1105,0,28,921
2025-02-17,SKU-SMA-198,285,326,21,408
2025-02-17,SKU-SMA-199,958,0,28,799
2025-02-17,SKU-SMA-200,2708,0,21,677
2025-02-24,SKU-BED-001,268,0,7,224
2025-02-24,SKU-BED-002,880,0,28,734
2025-02-24,SKU-BED-003,57,154,7,193
2025-02-24,SKU-BED-004,1448,0,28,362
2025-02-24,SKU-BED-005,241,276,21,345
2025-02-24,SKU-BED-006,192,512,28,640
2025-02-24,SKU-BED-007,153,175,7,219
2025-02-24,SKU-BED-008,190,0,7,159
2025-02-24,SKU-BED-009,3448,0,28,862
2025-02-24,SKU-BED-010,352,403,28,504
2025-02-24,SKU-BED-011,552,0,7,221
2025-02-24,SKU-BED-012,240,0,7,96
2025-02-24,SKU-BED-013,194,0,7,162
2025-02-24,SKU-BED-014,424,485,21,607
2025-02-24,SKU-BED-015,248,0,14,207
2025-02-24,SKU-BED-016,1440,0,14,360
2025-02-24,SKU-BED-017,102,272,21,340
2025-02-24,SKU-BED-018,442,0,7,177
2025-02-24,SKU-BED-019,2376,0,21,594
2025-02-24,SKU-BED-020,2360,0,21,590
2025-02-24,SKU-BED-021,790,0,14,316
2025-02-24,SKU-BED-022,1116,0,28,279
2025-02-24,SKU-BED-023,608,0,7,152
2025-02-24,SKU-BED-024,208,556,28,696
2025-02-24,SKU-BED-025,22,59,7,74
2025-02-24,SKU-BED-026,2060,0,21,515
2025-02-24,SKU-BED-027,78,208,28,260
2025-02-24,SKU-BED-028,80,213,14,267
2025-02-24,SKU-BED-029,523,0,21,436
2025-02-24,SKU-BED-030,651,0,28,543
2025-02-24,SKU-BED-031,147,0,7,123
2025-02-24,SKU-BED-032,191,510,21,638
2025-02-24,SKU-BED-033,1400,0,28,560
2025-02-24,SKU-BED-034,186,212,21,266
2025-02-24,SKU-BED-035,740,0,14,185
2025-02-24,SKU-BED-036,2408,0,28,602
2025-02-24,SKU-BED-037,826,0,28,689
2025-02-24,SKU-BED-038,830,0,14,332
2025-02-24,SKU-BED-039,303,347,14,434
2025-02-24,SKU-BED-040,405,463,21,579
2025-02-24,SKU-FUR-041,197,225,14,282
2025-02-24,SKU-FUR-042,181,484,21,605
2025-02-24,SKU-FUR-043,1948,0,21,487
2025-02-24,SKU-FUR-044,877,0,21,351
2025-02-24,SKU-FUR-045,1664,0,28,416
2025-02-24,SKU-FUR-046,3520,0,28,880
2025-02-24,SKU-FUR-047,272,0,7,109
2025-02-24,SKU-FUR-048,96,110,7,138
2025-02-24,SKU-FUR-049,1890,0,28,756
2025-02-24,SKU-FUR-050,1585,0,28,634
2025-02-24,SKU-FUR-051,841,0,28,701
2025-02-24,SKU-FUR-052,83,95,7,119
2025-02-24,SKU-FUR-053,43,116,7,146
2025-02-24,SKU-FUR-054,105,281,21,352
2025-02-24,SKU-FUR-055,173,463,28,579
2025-02-24,SKU-FUR-056,1960,0,28,490
2025-02-24,SKU-FUR-057,848,0,14,212
2025-02-24,SKU-FUR-058,1097,0,28,439
2025-02-24,SKU-FUR-059,1222,0,21,489
2025-02-24,SKU-FUR-060,840,0,7,210
2025-02-24,SKU-FUR-061,624,0,7,156
2025-02-24,SKU-FUR-062,179,479,28,599
2025-02-24,SKU-FUR-063,199,228,21,285
2025-02-24,SKU-FUR-064,828,0,14,207
2025-02-24,SKU-FUR-065,630,0,28,525
2025-02-24,SKU-FUR-066,218,249,14,312
2025-02-24,SKU-FUR-067,824,0,14,206
2025-02-24,SKU-FUR-068,85,228,14,285
2025-02-24,SKU-FUR-069,1825,0,28,730
2025-02-24,SKU-FUR-070,552,0,7,138
2025-02-24,SKU-FUR-071,78,210,28,263
2025-02-24,SKU-FUR-072,268,0,14,224
2025-02-24,SKU-FUR-073,325,0,7,130
2025-02-24,SKU-FUR-074,498,0,28,415
2025-02-24,SKU-FUR-075,418,0,14,349
2025-02-24,SKU-FUR-076,261,299,21,374
2025-02-24,SKU-FUR-077,560,0,21,467
2025-02-24,SKU-FUR-078,253,289,21,362
2025-02-24,SKU-FUR-079,3684,0,28,921
2025-02-24,SKU-FUR-080,387,0,7,155
2025-02-24,SKU-DEC-081,439,0,21,366
2025-02-24,SKU-DEC-082,333,0,14,278
2025-02-24,SKU-DEC-083,102,274,21,343
2025-02-24,SKU-DEC-084,243,0,14,203
2025-02-24,SKU-DEC-085,257,294,14,368
2025-02-24,SKU-DEC-086,928,0,14,232
2025-02-24,SKU-DEC-087,1500,0,14,375
2025-02-24,SKU-DEC-088,467,534,21,668
2025-02-24,SKU-DEC-089,445,0,7,178
2025-02-24,SKU-DEC-090,133,152,14,190
2025-02-24,SKU-DEC-091,261,299,14,374
2025-02-24,SKU-DEC-092,130,0,7,109
2025-02-24,SKU-DEC-093,1296,0,14,324
2025-02-24,SKU-DEC-094,133,152,7,190
2025-02-24,SKU-DEC-095,815,0,14,326
2025-02-24,SKU-DEC-096,546,0,14,455
2025-02-24,SKU-DEC-097,729,0,21,608
2025-02-24,SKU-DEC-098,1352,0,21,338
2025-02-24,SKU-DEC-099,307,0,7,123
2025-02-24,SKU-DEC-100,68,181,14,227
2025-02-24,SKU-DEC-101,218,581,28,727
2025-02-24,SKU-DEC-102,1008,0,21,252
2025-02-24,SKU-DEC-103,63,168,21,211
2025-02-24,SKU-DEC-104,864,0,21,216
2025-02-24,SKU-DEC-105,313,358,28,448
2025-02-24,SKU-DEC-106,66,176,7,221
2025-02-24,SKU-DEC-107,680,0,7,170
2025-02-24,SKU-DEC-108,132,151,7,189
2025-02-24,SKU-DEC-109,72,192,21,240
2025-02-24,SKU-DEC-110,162,0,7,65
2025-02-24,SKU-DEC-111,232,265,21,332
2025-02-24,SKU-DEC-112,85,228,14,286
2025-02-24,SKU-DEC-113,72,192,14,240
2025-02-24,SKU-DEC-114,630,720,28,900
2025-02-24,SKU-DEC-115,1264,0,21,316
2025-02-24,SKU-DEC-116,290,332,14,415
2025-02-24,SKU-DEC-117,205,0,7,82
2025-02-24,SKU-DEC-118,884,0,21,221
2025-02-24,SKU-DEC-119,101,116,7,145
2025-02-24,SKU-DEC-120,1197,0,21,479
2025-02-24,SKU-LIG-121,213,570,28,713
2025-02-24,SKU-LIG-122,105,282,28,353
2025-02-24,SKU-LIG-123,1992,0,28,797
2025-02-24,SKU-LIG-124,555,0,7,222
2025-02-24,SKU-LIG-125,277,0,21,231
2025-02-24,SKU-LIG-126,94,251,21,314
2025-02-24,SKU-LIG-127,141,376,21,470
2025-02-24,SKU-LIG-128,371,424,28,531
2025-02-24,SKU-LIG-129,114,130,7,163
2025-02-24,SKU-LIG-130,350,400,21,500
2025-02-24,SKU-LIG-131,57,154,7,193
2025-02-24,SKU-LIG-132,1012,0,14,253
2025-02-24,SKU-LIG-133,258,0,7,215
2025-02-24,SKU-LIG-134,1127,0,28,451
2025-02-24,SKU-LIG-135,452,517,28,647
2025-02-24,SKU-LIG-136,337,0,7,135
2025-02-24,SKU-LIG-137,380,0,14,317
2025-02-24,SKU-LIG-138,292,0,7,73
2025-02-24,SKU-LIG-139,156,179,7,224
2025-02-24,SKU-LIG-140,381,0,28,318
2025-02-24,SKU-LIG-141,3056,0,28,764
2025-02-24,SKU-LIG-142,235,268,14,336
2025-02-24,SKU-LIG-143,256,0,14,214
2025-02-24,SKU-LIG-144,612,0,14,153
2025-02-24,SKU-LIG-145,123,0,7,103
2025-02-24,SKU-LIG-146,387,0,7,155
2025-02-24,SKU-LIG-147,356,0,7,89
2025-02-24,SKU-LIG-148,985,0,21,394
2025-02-24,SKU-LIG-149,445,0,7,178
2025-02-24,SKU-LIG-150,564,0,7,141
2025-02-24,SKU-LIG-151,340,0,14,136
2025-02-24,SKU-LIG-152,277,0,7,111
2025-02-24,SKU-LIG-153,66,176,14,220
2025-02-24,SKU-LIG-154,289,331,14,414
2025-02-24,SKU-LIG-155,51,59,7,74
2025-02-24,SKU-LIG-156,367,0,21,306
2025-02-24,SKU-LIG-157,74,85,7,107
2025-02-24,SKU-LIG-158,939,0,28,783
2025-02-24,SKU-LIG-159,113,129,7,162
2025-02-24,SKU-LIG-160,1980,0,28,792
2025-02-24,SKU-SMA-161,28,76,7,96
2025-02-24,SKU-SMA-162,73,196,21,246
2025-02-24,SKU-SMA-163,1612,0,28,403
2025-02-24,SKU-SMA-164,660,0,21,264
2025-02-24,SKU-SMA-165,537,0,14,215
2025-02-24,SKU-SMA-166,650,0,21,260
2025-02-24,SKU-SMA-167,87,233,28,292
2025-02-24,SKU-SMA-168,235,627,28,784
2025-02-24,SKU-SMA-169,341,390,21,488
2025-02-24,SKU-SMA-170,502,0,7,201
2025-02-24,SKU-SMA-171,542,0,7,217
2025-02-24,SKU-SMA-172,123,328,21,410
2025-02-24,SKU-SMA-173,339,0,14,283
2025-02-24,SKU-SMA-174,102,273,21,342
2025-02-24,SKU-SMA-175,39,104,7,130
2025-02-24,SKU-SMA-176,432,0,7,108
2025-02-24,SKU-SMA-177,1152,0,21,461
2025-02-24,SKU-SMA-178,95,108,7,136
2025-02-24,SKU-SMA-179,1632,0,28,653
2025-02-24,SKU-SMA-180,530,0,7,212
2025-02-24,SKU-SMA-181,223,596,28,745
2025-02-24,SKU-SMA-182,147,394,21,493
2025-02-24,SKU-SMA-183,536,0,14,134
2025-02-24,SKU-SMA-184,242,0,14,202
2025-02-24,SKU-SMA-185,105,281,14,352
2025-02-24,SKU-SMA-186,1660,0,14,415
2025-02-24,SKU-SMA-187,1615,0,28,646
2025-02-24,SKU-SMA-188,318,0,28,265
2025-02-24,SKU-SMA-189,458,0,14,382
2025-02-24,SKU-SMA-190,180,481,21,602
2025-02-24,SKU-SMA-191,1197,0,21,479
2025-02-24,SKU-SMA-192,916,0,28,764
2025-02-24,SKU-SMA-193,64,73,7,92
2025-02-24,SKU-SMA-194,315,360,21,450
2025-02-24,SKU-SMA-195,493,0,21,411
2025-02-24,SKU-SMA-196,1095,0,28,438
2025-02-24,SKU-SMA-197,644,736,28,921
2025-02-24,SKU-SMA-198,680,0,14,272
2025-02-24,SKU-SMA-199,796,0,7,199
2025-02-24,SKU-SMA-200,1692,0,21,677
2025-03-03,SKU-BED-001,67,179,7,224
2025-03-03,SKU-BED-002,661,0,21,551
2025-03-03,SKU-BED-003,174,464,21,581
2025-03-03,SKU-BED-004,126,144,14,181
2025-03-03,SKU-BED-005,80,92,7,115
2025-03-03,SKU-BED-006,1280,0,14,320
2025-03-03,SKU-BED-007,1642,0,21,657
2025-03-03,SKU-BED-008,47,127,7,159
2025-03-03,SKU-BED-009,1615,0,21,646
2025-03-03,SKU-BED-010,604,0,28,504
2025-03-03,SKU-BED-011,464,530,21,663
2025-03-03,SKU-BED-012,230,0,14,192
2025-03-03,SKU-BED-013,648,0,7,162
2025-03-03,SKU-BED-014,283,324,14,405
2025-03-03,SKU-BED-015,1660,0,28,415
2025-03-03,SKU-BED-016,450,0,7,180
2025-03-03,SKU-BED-017,135,0,7,113
2025-03-03,SKU-BED-018,1777,0,28,711
2025-03-03,SKU-BED-019,1584,0,14,396
2025-03-03,SKU-BED-020,235,0,7,196
2025-03-03,SKU-BED-021,379,0,14,316
2025-03-03,SKU-BED-022,195,223,28,279
2025-03-03,SKU-BED-023,1525,0,28,610
2025-03-03,SKU-BED-024,365,417,21,522
2025-03-03,SKU-BED-025,185,0,7,74
2025-03-03,SKU-BED-026,824,0,28,687
2025-03-03,SKU-BED-027,162,0,7,65
2025-03-03,SKU-BED-028,160,427,28,534
2025-03-03,SKU-BED-029,101,116,7,145
2025-03-03,SKU-BED-030,40,108,7,135
2025-03-03,SKU-BED-031,148,396,28,495
2025-03-03,SKU-BED-032,3404,0,28,851
2025-03-03,SKU-BED-033,1400,0,28,560
2025-03-03,SKU-BED-034,708,0,14,177
2025-03-03,SKU-BED-035,332,0,21,277
2025-03-03,SKU-BED-036,105,120,7,150
2025-03-03,SKU-BED-037,103,275,14,344
2025-03-03,SKU-BED-038,465,532,28,665
2025-03-03,SKU-BED-039,520,0,14,434
2025-03-03,SKU-BED-040,1930,0,28,772
2025-03-03,SKU-FUR-041,338,0,14,282
2025-03-03,SKU-FUR-042,564,644,28,806
2025-03-03,SKU-FUR-043,1300,0,14,325
2025-03-03,SKU-FUR-044,561,0,28,468
2025-03-03,SKU-FUR-045,1040,0,28,416
2025-03-03,SKU-FUR-046,2200,0,28,880
2025-03-03,SKU-FUR-047,98,263,21,329
2025-03-03,SKU-FUR-048,387,443,28,554
2025-03-03,SKU-FUR-049,472,0,7,189
2025-03-03,SKU-FUR-050,632,0,7,158
2025-03-03,SKU-FUR-051,105,280,14,350
2025-03-03,SKU-FUR-052,297,0,7,119
2025-03-03,SKU-FUR-053,1095,0,21,438
2025-03-03,SKU-FUR-054,1408,0,21,352
2025-03-03,SKU-FUR-055,172,0,7,144
2025-03-03,SKU-FUR-056,588,0,28,490
2025-03-03,SKU-FUR-057,63,169,14,212
2025-03-03,SKU-FUR-058,153,175,14,219
2025-03-03,SKU-FUR-059,652,0,7,163
2025-03-03,SKU-FUR-060,505,0,14,421
2025-03-03,SKU-FUR-061,1562,0,28,625
2025-03-03,SKU-FUR-062,178,0,7,149
2025-03-03,SKU-FUR-063,712,0,21,285
2025-03-03,SKU-FUR-064,124,331,28,414
2025-03-03,SKU-FUR-065,655,0,14,262
2025-03-03,SKU-FUR-066,187,0,7,156
2025-03-03,SKU-FUR-067,824,0,14,206
2025-03-03,SKU-FUR-068,568,0,7,142
2025-03-03,SKU-FUR-069,876,0,28,730
2025-03-03,SKU-FUR-070,124,331,21,414
2025-03-03,SKU-FUR-071,157,0,14,131
2025-03-03,SKU-FUR-072,538,0,28,449
2025-03-03,SKU-FUR-073,78,208,14,261
2025-03-03,SKU-FUR-074,30,82,7,103
2025-03-03,SKU-FUR-075,52,139,7,174
2025-03-03,SKU-FUR-076,148,0,7,124
2025-03-03,SKU-FUR-077,373,0,14,311
2025-03-03,SKU-FUR-078,1448,0,21,362
2025-03-03,SKU-FUR-079,1150,0,14,460
2025-03-03,SKU-FUR-080,1240,0,14,310
2025-03-03,SKU-DEC-081,109,292,21,366
2025-03-03,SKU-DEC-082,125,333,21,417
2025-03-03,SKU-DEC-083,320,366,28,458
2025-03-03,SKU-DEC-084,1220,0,21,305
2025-03-03,SKU-DEC-085,386,441,21,552
2025-03-03,SKU-DEC-086,556,0,28,464
2025-03-03,SKU-DEC-087,112,300,14,375
2025-03-03,SKU-DEC-088,266,0,7,222
2025-03-03,SKU-DEC-089,213,0,7,178
2025-03-03,SKU-DEC-090,475,0,14,190
2025-03-03,SKU-DEC-091,935,0,14,374
2025-03-03,SKU-DEC-092,32,87,7,109
2025-03-03,SKU-DEC-093,2592,0,28,648
2025-03-03,SKU-DEC-094,114,304,14,381
2025-03-03,SKU-DEC-095,146,391,21,489
2025-03-03,SKU-DEC-096,819,0,21,683
2025-03-03,SKU-DEC-097,182,486,21,608
2025-03-03,SKU-DEC-098,33,89,7,112
2025-03-03,SKU-DEC-099,172,197,14,247
2025-03-03,SKU-DEC-100,68,181,14,227
2025-03-03,SKU-DEC-101,218,581,28,727
2025-03-03,SKU-DEC-102,404,0,28,337
2025-03-03,SKU-DEC-103,253,0,21,211
2025-03-03,SKU-DEC-104,288,0,7,72
2025-03-03,SKU-DEC-105,896,0,14,224
2025-03-03,SKU-DEC-106,199,531,21,664
2025-03-03,SKU-DEC-107,357,408,21,510
2025-03-03,SKU-DEC-108,1892,0,28,757
2025-03-03,SKU-DEC-109,200,0,7,80
2025-03-03,SKU-DEC-110,780,0,21,195
2025-03-03,SKU-DEC-111,398,0,21,332
2025-03-03,SKU-DEC-112,1075,0,21,430
2025-03-03,SKU-DEC-113,960,0,14,240
2025-03-03,SKU-DEC-114,2700,0,21,675
2025-03-03,SKU-DEC-115,126,0,7,105
2025-03-03,SKU-DEC-116,828,0,7,207
2025-03-03,SKU-DEC-117,393,0,28,328
2025-03-03,SKU-DEC-118,737,0,28,295
2025-03-03,SKU-DEC-119,174,0,7,145
2025-03-03,SKU-DEC-120,1276,0,14,319
2025-03-03,SKU-LIG-121,2136,0,21,534
2025-03-03,SKU-LIG-122,1412,0,28,353
2025-03-03,SKU-LIG-123,278,318,14,398
2025-03-03,SKU-LIG-124,66,177,7,222
2025-03-03,SKU-LIG-125,192,0,7,77
2025-03-03,SKU-LIG-126,836,0,14,209
2025-03-03,SKU-LIG-127,782,0,14,313
2025-03-03,SKU-LIG-128,185,212,14,265
2025-03-03,SKU-LIG-129,1304,0,14,326
2025-03-03,SKU-LIG-130,99,266,14,333
2025-03-03,SKU-LIG-131,115,308,14,386
2025-03-03,SKU-LIG-132,950,0,21,380
2025-03-03,SKU-LIG-133,1724,0,14,431
2025-03-03,SKU-LIG-134,67,180,14,225
2025-03-03,SKU-LIG-135,112,128,7,161
2025-03-03,SKU-LIG-136,378,432,28,540
2025-03-03,SKU-LIG-137,110,126,7,158
2025-03-03,SKU-LIG-138,262,0,21,219
2025-03-03,SKU-LIG-139,2688,0,21,672
2025-03-03,SKU-LIG-140,71,191,21,239
2025-03-03,SKU-LIG-141,267,305,14,382
2025-03-03,SKU-LIG-142,2688,0,28,672
2025-03-03,SKU-LIG-143,128,0,7,107
2025-03-03,SKU-LIG-144,53,60,7,76
2025-03-03,SKU-LIG-145,216,247,21,309
2025-03-03,SKU-LIG-146,435,497,28,622
2025-03-03,SKU-LIG-147,1068,0,21,267
2025-03-03,SKU-LIG-148,1315,0,28,526
2025-03-03,SKU-LIG-149,124,142,7,178
2025-03-03,SKU-LIG-150,169,0,7,141
2025-03-03,SKU-LIG-151,512,0,21,205
2025-03-03,SKU-LIG-152,133,0,7,111
2025-03-03,SKU-LIG-153,231,264,21,331
2025-03-03,SKU-LIG-154,828,0,7,207
2025-03-03,SKU-LIG-155,896,0,21,224
2025-03-03,SKU-LIG-156,142,163,14,204
2025-03-03,SKU-LIG-157,386,0,21,322
2025-03-03,SKU-LIG-158,136,156,7,195
2025-03-03,SKU-LIG-159,145,388,21,486
2025-03-03,SKU-LIG-160,1980,0,28,792
2025-03-03,SKU-SMA-161,460,0,28,384
2025-03-03,SKU-SMA-162,73,196,21,246
2025-03-03,SKU-SMA-163,282,322,28,403
2025-03-03,SKU-SMA-164,105,0,7,88
2025-03-03,SKU-SMA-165,225,257,21,322
2025-03-03,SKU-SMA-166,51,138,14,173
2025-03-03,SKU-SMA-167,730,0,28,292
2025-03-03,SKU-SMA-168,176,470,21,588
2025-03-03,SKU-SMA-169,227,260,14,325
2025-03-03,SKU-SMA-170,241,0,7,201
2025-03-03,SKU-SMA-171,542,0,7,217
2025-03-03,SKU-SMA-172,40,108,7,136
2025-03-03,SKU-SMA-173,679,0,28,566
2025-03-03,SKU-SMA-174,79,91,7,114
2025-03-03,SKU-SMA-175,313,0,14,261
2025-03-03,SKU-SMA-176,303,347,28,434
2025-03-03,SKU-SMA-177,183,0,7,153
2025-03-03,SKU-SMA-178,95,108,7,136
2025-03-03,SKU-SMA-179,114,130,7,163
2025-03-03,SKU-SMA-180,508,0,14,424
2025-03-03,SKU-SMA-181,223,0,7,186
2025-03-03,SKU-SMA-182,345,394,21,493
2025-03-03,SKU-SMA-183,268,0,7,67
2025-03-03,SKU-SMA-184,30,80,7,101
2025-03-03,SKU-SMA-185,1408,0,14,352
2025-03-03,SKU-SMA-186,435,497,21,622
2025-03-03,SKU-SMA-187,1615,0,28,646
2025-03-03,SKU-SMA-188,497,0,21,199
2025-03-03,SKU-SMA-189,172,459,21,574
2025-03-03,SKU-SMA-190,120,320,14,401
2025-03-03,SKU-SMA-191,797,0,14,319
2025-03-03,SKU-SMA-192,3056,0,28,764
2025-03-03,SKU-SMA-193,193,221,21,277
2025-03-03,SKU-SMA-194,45,120,7,150
2025-03-03,SKU-SMA-195,1644,0,21,411
2025-03-03,SKU-SMA-196,153,175,14,219
2025-03-03,SKU-SMA-197,483,552,21,691
2025-03-03,SKU-SMA-198,122,326,21,408
2025-03-03,SKU-SMA-199,239,639,28,799
2025-03-03,SKU-SMA-200,135,360,14,451
2025-03-10,SKU-BED-001,1078,0,28,899
2025-03-10,SKU-BED-002,219,0,7,183
2025-03-10,SKU-BED-003,1935,0,28,774
2025-03-10,SKU-BED-004,217,0,14,181
2025-03-10,SKU-BED-005,1844,0,28,461
2025-03-10,SKU-BED-006,336,384,21,480
2025-03-10,SKU-BED-007,1051,0,28,876
2025-03-10,SKU-BED-008,397,0,7,159
2025-03-10,SKU-BED-009,258,0,7,215
2025-03-10,SKU-BED-010,302,0,14,252
2025-03-10,SKU-BED-011,618,707,28,884
2025-03-10,SKU-BED-012,67,76,7,96
2025-03-10,SKU-BED-013,648,0,7,162
2025-03-10,SKU-BED-014,283,324,14,405
2025-03-10,SKU-BED-015,72,82,7,103
2025-03-10,SKU-BED-016,648,0,21,540
2025-03-10,SKU-BED-017,408,0,21,340
2025-03-10,SKU-BED-018,497,568,28,711
2025-03-10,SKU-BED-019,237,634,28,793
2025-03-10,SKU-BED-020,58,156,7,196
2025-03-10,SKU-BED-021,632,0,7,158
2025-03-10,SKU-BED-022,556,0,14,139
2025-03-10,SKU-BED-023,45,121,7,152
2025-03-10,SKU-BED-024,870,0,14,348
2025-03-10,SKU-BED-025,596,0,14,149
2025-03-10,SKU-BED-026,154,412,21,515
2025-03-10,SKU-BED-027,325,0,14,130
2025-03-10,SKU-BED-028,667,0,14,267
2025-03-10,SKU-BED-029,1090,0,21,436
2025-03-10,SKU-BED-030,677,0,14,271
2025-03-10,SKU-BED-031,594,0,28,495
2025-03-10,SKU-BED-032,3404,0,28,851
2025-03-10,SKU-BED-033,294,336,21,420
2025-03-10,SKU-BED-034,319,0,21,266
2025-03-10,SKU-BED-035,129,148,14,185
2025-03-10,SKU-BED-036,1127,0,21,451
2025-03-10,SKU-BED-037,206,0,7,172
2025-03-10,SKU-BED-038,149,399,21,499
2025-03-10,SKU-BED-039,195,521,21,652
2025-03-10,SKU-BED-040,173,463,21,579
2025-03-10,SKU-FUR-041,1410,0,28,564
2025-03-10,SKU-FUR-042,967,0,28,806
2025-03-10,SKU-FUR-043,390,0,14,325
2025-03-10,SKU-FUR-044,140,374,28,468
2025-03-10,SKU-FUR-045,1040,0,28,416
2025-03-10,SKU-FUR-046,550,0,7,220
2025-03-10,SKU-FUR-047,1097,0,28,439
2025-03-10,SKU-FUR-048,124,332,21,416
2025-03-10,SKU-FUR-049,945,0,14,378
2025-03-10,SKU-FUR-050,1585,0,28,634
2025-03-10,SKU-FUR-051,210,560,28,701
2025-03-10,SKU-FUR-052,71,191,14,239
2025-03-10,SKU-FUR-053,1168,0,14,292
2025-03-10,SKU-FUR-054,292,0,7,117
2025-03-10,SKU-FUR-055,360,0,7,144
2025-03-10,SKU-FUR-056,305,0,7,122
2025-03-10,SKU-FUR-057,530,0,14,212
2025-03-10,SKU-FUR-058,526,0,28,439
2025-03-10,SKU-FUR-059,342,391,21,489
2025-03-10,SKU-FUR-060,505,0,14,421
2025-03-10,SKU-FUR-061,46,124,7,156
2025-03-10,SKU-FUR-062,538,0,21,449
2025-03-10,SKU-FUR-063,114,304,28,380
2025-03-10,SKU-FUR-064,248,0,14,207
2025-03-10,SKU-FUR-065,471,0,21,393
2025-03-10,SKU-FUR-066,109,124,7,156
2025-03-10,SKU-FUR-067,30,82,7,103
2025-03-10,SKU-FUR-068,85,228,14,285
2025-03-10,SKU-FUR-069,1460,0,14,365
2025-03-10,SKU-FUR-070,690,0,14,276
2025-03-10,SKU-FUR-071,19,52,7,65
2025-03-10,SKU-FUR-072,896,0,14,224
2025-03-10,SKU-FUR-073,520,0,7,130
2025-03-10,SKU-FUR-074,30,82,7,103
2025-03-10,SKU-FUR-075,418,0,14,349
2025-03-10,SKU-FUR-076,935,0,21,374
2025-03-10,SKU-FUR-077,560,0,21,467
2025-03-10,SKU-FUR-078,1207,0,28,483
2025-03-10,SKU-FUR-079,138,368,14,460
2025-03-10,SKU-FUR-080,1552,0,28,621
2025-03-10,SKU-DEC-081,109,292,21,366
2025-03-10,SKU-DEC-082,333,0,14,278
2025-03-10,SKU-DEC-083,549,0,28,458
2025-03-10,SKU-DEC-084,1624,0,28,406
2025-03-10,SKU-DEC-085,515,588,28,736
2025-03-10,SKU-DEC-086,69,185,14,232
2025-03-10,SKU-DEC-087,56,149,7,187
2025-03-10,SKU-DEC-088,266,0,7,222
2025-03-10,SKU-DEC-089,858,0,28,715
2025-03-10,SKU-DEC-090,266,304,28,380
2025-03-10,SKU-DEC-091,168,448,21,561
2025-03-10,SKU-DEC-092,261,0,14,218
2025-03-10,SKU-DEC-093,388,0,14,324
2025-03-10,SKU-DEC-094,2288,0,21,572
2025-03-10,SKU-DEC-095,195,522,28,653
2025-03-10,SKU-DEC-096,1137,0,14,455
2025-03-10,SKU-DEC-097,425,486,21,608
2025-03-10,SKU-DEC-098,134,0,7,112
2025-03-10,SKU-DEC-099,296,0,14,247
2025-03-10,SKU-DEC-100,1820,0,28,455
2025-03-10,SKU-DEC-101,1362,0,21,545
2025-03-10,SKU-DEC-102,420,0,14,168
2025-03-10,SKU-DEC-103,98,112,14,141
2025-03-10,SKU-DEC-104,540,0,21,216
2025-03-10,SKU-DEC-105,100,268,21,336
2025-03-10,SKU-DEC-106,154,176,7,221
2025-03-10,SKU-DEC-107,850,0,14,340
2025-03-10,SKU-DEC-108,453,0,14,378
2025-03-10,SKU-DEC-109,24,64,7,80
2025-03-10,SKU-DEC-110,78,0,7,65
2025-03-10,SKU-DEC-111,884,0,14,221
2025-03-10,SKU-DEC-112,129,344,21,430
2025-03-10,SKU-DEC-113,1440,0,21,360
2025-03-10,SKU-DEC-114,810,0,21,675
2025-03-10,SKU-DEC-115,73,84,7,105
2025-03-10,SKU-DEC-116,2077,0,28,831
2025-03-10,SKU-DEC-117,24,65,7,82
2025-03-10,SKU-DEC-118,66,176,21,221
2025-03-10,SKU-DEC-119,305,348,21,436
2025-03-10,SKU-DEC-120,111,127,7,159
2025-03-10,SKU-LIG-121,640,0,21,534
2025-03-10,SKU-LIG-122,318,0,21,265
2025-03-10,SKU-LIG-123,417,477,21,597
2025-03-10,SKU-LIG-124,266,711,28,889
2025-03-10,SKU-LIG-125,69,184,21,231
2025-03-10,SKU-LIG-126,1256,0,21,314
2025-03-10,SKU-LIG-127,1880,0,21,470
2025-03-10,SKU-LIG-128,79,212,14,265
2025-03-10,SKU-LIG-129,1630,0,28,652
2025-03-10,SKU-LIG-130,466,533,28,667
2025-03-10,SKU-LIG-131,541,618,28,773
2025-03-10,SKU-LIG-132,608,0,28,507
2025-03-10,SKU-LIG-133,258,689,28,862
2025-03-10,SKU-LIG-134,101,270,21,338
2025-03-10,SKU-LIG-135,48,128,7,161
2025-03-10,SKU-LIG-136,2160,0,28,540
2025-03-10,SKU-LIG-137,395,0,7,158
2025-03-10,SKU-LIG-138,262,0,21,219
2025-03-10,SKU-LIG-139,156,179,7,224
2025-03-10,SKU-LIG-140,94,0,7,79
2025-03-10,SKU-LIG-141,458,0,14,382
2025-03-10,SKU-LIG-142,50,134,7,168
2025-03-10,SKU-LIG-143,514,0,28,429
2025-03-10,SKU-LIG-144,160,183,21,229
2025-03-10,SKU-LIG-145,515,0,14,206
2025-03-10,SKU-LIG-146,373,0,14,311
2025-03-10,SKU-LIG-147,186,213,21,267
2025-03-10,SKU-LIG-148,524,0,7,131
2025-03-10,SKU-LIG-149,1340,0,21,536
2025-03-10,SKU-LIG-150,1417,0,28,567
2025-03-10,SKU-LIG-151,20,54,7,68
2025-03-10,SKU-LIG-152,534,0,28,445
2025-03-10,SKU-LIG-153,132,352,28,441
2025-03-10,SKU-LIG-154,124,331,14,414
2025-03-10,SKU-LIG-155,560,0,21,224
2025-03-10,SKU-LIG-156,1632,0,28,408
2025-03-10,SKU-LIG-157,386,0,21,322
2025-03-10,SKU-LIG-158,58,156,7,195
2025-03-10,SKU-LIG-159,777,0,28,648
2025-03-10,SKU-LIG-160,1485,0,21,594
2025-03-10,SKU-SMA-161,28,76,7,96
2025-03-10,SKU-SMA-162,984,0,21,246
2025-03-10,SKU-SMA-163,250,0,7,100
2025-03-10,SKU-SMA-164,26,70,7,88
2025-03-10,SKU-SMA-165,428,0,7,107
2025-03-10,SKU-SMA-166,103,0,7,86
2025-03-10,SKU-SMA-167,102,116,14,146
2025-03-10,SKU-SMA-168,176,470,21,588
2025-03-10,SKU-SMA-169,390,0,14,325
2025-03-10,SKU-SMA-170,1608,0,14,402
2025-03-10,SKU-SMA-171,1045,0,28,871
2025-03-10,SKU-SMA-172,163,0,7,136
2025-03-10,SKU-SMA-173,564,0,7,141
2025-03-10,SKU-SMA-174,1140,0,28,456
2025-03-10,SKU-SMA-175,1305,0,28,522
2025-03-10,SKU-SMA-176,151,173,14,217
2025-03-10,SKU-SMA-177,1152,0,21,461
2025-03-10,SKU-SMA-178,340,0,7,136
2025-03-10,SKU-SMA-179,588,0,21,490
2025-03-10,SKU-SMA-180,191,509,21,637
2025-03-10,SKU-SMA-181,1862,0,28,745
2025-03-10,SKU-SMA-182,2628,0,28,657
2025-03-10,SKU-SMA-183,93,107,14,134
2025-03-10,SKU-SMA-184,91,243,21,304
2025-03-10,SKU-SMA-185,1762,0,28,705
2025-03-10,SKU-SMA-186,1660,0,14,415
2025-03-10,SKU-SMA-187,145,387,21,484
2025-03-10,SKU-SMA-188,185,212,28,265
2025-03-10,SKU-SMA-189,1528,0,14,382
2025-03-10,SKU-SMA-190,280,320,14,401
2025-03-10,SKU-SMA-191,1276,0,14,319
2025-03-10,SKU-SMA-192,57,152,7,191
2025-03-10,SKU-SMA-193,83,221,21,277
2025-03-10,SKU-SMA-194,210,240,14,300
2025-03-10,SKU-SMA-195,123,328,21,411
2025-03-10,SKU-SMA-196,822,0,21,329
2025-03-10,SKU-SMA-197,644,736,28,921
2025-03-10,SKU-SMA-198,652,0,28,544
2025-03-10,SKU-SMA-199,239,639,28,799
2025-03-10,SKU-SMA-200,157,180,7,225
2025-03-17,SKU-BED-001,896,0,7,224
2025-03-17,SKU-BED-002,880,0,28,734
2025-03-17,SKU-BED-003,270,309,14,387
2025-03-17,SKU-BED-004,225,0,7,90
2025-03-17,SKU-BED-005,322,368,28,461
2025-03-17,SKU-BED-006,1280,0,14,320
2025-03-17,SKU-BED-007,1095,0,14,438
2025-03-17,SKU-BED-008,191,510,28,638
2025-03-17,SKU-BED-009,517,0,14,431
2025-03-17,SKU-BED-010,352,403,28,504
2025-03-17,SKU-BED-011,265,0,7,221
2025-03-17,SKU-BED-012,1152,0,21,288
2025-03-17,SKU-BED-013,1622,0,28,649
2025-03-17,SKU-BED-014,121,324,14,405
2025-03-17,SKU-BED-015,93,248,21,311
2025-03-17,SKU-BED-016,378,432,21,540
2025-03-17,SKU-BED-017,317,363,28,454
2025-03-17,SKU-BED-018,853,0,28,711
2025-03-17,SKU-BED-019,712,0,21,594
2025-03-17,SKU-BED-020,490,0,7,196
2025-03-17,SKU-BED-021,1264,0,14,316
2025-03-17,SKU-BED-022,62,167,21,209
2025-03-17,SKU-BED-023,366,0,14,305
2025-03-17,SKU-BED-024,208,0,7,174
2025-03-17,SKU-BED-025,22,59,7,74
2025-03-17,SKU-BED-026,618,0,21,515
2025-03-17,SKU-BED-027,1040,0,28,260
2025-03-17,SKU-BED-028,1000,0,21,400
2025-03-17,SKU-BED-029,43,116,7,145
2025-03-17,SKU-BED-030,337,0,7,135
2025-03-17,SKU-BED-031,492,0,7,123
2025-03-17,SKU-BED-032,2552,0,21,638
2025-03-17,SKU-BED-033,350,0,7,140
2025-03-17,SKU-BED-034,352,0,7,88
2025-03-17,SKU-BED-035,110,0,7,92
2025-03-17,SKU-BED-036,1127,0,21,451
2025-03-17,SKU-BED-037,2064,0,21,516
2025-03-17,SKU-BED-038,1662,0,28,665
2025-03-17,SKU-BED-039,65,173,7,217
2025-03-17,SKU-BED-040,405,463,21,579
2025-03-17,SKU-FUR-041,352,0,7,141
2025-03-17,SKU-FUR-042,967,0,28,806
2025-03-17,SKU-FUR-043,194,0,7,162
2025-03-17,SKU-FUR-044,877,0,21,351
2025-03-17,SKU-FUR-045,218,249,21,312
2025-03-17,SKU-FUR-046,1056,0,28,880
2025-03-17,SKU-FUR-047,32,87,7,109
2025-03-17,SKU-FUR-048,664,0,28,554
2025-03-17,SKU-FUR-049,170,453,21,567
2025-03-17,SKU-FUR-050,1585,0,28,634
2025-03-17,SKU-FUR-051,122,140,7,175
2025-03-17,SKU-FUR-052,1432,0,21,358
2025-03-17,SKU-FUR-053,1460,0,28,584
2025-03-17,SKU-FUR-054,1880,0,28,470
2025-03-17,SKU-FUR-055,86,231,14,289
2025-03-17,SKU-FUR-056,440,0,21,367
2025-03-17,SKU-FUR-057,95,255,21,319
2025-03-17,SKU-FUR-058,547,0,14,219
2025-03-17,SKU-FUR-059,195,521,28,652
2025-03-17,SKU-FUR-060,189,505,21,632
2025-03-17,SKU-FUR-061,624,0,7,156
2025-03-17,SKU-FUR-062,2396,0,28,599
2025-03-17,SKU-FUR-063,1140,0,21,285
2025-03-17,SKU-FUR-064,248,0,14,207
2025-03-17,SKU-FUR-065,2100,0,28,525
2025-03-17,SKU-FUR-066,2500,0,28,625
2025-03-17,SKU-FUR-067,247,0,14,206
2025-03-17,SKU-FUR-068,685,0,28,571
2025-03-17,SKU-FUR-069,1460,0,14,365
2025-03-17,SKU-FUR-070,690,0,14,276
2025-03-17,SKU-FUR-071,137,157,21,197
2025-03-17,SKU-FUR-072,896,0,14,224
2025-03-17,SKU-FUR-073,627,0,28,523
2025-03-17,SKU-FUR-074,1660,0,28,415
2025-03-17,SKU-FUR-075,418,0,14,349
2025-03-17,SKU-FUR-076,1496,0,21,374
2025-03-17,SKU-FUR-077,1167,0,21,467
2025-03-17,SKU-FUR-078,964,0,14,241
2025-03-17,SKU-FUR-079,483,552,21,691
2025-03-17,SKU-FUR-080,387,0,7,155
2025-03-17,SKU-DEC-081,256,292,21,366
2025-03-17,SKU-DEC-082,500,0,21,417
2025-03-17,SKU-DEC-083,857,0,21,343
2025-03-17,SKU-DEC-084,507,0,14,203
2025-03-17,SKU-DEC-085,386,441,21,552
2025-03-17,SKU-DEC-086,1856,0,28,464
2025-03-17,SKU-DEC-087,901,0,28,751
2025-03-17,SKU-DEC-088,200,534,21,668
2025-03-17,SKU-DEC-089,160,428,21,536
2025-03-17,SKU-DEC-090,950,0,28,380
2025-03-17,SKU-DEC-091,673,0,21,561
2025-03-17,SKU-DEC-092,98,262,21,328
2025-03-17,SKU-DEC-093,1296,0,14,324
2025-03-17,SKU-DEC-094,3048,0,28,762
2025-03-17,SKU-DEC-095,146,391,21,489
2025-03-17,SKU-DEC-096,2732,0,21,683
2025-03-17,SKU-DEC-097,505,0,7,202
2025-03-17,SKU-DEC-098,1804,0,28,451
2025-03-17,SKU-DEC-099,1976,0,28,494
2025-03-17,SKU-DEC-100,135,0,7,113
2025-03-17,SKU-DEC-101,1817,0,28,727
2025-03-17,SKU-DEC-102,235,269,28,337
2025-03-17,SKU-DEC-103,253,0,21,211
2025-03-17,SKU-DEC-104,151,172,21,216
2025-03-17,SKU-DEC-105,403,0,21,336
2025-03-17,SKU-DEC-106,199,531,21,664
2025-03-17,SKU-DEC-107,816,0,28,680
2025-03-17,SKU-DEC-108,170,454,21,568
2025-03-17,SKU-DEC-109,600,0,21,240
2025-03-17,SKU-DEC-110,136,156,21,195
2025-03-17,SKU-DEC-111,275,0,7,110
2025-03-17,SKU-DEC-112,357,0,7,143
2025-03-17,SKU-DEC-113,168,192,14,240
2025-03-17,SKU-DEC-114,202,540,21,675
2025-03-17,SKU-DEC-115,221,252,21,316
2025-03-17,SKU-DEC-116,62,165,7,207
2025-03-17,SKU-DEC-117,73,196,21,246
2025-03-17,SKU-DEC-118,552,0,21,221
2025-03-17,SKU-DEC-119,1744,0,21,436
2025-03-17,SKU-DEC-120,1916,0,21,479
2025-03-17,SKU-LIG-121,249,284,14,356
2025-03-17,SKU-LIG-122,704,0,14,176
2025-03-17,SKU-LIG-123,2388,0,21,597
2025-03-17,SKU-LIG-124,888,0,7,222
2025-03-17,SKU-LIG-125,616,0,14,154
2025-03-17,SKU-LIG-126,62,167,14,209
2025-03-17,SKU-LIG-127,390,0,7,156
2025-03-17,SKU-LIG-128,637,0,28,531
2025-03-17,SKU-LIG-129,114,130,7,163
2025-03-17,SKU-LIG-130,664,0,7,166
2025-03-17,SKU-LIG-131,463,0,14,386
2025-03-17,SKU-LIG-132,266,304,21,380
2025-03-17,SKU-LIG-133,860,0,7,215
2025-03-17,SKU-LIG-134,236,270,21,338
2025-03-17,SKU-LIG-135,1212,0,21,485
2025-03-17,SKU-LIG-136,283,324,21,405
2025-03-17,SKU-LIG-137,792,0,14,317
2025-03-17,SKU-LIG-138,153,175,21,219
2025-03-17,SKU-LIG-139,1120,0,14,448
2025-03-17,SKU-LIG-140,956,0,21,239
2025-03-17,SKU-LIG-141,1528,0,14,382
2025-03-17,SKU-LIG-142,806,0,28,672
2025-03-17,SKU-LIG-143,128,0,7,107
2025-03-17,SKU-LIG-144,107,122,14,153
2025-03-17,SKU-LIG-145,289,330,28,413
2025-03-17,SKU-LIG-146,186,0,7,155
2025-03-17,SKU-LIG-147,53,142,14,178
2025-03-17,SKU-LIG-148,1052,0,14,263
2025-03-17,SKU-LIG-149,213,0,7,178
2025-03-17,SKU-LIG-150,564,0,7,141
2025-03-17,SKU-LIG-151,1092,0,28,273
2025-03-17,SKU-LIG-152,400,0,21,334
2025-03-17,SKU-LIG-153,550,0,14,220
2025-03-17,SKU-LIG-154,3316,0,28,829
2025-03-17,SKU-LIG-155,1196,0,28,299
2025-03-17,SKU-LIG-156,1632,0,28,408
2025-03-17,SKU-LIG-157,96,257,21,322
2025-03-17,SKU-LIG-158,410,469,21,587
2025-03-17,SKU-LIG-159,97,259,14,324
2025-03-17,SKU-LIG-160,990,0,14,396
2025-03-17,SKU-SMA-161,720,0,21,288
2025-03-17,SKU-SMA-162,410,0,14,164
2025-03-17,SKU-SMA-163,502,0,14,201
2025-03-17,SKU-SMA-164,246,281,28,352
2025-03-17,SKU-SMA-165,32,85,7,107
2025-03-17,SKU-SMA-166,344,0,7,86
2025-03-17,SKU-SMA-167,43,116,14,146
2025-03-17,SKU-SMA-168,274,313,14,392
2025-03-17,SKU-SMA-169,455,520,28,651
2025-03-17,SKU-SMA-170,3220,0,28,805
2025-03-17,SKU-SMA-171,261,696,28,871
2025-03-17,SKU-SMA-172,95,108,7,136
2025-03-17,SKU-SMA-173,198,226,14,283
2025-03-17,SKU-SMA-174,1824,0,28,456
2025-03-17,SKU-SMA-175,652,0,14,261
2025-03-17,SKU-SMA-176,432,0,7,108
2025-03-17,SKU-SMA-177,612,0,7,153
2025-03-17,SKU-SMA-178,682,0,14,273
2025-03-17,SKU-SMA-179,228,260,14,326
2025-03-17,SKU-SMA-180,1060,0,14,424
2025-03-17,SKU-SMA-181,130,148,7,186
2025-03-17,SKU-SMA-182,393,0,14,328
2025-03-17,SKU-SMA-183,536,0,14,134
2025-03-17,SKU-SMA-184,760,0,21,304
2025-03-17,SKU-SMA-185,704,0,7,176
2025-03-17,SKU-SMA-186,290,332,14,415
2025-03-17,SKU-SMA-187,402,0,7,161
2025-03-17,SKU-SMA-188,79,0,7,66
2025-03-17,SKU-SMA-189,1528,0,14,382
2025-03-17,SKU-SMA-190,3212,0,28,803
2025-03-17,SKU-SMA-191,223,255,14,319
2025-03-17,SKU-SMA-192,171,458,21,573
2025-03-17,SKU-SMA-193,692,0,21,277
2025-03-17,SKU-SMA-194,540,0,21,450
2025-03-17,SKU-SMA-195,342,0,7,137
2025-03-17,SKU-SMA-196,76,87,7,109
2025-03-17,SKU-SMA-197,1840,0,14,460
2025-03-17,SKU-SMA-198,1020,0,21,408
2025-03-17,SKU-SMA-199,139,159,7,199
2025-03-17,SKU-SMA-200,3612,0,28,903
2025-03-24,SKU-BED-001,808,0,21,674
2025-03-24,SKU-BED-002,1835,0,28,734
2025-03-24,SKU-BED-003,57,154,7,193
2025-03-24,SKU-BED-004,452,0,14,181
2025-03-24,SKU-BED-005,862,0,21,345
2025-03-24,SKU-BED-006,192,512,28,640
2025-03-24,SKU-BED-007,788,0,21,657
2025-03-24,SKU-BED-008,1197,0,21,479
2025-03-24,SKU-BED-009,1724,0,14,431
2025-03-24,SKU-BED-010,176,201,14,252
2025-03-24,SKU-BED-011,884,0,7,221
2025-03-24,SKU-BED-012,230,0,14,192
2025-03-24,SKU-BED-013,97,259,14,324
2025-03-24,SKU-BED-014,2428,0,21,607
2025-03-24,SKU-BED-015,1037,0,28,415
2025-03-24,SKU-BED-016,900,0,14,360
2025-03-24,SKU-BED-017,452,0,7,113
2025-03-24,SKU-BED-018,213,568,28,711
2025-03-24,SKU-BED-019,990,0,14,396
2025-03-24,SKU-BED-020,550,629,28,787
2025-03-24,SKU-BED-021,47,126,7,158
2025-03-24,SKU-BED-022,522,0,21,209
2025-03-24,SKU-BED-023,548,0,21,457
2025-03-24,SKU-BED-024,1392,0,14,348
2025-03-24,SKU-BED-025,89,238,28,298
2025-03-24,SKU-BED-026,824,0,28,687
2025-03-24,SKU-BED-027,182,208,28,260
2025-03-24,SKU-BED-028,480,0,21,400
2025-03-24,SKU-BED-029,406,464,28,581
2025-03-24,SKU-BED-030,81,216,14,271
2025-03-24,SKU-BED-031,86,98,7,123
2025-03-24,SKU-BED-032,254,0,7,212
2025-03-24,SKU-BED-033,504,0,21,420
2025-03-24,SKU-BED-034,442,0,14,177
2025-03-24,SKU-BED-035,83,221,21,277
2025-03-24,SKU-BED-036,541,0,21,451
2025-03-24,SKU-BED-037,2756,0,28,689
2025-03-24,SKU-BED-038,798,0,28,665
2025-03-24,SKU-BED-039,260,695,28,869
2025-03-24,SKU-BED-040,772,0,7,193
2025-03-24,SKU-FUR-041,1692,0,21,423
2025-03-24,SKU-FUR-042,60,160,7,201
2025-03-24,SKU-FUR-043,113,129,7,162
2025-03-24,SKU-FUR-044,292,0,7,117
2025-03-24,SKU-FUR-045,1248,0,21,312
2025-03-24,SKU-FUR-046,1760,0,14,440
2025-03-24,SKU-FUR-047,76,87,7,109
2025-03-24,SKU-FUR-048,1040,0,21,416
2025-03-24,SKU-FUR-049,2268,0,21,567
2025-03-24,SKU-FUR-050,2536,0,28,634
2025-03-24,SKU-FUR-051,122,140,7,175
2025-03-24,SKU-FUR-052,167,191,14,239
2025-03-24,SKU-FUR-053,306,350,21,438
2025-03-24,SKU-FUR-054,940,0,14,235
2025-03-24,SKU-FUR-055,1736,0,21,434
2025-03-24,SKU-FUR-056,36,97,7,122
2025-03-24,SKU-FUR-057,265,0,7,106
2025-03-24,SKU-FUR-058,1097,0,28,439
2025-03-24,SKU-FUR-059,114,130,7,163
2025-03-24,SKU-FUR-060,294,336,14,421
2025-03-24,SKU-FUR-061,218,249,14,312
2025-03-24,SKU-FUR-062,1196,0,14,299
2025-03-24,SKU-FUR-063,266,304,28,380
2025-03-24,SKU-FUR-064,123,0,7,103
2025-03-24,SKU-FUR-065,78,209,14,262
2025-03-24,SKU-FUR-066,1248,0,14,312
2025-03-24,SKU-FUR-067,93,248,21,310
2025-03-24,SKU-FUR-068,342,0,14,285
2025-03-24,SKU-FUR-069,255,292,14,365
2025-03-24,SKU-FUR-070,690,0,14,276
2025-03-24,SKU-FUR-071,1052,0,28,263
2025-03-24,SKU-FUR-072,156,179,14,224
2025-03-24,SKU-FUR-073,156,0,7,130
2025-03-24,SKU-FUR-074,828,0,14,207
2025-03-24,SKU-FUR-075,2792,0,28,698
2025-03-24,SKU-FUR-076,112,299,21,374
2025-03-24,SKU-FUR-077,1868,0,21,467
2025-03-24,SKU-FUR-078,579,0,28,483
2025-03-24,SKU-FUR-079,1150,0,14,460
2025-03-24,SKU-FUR-080,775,0,14,310
2025-03-24,SKU-DEC-081,256,292,21,366
2025-03-24,SKU-DEC-082,347,0,7,139
2025-03-24,SKU-DEC-083,857,0,21,343
2025-03-24,SKU-DEC-084,366,0,21,305
2025-03-24,SKU-DEC-085,460,0,7,184
2025-03-24,SKU-DEC-086,278,0,14,232
2025-03-24,SKU-DEC-087,224,0,7,187
2025-03-24,SKU-DEC-088,3560,0,28,890
2025-03-24,SKU-DEC-089,643,0,21,536
2025-03-24,SKU-DEC-090,28,76,7,95
2025-03-24,SKU-DEC-091,523,598,28,748
2025-03-24,SKU-DEC-092,229,262,21,328
2025-03-24,SKU-DEC-093,113,129,7,162
2025-03-24,SKU-DEC-094,114,304,14,381
2025-03-24,SKU-DEC-095,2612,0,28,653
2025-03-24,SKU-DEC-096,637,728,28,910
2025-03-24,SKU-DEC-097,243,648,28,811
2025-03-24,SKU-DEC-098,448,0,7,112
2025-03-24,SKU-DEC-099,36,98,7,123
2025-03-24,SKU-DEC-100,908,0,14,227
2025-03-24,SKU-DEC-101,1817,0,28,727
2025-03-24,SKU-DEC-102,117,134,14,168
2025-03-24,SKU-DEC-103,564,0,14,141
2025-03-24,SKU-DEC-104,360,0,14,144
2025-03-24,SKU-DEC-105,313,358,28,448
2025-03-24,SKU-DEC-106,1772,0,14,443
2025-03-24,SKU-DEC-107,1700,0,28,680
2025-03-24,SKU-DEC-108,226,0,7,189
2025-03-24,SKU-DEC-109,224,256,28,320
2025-03-24,SKU-DEC-110,58,156,21,195
2025-03-24,SKU-DEC-111,154,176,14,221
2025-03-24,SKU-DEC-112,357,0,7,143
2025-03-24,SKU-DEC-113,1440,0,21,360
2025-03-24,SKU-DEC-114,315,360,14,450
2025-03-24,SKU-DEC-115,379,0,21,316
2025-03-24,SKU-DEC-116,186,498,21,623
2025-03-24,SKU-DEC-117,205,0,7,82
2025-03-24,SKU-DEC-118,102,117,14,147
2025-03-24,SKU-DEC-119,1744,0,21,436
2025-03-24,SKU-DEC-120,1276,0,14,319
2025-03-24,SKU-LIG-121,890,0,14,356
2025-03-24,SKU-LIG-122,440,0,14,176
2025-03-24,SKU-LIG-123,477,0,14,398
2025-03-24,SKU-LIG-124,1066,0,28,889
2025-03-24,SKU-LIG-125,69,184,21,231
2025-03-24,SKU-LIG-126,785,0,21,314
2025-03-24,SKU-LIG-127,782,0,14,313
2025-03-24,SKU-LIG-128,79,212,14,265
2025-03-24,SKU-LIG-129,1304,0,14,326
2025-03-24,SKU-LIG-130,233,266,14,333
2025-03-24,SKU-LIG-131,927,0,28,773
2025-03-24,SKU-LIG-132,1012,0,14,253
2025-03-24,SKU-LIG-133,193,516,21,646
2025-03-24,SKU-LIG-134,562,0,14,225
2025-03-24,SKU-LIG-135,1940,0,21,485
2025-03-24,SKU-LIG-136,94,108,7,135
2025-03-24,SKU-LIG-137,570,0,21,475
2025-03-24,SKU-LIG-138,292,0,7,73
2025-03-24,SKU-LIG-139,1680,0,21,672
2025-03-24,SKU-LIG-140,47,127,14,159
2025-03-24,SKU-LIG-141,267,305,14,382
2025-03-24,SKU-LIG-142,672,0,7,168
2025-03-24,SKU-LIG-143,428,0,7,107
2025-03-24,SKU-LIG-144,190,0,7,76
2025-03-24,SKU-LIG-145,257,0,7,103
2025-03-24,SKU-LIG-146,2488,0,28,622
2025-03-24,SKU-LIG-147,26,71,7,89
2025-03-24,SKU-LIG-148,368,420,28,526
2025-03-24,SKU-LIG-149,445,0,7,178
2025-03-24,SKU-LIG-150,2268,0,28,567
2025-03-24,SKU-LIG-151,61,164,21,205
2025-03-24,SKU-LIG-152,66,177,14,222
2025-03-24,SKU-LIG-153,880,0,14,220
2025-03-24,SKU-LIG-154,1035,0,14,414
2025-03-24,SKU-LIG-155,358,0,28,299
2025-03-24,SKU-LIG-156,510,0,14,204
2025-03-24,SKU-LIG-157,1072,0,28,429
2025-03-24,SKU-LIG-158,3132,0,28,783
2025-03-24,SKU-LIG-159,226,259,14,324
2025-03-24,SKU-LIG-160,3168,0,28,792
2025-03-24,SKU-SMA-161,67,76,7,96
2025-03-24,SKU-SMA-162,57,65,7,82
2025-03-24,SKU-SMA-163,362,0,21,302
2025-03-24,SKU-SMA-164,246,281,28,352
2025-03-24,SKU-SMA-165,258,0,14,215
2025-03-24,SKU-SMA-166,51,138,14,173
2025-03-24,SKU-SMA-167,87,233,28,292
2025-03-24,SKU-SMA-168,411,470,21,588
2025-03-24,SKU-SMA-169,1300,0,14,325
2025-03-24,SKU-SMA-170,502,0,7,201
2025-03-24,SKU-SMA-171,868,0,7,217
2025-03-24,SKU-SMA-172,382,437,28,547
2025-03-24,SKU-SMA-173,679,0,28,566
2025-03-24,SKU-SMA-174,159,182,14,228
2025-03-24,SKU-SMA-175,1305,0,28,522
2025-03-24,SKU-SMA-176,129,0,7,108
2025-03-24,SKU-SMA-177,1844,0,21,461
2025-03-24,SKU-SMA-178,655,0,28,546
2025-03-24,SKU-SMA-179,48,130,7,163
2025-03-24,SKU-SMA-180,1696,0,14,424
2025-03-24,SKU-SMA-181,2236,0,21,559
2025-03-24,SKU-SMA-182,820,0,14,328
2025-03-24,SKU-SMA-183,80,0,7,67
2025-03-24,SKU-SMA-184,121,0,7,101
2025-03-24,SKU-SMA-185,846,0,28,705
2025-03-24,SKU-SMA-186,62,165,7,207
2025-03-24,SKU-SMA-187,112,128,7,161
2025-03-24,SKU-SMA-188,46,52,7,66
2025-03-24,SKU-SMA-189,918,0,28,765
2025-03-24,SKU-SMA-190,500,0,7,200
2025-03-24,SKU-SMA-191,797,0,14,319
2025-03-24,SKU-SMA-192,458,0,14,382
2025-03-24,SKU-SMA-193,193,221,21,277
2025-03-24,SKU-SMA-194,45,120,7,150
2025-03-24,SKU-SMA-195,685,0,14,274
2025-03-24,SKU-SMA-196,876,0,14,219
2025-03-24,SKU-SMA-197,552,0,14,460
2025-03-24,SKU-SMA-198,1020,0,21,408
2025-03-24,SKU-SMA-199,1497,0,21,599
2025-03-24,SKU-SMA-200,3612,0,28,903
2025-03-31,SKU-BED-001,629,719,28,899
2025-03-31,SKU-BED-002,2204,0,21,551
2025-03-31,SKU-BED-003,967,0,14,387
2025-03-31,SKU-BED-004,677,0,21,271
2025-03-31,SKU-BED-005,575,0,14,230
2025-03-31,SKU-BED-006,400,0,7,160
2025-03-31,SKU-BED-007,3504,0,28,876
2025-03-31,SKU-BED-008,223,255,14,319
2025-03-31,SKU-BED-009,1034,0,28,862
2025-03-31,SKU-BED-010,453,0,21,378
2025-03-31,SKU-BED-011,1105,0,14,442
2025-03-31,SKU-BED-012,28,76,7,96
2025-03-31,SKU-BED-013,194,0,7,162
2025-03-31,SKU-BED-014,2025,0,28,810
2025-03-31,SKU-BED-015,498,0,28,415
2025-03-31,SKU-BED-016,2880,0,28,720
2025-03-31,SKU-BED-017,272,0,14,227
2025-03-31,SKU-BED-018,123,141,7,177
2025-03-31,SKU-BED-019,118,316,14,396
2025-03-31,SKU-BED-020,235,0,7,196
2025-03-31,SKU-BED-021,1896,0,21,474
2025-03-31,SKU-BED-022,166,0,14,139
2025-03-31,SKU-BED-023,2440,0,28,610
2025-03-31,SKU-BED-024,156,417,21,522
2025-03-31,SKU-BED-025,44,119,14,149
2025-03-31,SKU-BED-026,240,274,14,343
2025-03-31,SKU-BED-027,78,208,28,260
2025-03-31,SKU-BED-028,160,427,28,534
2025-03-31,SKU-BED-029,305,348,21,436
2025-03-31,SKU-BED-030,380,434,28,543
2025-03-31,SKU-BED-031,927,0,21,371
2025-03-31,SKU-BED-032,3404,0,28,851
2025-03-31,SKU-BED-033,504,0,21,420
2025-03-31,SKU-BED-034,106,283,28,354
2025-03-31,SKU-BED-035,1480,0,28,370
2025-03-31,SKU-BED-036,105,120,7,150
2025-03-31,SKU-BED-037,206,551,28,689
2025-03-31,SKU-BED-038,49,132,7,166
2025-03-31,SKU-BED-039,65,173,7,217
2025-03-31,SKU-BED-040,231,617,28,772
2025-03-31,SKU-FUR-041,676,0,28,564
2025-03-31,SKU-FUR-042,140,160,7,201
2025-03-31,SKU-FUR-043,648,0,7,162
2025-03-31,SKU-FUR-044,877,0,21,351
2025-03-31,SKU-FUR-045,218,249,21,312
2025-03-31,SKU-FUR-046,3520,0,28,880
2025-03-31,SKU-FUR-047,526,0,28,439
2025-03-31,SKU-FUR-048,96,110,7,138
2025-03-31,SKU-FUR-049,1512,0,14,378
2025-03-31,SKU-FUR-050,95,253,14,317
2025-03-31,SKU-FUR-051,244,280,14,350
2025-03-31,SKU-FUR-052,334,382,28,478
2025-03-31,SKU-FUR-053,350,0,14,292
2025-03-31,SKU-FUR-054,1175,0,28,470
2025-03-31,SKU-FUR-055,1736,0,21,434
2025-03-31,SKU-FUR-056,305,0,7,122
2025-03-31,SKU-FUR-057,127,0,7,106
2025-03-31,SKU-FUR-058,130,0,7,109
2025-03-31,SKU-FUR-059,195,521,28,652
2025-03-31,SKU-FUR-060,147,168,7,210
2025-03-31,SKU-FUR-061,390,0,7,156
2025-03-31,SKU-FUR-062,1196,0,14,299
2025-03-31,SKU-FUR-063,57,152,14,190
2025-03-31,SKU-FUR-064,124,331,28,414
2025-03-31,SKU-FUR-065,1312,0,28,525
2025-03-31,SKU-FUR-066,327,374,21,468
2025-03-31,SKU-FUR-067,1652,0,28,413
2025-03-31,SKU-FUR-068,399,456,28,571
2025-03-31,SKU-FUR-069,255,292,14,365
2025-03-31,SKU-FUR-070,165,0,7,138
2025-03-31,SKU-FUR-071,788,0,21,197
2025-03-31,SKU-FUR-072,1348,0,21,337
2025-03-31,SKU-FUR-073,78,208,14,261
2025-03-31,SKU-FUR-074,123,0,7,103
2025-03-31,SKU-FUR-075,418,0,14,349
2025-03-31,SKU-FUR-076,1996,0,28,499
2025-03-31,SKU-FUR-077,436,498,28,623
2025-03-31,SKU-FUR-078,964,0,14,241
2025-03-31,SKU-FUR-079,3684,0,28,921
2025-03-31,SKU-FUR-080,620,0,7,155
2025-03-31,SKU-DEC-081,1220,0,28,488
2025-03-31,SKU-DEC-082,166,0,7,139
2025-03-31,SKU-DEC-083,68,183,14,229
2025-03-31,SKU-DEC-084,121,324,28,406
2025-03-31,SKU-DEC-085,515,588,28,736
2025-03-31,SKU-DEC-086,417,0,21,348
2025-03-31,SKU-DEC-087,225,600,28,751
2025-03-31,SKU-DEC-088,801,0,21,668
2025-03-31,SKU-DEC-089,53,142,7,178
2025-03-31,SKU-DEC-090,114,304,28,380
2025-03-31,SKU-DEC-091,392,448,21,561
2025-03-31,SKU-DEC-092,152,174,14,218
2025-03-31,SKU-DEC-093,810,0,14,324
2025-03-31,SKU-DEC-094,914,0,28,762
2025-03-31,SKU-DEC-095,195,522,28,653
2025-03-31,SKU-DEC-096,3640,0,28,910
2025-03-31,SKU-DEC-097,121,324,14,405
2025-03-31,SKU-DEC-098,270,0,14,225
2025-03-31,SKU-DEC-099,36,98,7,123
2025-03-31,SKU-DEC-100,409,0,21,341
2025-03-31,SKU-DEC-101,872,0,28,727
2025-03-31,SKU-DEC-102,1008,0,21,252
2025-03-31,SKU-DEC-103,98,112,14,141
2025-03-31,SKU-DEC-104,360,0,14,144
2025-03-31,SKU-DEC-105,134,358,28,448
2025-03-31,SKU-DEC-106,3544,0,28,886
2025-03-31,SKU-DEC-107,153,408,21,510
2025-03-31,SKU-DEC-108,756,0,7,189
2025-03-31,SKU-DEC-109,384,0,28,320
2025-03-31,SKU-DEC-110,91,104,14,130
2025-03-31,SKU-DEC-111,77,88,7,110
2025-03-31,SKU-DEC-112,171,0,7,143
2025-03-31,SKU-DEC-113,144,384,28,480
2025-03-31,SKU-DEC-114,1687,0,21,675
2025-03-31,SKU-DEC-115,262,0,7,105
2025-03-31,SKU-DEC-116,828,0,7,207
2025-03-31,SKU-DEC-117,24,65,7,82
2025-03-31,SKU-DEC-118,292,0,7,73
2025-03-31,SKU-DEC-119,2328,0,28,582
2025-03-31,SKU-DEC-120,1197,0,21,479
2025-03-31,SKU-LIG-121,445,0,7,178
2025-03-31,SKU-LIG-122,882,0,28,353
2025-03-31,SKU-LIG-123,796,0,7,199
2025-03-31,SKU-LIG-124,3556,0,28,889
2025-03-31,SKU-LIG-125,1236,0,28,309
2025-03-31,SKU-LIG-126,219,251,21,314
2025-03-31,SKU-LIG-127,109,124,7,156
2025-03-31,SKU-LIG-128,637,0,28,531
2025-03-31,SKU-LIG-129,1304,0,14,326
2025-03-31,SKU-LIG-130,399,0,14,333
2025-03-31,SKU-LIG-131,1932,0,28,773
2025-03-31,SKU-LIG-132,75,202,14,253
2025-03-31,SKU-LIG-133,775,0,21,646
2025-03-31,SKU-LIG-134,405,0,21,338
2025-03-31,SKU-LIG-135,387,0,14,323
2025-03-31,SKU-LIG-136,283,324,21,405
2025-03-31,SKU-LIG-137,1268,0,14,317
2025-03-31,SKU-LIG-138,365,0,14,146
2025-03-31,SKU-LIG-139,896,0,7,224
2025-03-31,SKU-LIG-140,286,0,21,239
2025-03-31,SKU-LIG-141,133,152,7,191
2025-03-31,SKU-LIG-142,672,0,7,168
2025-03-31,SKU-LIG-143,267,0,7,107
2025-03-31,SKU-LIG-144,214,244,28,306
2025-03-31,SKU-LIG-145,772,0,21,309
2025-03-31,SKU-LIG-146,1555,0,28,622
2025-03-31,SKU-LIG-147,445,0,14,178
2025-03-31,SKU-LIG-148,275,315,21,394
2025-03-31,SKU-LIG-149,375,428,21,536
2025-03-31,SKU-LIG-150,127,340,21,425
2025-03-31,SKU-LIG-151,246,0,21,205
2025-03-31,SKU-LIG-152,155,177,14,222
2025-03-31,SKU-LIG-153,66,176,14,220
2025-03-31,SKU-LIG-154,1656,0,14,414
2025-03-31,SKU-LIG-155,560,0,21,224
2025-03-31,SKU-LIG-156,489,0,28,408
2025-03-31,SKU-LIG-157,225,257,21,322
2025-03-31,SKU-LIG-158,780,0,7,195
2025-03-31,SKU-LIG-159,340,388,21,486
2025-03-31,SKU-LIG-160,138,158,7,198
2025-03-31,SKU-SMA-161,115,307,28,384
2025-03-31,SKU-SMA-162,57,65,7,82
2025-03-31,SKU-SMA-163,241,0,14,201
2025-03-31,SKU-SMA-164,61,70,7,88
2025-03-31,SKU-SMA-165,537,0,14,215
2025-03-31,SKU-SMA-166,60,68,7,86
2025-03-31,SKU-SMA-167,262,0,21,219
2025-03-31,SKU-SMA-168,940,0,28,784
2025-03-31,SKU-SMA-169,390,0,14,325
2025-03-31,SKU-SMA-170,563,644,28,805
2025-03-31,SKU-SMA-171,1632,0,21,653
2025-03-31,SKU-SMA-172,191,218,14,273
2025-03-31,SKU-SMA-173,679,0,28,566
2025-03-31,SKU-SMA-174,285,0,7,114
2025-03-31,SKU-SMA-175,520,0,7,130
2025-03-31,SKU-SMA-176,32,86,7,108
2025-03-31,SKU-SMA-177,1535,0,28,614
2025-03-31,SKU-SMA-178,544,0,7,136
2025-03-31,SKU-SMA-179,114,130,7,163
2025-03-31,SKU-SMA-180,296,339,14,424
2025-03-31,SKU-SMA-181,670,0,21,559
2025-03-31,SKU-SMA-182,1312,0,14,328
2025-03-31,SKU-SMA-183,40,107,14,134
2025-03-31,SKU-SMA-184,486,0,28,405
2025-03-31,SKU-SMA-185,422,0,14,352
2025-03-31,SKU-SMA-186,3320,0,28,830
2025-03-31,SKU-SMA-187,193,0,7,161
2025-03-31,SKU-SMA-188,92,105,14,132
2025-03-31,SKU-SMA-189,1528,0,14,382
2025-03-31,SKU-SMA-190,963,0,28,803
2025-03-31,SKU-SMA-191,382,0,14,319
2025-03-31,SKU-SMA-192,401,458,21,573
2025-03-31,SKU-SMA-193,64,73,7,92
2025-03-31,SKU-SMA-194,420,480,28,600
2025-03-31,SKU-SMA-195,384,439,28,549
2025-03-31,SKU-SMA-196,547,0,14,219
2025-03-31,SKU-SMA-197,276,736,28,921
2025-03-31,SKU-SMA-198,95,108,7,136
2025-03-31,SKU-SMA-199,497,0,7,199
2025-03-31,SKU-SMA-200,270,722,28,903
2025-04-07,SKU-BED-001,2247,0,28,899
2025-04-07,SKU-BED-002,256,293,14,367
2025-04-07,SKU-BED-003,270,309,14,387
2025-04-07,SKU-BED-004,724,0,14,181
2025-04-07,SKU-BED-005,276,0,14,230
2025-04-07,SKU-BED-006,1920,0,21,480
2025-04-07,SKU-BED-007,1752,0,14,438
2025-04-07,SKU-BED-008,397,0,7,159
2025-04-07,SKU-BED-009,193,516,21,646
2025-04-07,SKU-BED-010,151,0,7,126
2025-04-07,SKU-BED-011,132,353,14,442
2025-04-07,SKU-BED-012,269,308,28,385
2025-04-07,SKU-BED-013,584,0,21,487
2025-04-07,SKU-BED-014,424,485,21,607
2025-04-07,SKU-BED-015,72,82,7,103
2025-04-07,SKU-BED-016,1800,0,28,720
2025-04-07,SKU-BED-017,158,181,14,227
2025-04-07,SKU-BED-018,887,0,14,355
2025-04-07,SKU-BED-019,2376,0,21,594
2025-04-07,SKU-BED-020,177,472,21,590
2025-04-07,SKU-BED-021,1580,0,28,632
2025-04-07,SKU-BED-022,20,55,7,69
2025-04-07,SKU-BED-023,182,0,7,152
2025-04-07,SKU-BED-024,835,0,28,696
2025-04-07,SKU-BED-025,296,0,7,74
2025-04-07,SKU-BED-026,360,412,21,515
2025-04-07,SKU-BED-027,780,0,21,195
2025-04-07,SKU-BED-028,39,106,7,133
2025-04-07,SKU-BED-029,1160,0,14,290
2025-04-07,SKU-BED-030,677,0,14,271
2025-04-07,SKU-BED-031,74,197,14,247
2025-04-07,SKU-BED-032,148,169,7,212
2025-04-07,SKU-BED-033,98,112,7,140
2025-04-07,SKU-BED-034,1064,0,21,266
2025-04-07,SKU-BED-035,111,296,28,370
2025-04-07,SKU-BED-036,1127,0,21,451
2025-04-07,SKU-BED-037,2756,0,28,689
2025-04-07,SKU-BED-038,349,399,21,499
2025-04-07,SKU-BED-039,130,347,14,434
2025-04-07,SKU-BED-040,694,0,21,579
2025-04-07,SKU-FUR-041,2256,0,28,564
2025-04-07,SKU-FUR-042,241,644,28,806
2025-04-07,SKU-FUR-043,1300,0,14,325
2025-04-07,SKU-FUR-044,292,0,7,117
2025-04-07,SKU-FUR-045,260,0,7,104
2025-04-07,SKU-FUR-046,264,0,7,220
2025-04-07,SKU-FUR-047,32,87,7,109
2025-04-07,SKU-FUR-048,499,0,21,416
2025-04-07,SKU-FUR-049,226,0,7,189
2025-04-07,SKU-FUR-050,1190,0,21,476
2025-04-07,SKU-FUR-051,630,0,21,525
2025-04-07,SKU-FUR-052,476,0,7,119
2025-04-07,SKU-FUR-053,525,0,21,438
2025-04-07,SKU-FUR-054,292,0,7,117
2025-04-07,SKU-FUR-055,172,0,7,144
2025-04-07,SKU-FUR-056,917,0,21,367
2025-04-07,SKU-FUR-057,265,0,7,106
2025-04-07,SKU-FUR-058,32,87,7,109
2025-04-07,SKU-FUR-059,815,0,14,326
2025-04-07,SKU-FUR-060,147,168,7,210
2025-04-07,SKU-FUR-061,2500,0,28,625
2025-04-07,SKU-FUR-062,178,0,7,149
2025-04-07,SKU-FUR-063,475,0,14,190
2025-04-07,SKU-FUR-064,248,0,14,207
2025-04-07,SKU-FUR-065,78,209,14,262
2025-04-07,SKU-FUR-066,46,124,7,156
2025-04-07,SKU-FUR-067,61,164,14,206
2025-04-07,SKU-FUR-068,1427,0,28,571
2025-04-07,SKU-FUR-069,164,437,21,547
2025-04-07,SKU-FUR-070,193,220,14,276
2025-04-07,SKU-FUR-071,327,0,14,131
2025-04-07,SKU-FUR-072,33,89,7,112
2025-04-07,SKU-FUR-073,366,418,28,523
2025-04-07,SKU-FUR-074,1037,0,28,415
2025-04-07,SKU-FUR-075,209,558,28,698
2025-04-07,SKU-FUR-076,310,0,7,124
2025-04-07,SKU-FUR-077,186,498,28,623
2025-04-07,SKU-FUR-078,964,0,14,241
2025-04-07,SKU-FUR-079,1727,0,21,691
2025-04-07,SKU-FUR-080,108,124,7,155
2025-04-07,SKU-DEC-081,73,195,14,244
2025-04-07,SKU-DEC-082,333,0,14,278
2025-04-07,SKU-DEC-083,136,0,7,114
2025-04-07,SKU-DEC-084,60,162,14,203
2025-04-07,SKU-DEC-085,1840,0,28,736
2025-04-07,SKU-DEC-086,556,0,28,464
2025-04-07,SKU-DEC-087,2252,0,21,563
2025-04-07,SKU-DEC-088,155,177,7,222
2025-04-07,SKU-DEC-089,124,142,7,178
2025-04-07,SKU-DEC-090,1140,0,21,285
2025-04-07,SKU-DEC-091,897,0,28,748
2025-04-07,SKU-DEC-092,229,262,21,328
2025-04-07,SKU-DEC-093,226,259,14,324
2025-04-07,SKU-DEC-094,228,0,7,190
2025-04-07,SKU-DEC-095,1222,0,21,489
2025-04-07,SKU-DEC-096,567,0,7,227
2025-04-07,SKU-DEC-097,242,0,7,202
2025-04-07,SKU-DEC-098,845,0,21,338
2025-04-07,SKU-DEC-099,1976,0,28,494
2025-04-07,SKU-DEC-100,452,0,7,113
2025-04-07,SKU-DEC-101,654,0,21,545
2025-04-07,SKU-DEC-102,210,0,7,84
2025-04-07,SKU-DEC-103,1128,0,28,282
2025-04-07,SKU-DEC-104,576,0,14,144
2025-04-07,SKU-DEC-105,33,89,7,112
2025-04-07,SKU-DEC-106,1660,0,21,664
2025-04-07,SKU-DEC-107,118,136,7,170
2025-04-07,SKU-DEC-108,453,0,14,378
2025-04-07,SKU-DEC-109,400,0,14,160
2025-04-07,SKU-DEC-110,58,156,21,195
2025-04-07,SKU-DEC-111,33,88,7,110
2025-04-07,SKU-DEC-112,85,228,14,286
2025-04-07,SKU-DEC-113,600,0,14,240
2025-04-07,SKU-DEC-114,630,720,28,900
2025-04-07,SKU-DEC-115,126,0,7,105
2025-04-07,SKU-DEC-116,1037,0,14,415
2025-04-07,SKU-DEC-117,98,0,7,82
2025-04-07,SKU-DEC-118,588,0,14,147
2025-04-07,SKU-DEC-119,362,0,7,145
2025-04-07,SKU-DEC-120,574,0,21,479
2025-04-07,SKU-LIG-121,53,142,7,178
2025-04-07,SKU-LIG-122,1060,0,21,265
2025-04-07,SKU-LIG-123,1592,0,14,398
2025-04-07,SKU-LIG-124,266,0,7,222
2025-04-07,SKU-LIG-125,23,61,7,77
2025-04-07,SKU-LIG-126,1672,0,28,418
2025-04-07,SKU-LIG-127,390,0,7,156
2025-04-07,SKU-LIG-128,2124,0,28,531
2025-04-07,SKU-LIG-129,195,0,7,163
2025-04-07,SKU-LIG-130,1250,0,21,500
2025-04-07,SKU-LIG-131,541,618,28,773
2025-04-07,SKU-LIG-132,504,0,7,126
2025-04-07,SKU-LIG-133,1034,0,28,862
2025-04-07,SKU-LIG-134,448,0,7,112
2025-04-07,SKU-LIG-135,1617,0,28,647
2025-04-07,SKU-LIG-136,189,216,14,270
2025-04-07,SKU-LIG-137,792,0,14,317
2025-04-07,SKU-LIG-138,292,0,7,73
2025-04-07,SKU-LIG-139,1680,0,21,672
2025-04-07,SKU-LIG-140,55,63,7,79
2025-04-07,SKU-LIG-141,687,0,21,573
2025-04-07,SKU-LIG-142,50,134,7,168
2025-04-07,SKU-LIG-143,128,0,7,107
2025-04-07,SKU-LIG-144,183,0,14,153
2025-04-07,SKU-LIG-145,1032,0,28,413
2025-04-07,SKU-LIG-146,93,248,14,311
2025-04-07,SKU-LIG-147,249,285,28,357
2025-04-07,SKU-LIG-148,657,0,14,263
2025-04-07,SKU-LIG-149,1428,0,14,357
2025-04-07,SKU-LIG-150,198,226,14,283
2025-04-07,SKU-LIG-151,95,108,14,136
2025-04-07,SKU-LIG-152,266,0,14,222
2025-04-07,SKU-LIG-153,275,0,7,110
2025-04-07,SKU-LIG-154,248,0,7,207
2025-04-07,SKU-LIG-155,372,0,14,149
2025-04-07,SKU-LIG-156,71,81,7,102
2025-04-07,SKU-LIG-157,386,0,21,322
2025-04-07,SKU-LIG-158,780,0,7,195
2025-04-07,SKU-LIG-159,1215,0,21,486
2025-04-07,SKU-LIG-160,59,158,7,198
2025-04-07,SKU-SMA-161,720,0,21,288
2025-04-07,SKU-SMA-162,984,0,21,246
2025-04-07,SKU-SMA-163,60,160,14,201
2025-04-07,SKU-SMA-164,246,281,28,352
2025-04-07,SKU-SMA-165,1720,0,28,430
2025-04-07,SKU-SMA-166,312,0,21,260
2025-04-07,SKU-SMA-167,292,0,7,73
2025-04-07,SKU-SMA-168,58,156,7,196
2025-04-07,SKU-SMA-169,194,0,7,162
2025-04-07,SKU-SMA-170,502,0,7,201
2025-04-07,SKU-SMA-171,3484,0,28,871
2025-04-07,SKU-SMA-172,682,0,14,273
2025-04-07,SKU-SMA-173,339,0,14,283
2025-04-07,SKU-SMA-174,410,0,21,342
2025-04-07,SKU-SMA-175,520,0,7,130
2025-04-07,SKU-SMA-176,391,0,21,326
2025-04-07,SKU-SMA-177,736,0,28,614
2025-04-07,SKU-SMA-178,163,436,28,546
2025-04-07,SKU-SMA-179,97,260,14,326
2025-04-07,SKU-SMA-180,63,169,7,212
2025-04-07,SKU-SMA-181,130,148,7,186
2025-04-07,SKU-SMA-182,1642,0,28,657
2025-04-07,SKU-SMA-183,167,0,7,67
2025-04-07,SKU-SMA-184,1012,0,28,405
2025-04-07,SKU-SMA-185,105,281,14,352
2025-04-07,SKU-SMA-186,1037,0,14,415
2025-04-07,SKU-SMA-187,580,0,21,484
2025-04-07,SKU-SMA-188,59,159,21,199
2025-04-07,SKU-SMA-189,229,0,7,191
2025-04-07,SKU-SMA-190,481,0,14,401
2025-04-07,SKU-SMA-191,1197,0,21,479
2025-04-07,SKU-SMA-192,2292,0,21,573
2025-04-07,SKU-SMA-193,442,0,28,369
2025-04-07,SKU-SMA-194,180,480,28,600
2025-04-07,SKU-SMA-195,123,328,21,411
2025-04-07,SKU-SMA-196,822,0,21,329
2025-04-07,SKU-SMA-197,552,0,14,460
2025-04-07,SKU-SMA-198,2176,0,28,544
2025-04-07,SKU-SMA-199,419,479,21,599
2025-04-07,SKU-SMA-200,270,0,7,225
2025-04-14,SKU-BED-001,1796,0,14,449
2025-04-14,SKU-BED-002,2936,0,28,734
2025-04-14,SKU-BED-003,135,154,7,193
2025-04-14,SKU-BED-004,434,0,28,362
2025-04-14,SKU-BED-005,138,0,7,115
2025-04-14,SKU-BED-006,1280,0,14,320
2025-04-14,SKU-BED-007,613,700,28,876
2025-04-14,SKU-BED-008,765,0,28,638
2025-04-14,SKU-BED-009,129,344,14,431
2025-04-14,SKU-BED-010,151,403,28,504
2025-04-14,SKU-BED-011,198,530,21,663
2025-04-14,SKU-BED-012,480,0,14,192
2025-04-14,SKU-BED-013,340,389,21,487
2025-04-14,SKU-BED-014,505,0,7,202
2025-04-14,SKU-BED-015,123,0,7,103
2025-04-14,SKU-BED-016,108,288,14,360
2025-04-14,SKU-BED-017,136,363,28,454
2025-04-14,SKU-BED-018,853,0,28,711
2025-04-14,SKU-BED-019,792,0,7,198
2025-04-14,SKU-BED-020,982,0,14,393
2025-04-14,SKU-BED-021,442,505,28,632
2025-04-14,SKU-BED-022,556,0,14,139
2025-04-14,SKU-BED-023,183,488,28,610
2025-04-14,SKU-BED-024,626,0,21,522
2025-04-14,SKU-BED-025,66,178,21,223
2025-04-14,SKU-BED-026,2748,0,28,687
2025-04-14,SKU-BED-027,260,0,7,65
2025-04-14,SKU-BED-028,1068,0,14,267
2025-04-14,SKU-BED-029,2324,0,28,581
2025-04-14,SKU-BED-030,1357,0,28,543
2025-04-14,SKU-BED-031,111,296,21,371
2025-04-14,SKU-BED-032,848,0,7,212
2025-04-14,SKU-BED-033,126,336,21,420
2025-04-14,SKU-BED-034,1064,0,21,266
2025-04-14,SKU-BED-035,925,0,28,370
2025-04-14,SKU-BED-036,752,0,14,301
2025-04-14,SKU-BED-037,430,0,7,172
2025-04-14,SKU-BED-038,232,265,14,332
2025-04-14,SKU-BED-039,260,695,28,869
2025-04-14,SKU-BED-040,57,154,7,193
2025-04-14,SKU-FUR-041,169,0,7,141
2025-04-14,SKU-FUR-042,241,644,28,806
2025-04-14,SKU-FUR-043,390,0,14,325
2025-04-14,SKU-FUR-044,1872,0,28,468
2025-04-14,SKU-FUR-045,832,0,14,208
2025-04-14,SKU-FUR-046,528,0,14,440
2025-04-14,SKU-FUR-047,1756,0,28,439
2025-04-14,SKU-FUR-048,345,0,7,138
2025-04-14,SKU-FUR-049,472,0,7,189
2025-04-14,SKU-FUR-050,380,0,14,317
2025-04-14,SKU-FUR-051,122,140,7,175
2025-04-14,SKU-FUR-052,167,191,14,239
2025-04-14,SKU-FUR-053,525,0,21,438
2025-04-14,SKU-FUR-054,422,0,21,352
2025-04-14,SKU-FUR-055,1736,0,21,434
2025-04-14,SKU-FUR-056,146,0,7,122
2025-04-14,SKU-FUR-057,254,0,14,212
2025-04-14,SKU-FUR-058,1316,0,21,329
2025-04-14,SKU-FUR-059,342,391,21,489
2025-04-14,SKU-FUR-060,126,336,14,421
2025-04-14,SKU-FUR-061,187,500,28,625
2025-04-14,SKU-FUR-062,1796,0,21,449
2025-04-14,SKU-FUR-063,1140,0,21,285
2025-04-14,SKU-FUR-064,93,248,21,310
2025-04-14,SKU-FUR-065,327,0,7,131
2025-04-14,SKU-FUR-066,1248,0,14,312
2025-04-14,SKU-FUR-067,61,164,14,206
2025-04-14,SKU-FUR-068,1140,0,14,285
2025-04-14,SKU-FUR-069,1825,0,28,730
2025-04-14,SKU-FUR-070,82,220,14,276
2025-04-14,SKU-FUR-071,788,0,21,197
2025-04-14,SKU-FUR-072,896,0,14,224
2025-04-14,SKU-FUR-073,980,0,21,392
2025-04-14,SKU-FUR-074,144,165,14,207
2025-04-14,SKU-FUR-075,244,279,14,349
2025-04-14,SKU-FUR-076,349,399,28,499
2025-04-14,SKU-FUR-077,436,498,28,623
2025-04-14,SKU-FUR-078,72,192,14,241
2025-04-14,SKU-FUR-079,575,0,7,230
2025-04-14,SKU-FUR-080,1552,0,28,621
2025-04-14,SKU-DEC-081,305,0,7,122
2025-04-14,SKU-DEC-082,347,0,7,139
2025-04-14,SKU-DEC-083,456,0,7,114
2025-04-14,SKU-DEC-084,70,80,7,101
2025-04-14,SKU-DEC-085,1472,0,14,368
2025-04-14,SKU-DEC-086,1392,0,21,348
2025-04-14,SKU-DEC-087,2252,0,21,563
2025-04-14,SKU-DEC-088,200,534,21,668
2025-04-14,SKU-DEC-089,53,142,7,178
2025-04-14,SKU-DEC-090,1140,0,21,285
2025-04-14,SKU-DEC-091,56,149,7,187
2025-04-14,SKU-DEC-092,820,0,21,328
2025-04-14,SKU-DEC-093,1620,0,28,648
2025-04-14,SKU-DEC-094,533,609,28,762
2025-04-14,SKU-DEC-095,342,391,21,489
2025-04-14,SKU-DEC-096,3640,0,28,910
2025-04-14,SKU-DEC-097,425,486,21,608
2025-04-14,SKU-DEC-098,78,89,7,112
2025-04-14,SKU-DEC-099,617,0,14,247
2025-04-14,SKU-DEC-100,135,0,7,113
2025-04-14,SKU-DEC-101,381,436,21,545
2025-04-14,SKU-DEC-102,336,0,7,84
2025-04-14,SKU-DEC-103,527,0,21,211
2025-04-14,SKU-DEC-104,540,0,21,216
2025-04-14,SKU-DEC-105,100,268,21,336
2025-04-14,SKU-DEC-106,66,176,7,221
2025-04-14,SKU-DEC-107,51,136,7,170
2025-04-14,SKU-DEC-108,113,302,14,378
2025-04-14,SKU-DEC-109,56,64,7,80
2025-04-14,SKU-DEC-110,19,52,7,65
2025-04-14,SKU-DEC-111,440,0,7,110
2025-04-14,SKU-DEC-112,687,0,28,573
2025-04-14,SKU-DEC-113,168,192,14,240
2025-04-14,SKU-DEC-114,157,180,7,225
2025-04-14,SKU-DEC-115,126,336,28,421
2025-04-14,SKU-DEC-116,1660,0,14,415
2025-04-14,SKU-DEC-117,229,262,28,328
2025-04-14,SKU-DEC-118,737,0,28,295
2025-04-14,SKU-DEC-119,174,465,28,582
2025-04-14,SKU-DEC-120,382,0,14,319
2025-04-14,SKU-LIG-121,712,0,7,178
2025-04-14,SKU-LIG-122,662,0,21,265
2025-04-14,SKU-LIG-123,3188,0,28,797
2025-04-14,SKU-LIG-124,532,0,14,444
2025-04-14,SKU-LIG-125,161,184,21,231
2025-04-14,SKU-LIG-126,522,0,14,209
2025-04-14,SKU-LIG-127,329,376,21,470
2025-04-14,SKU-LIG-128,1327,0,28,531
2025-04-14,SKU-LIG-129,456,521,28,652
2025-04-14,SKU-LIG-130,2000,0,21,500
2025-04-14,SKU-LIG-131,2316,0,21,579
2025-04-14,SKU-LIG-132,315,0,7,126
2025-04-14,SKU-LIG-133,193,516,21,646
2025-04-14,SKU-LIG-134,448,0,7,112
2025-04-14,SKU-LIG-135,1212,0,21,485
2025-04-14,SKU-LIG-136,2160,0,28,540
2025-04-14,SKU-LIG-137,2536,0,28,634
2025-04-14,SKU-LIG-138,365,0,14,146
2025-04-14,SKU-LIG-139,134,358,14,448
2025-04-14,SKU-LIG-140,597,0,21,239
2025-04-14,SKU-LIG-141,477,0,7,191
2025-04-14,SKU-LIG-142,50,134,7,168
2025-04-14,SKU-LIG-143,1072,0,28,429
2025-04-14,SKU-LIG-144,367,0,28,306
2025-04-14,SKU-LIG-145,257,0,7,103
2025-04-14,SKU-LIG-146,1555,0,28,622
2025-04-14,SKU-LIG-147,892,0,28,357
2025-04-14,SKU-LIG-148,985,0,21,394
2025-04-14,SKU-LIG-149,214,572,28,715
2025-04-14,SKU-LIG-150,1700,0,21,425
2025-04-14,SKU-LIG-151,544,0,14,136
2025-04-14,SKU-LIG-152,33,88,7,111
2025-04-14,SKU-LIG-153,529,0,28,441
2025-04-14,SKU-LIG-154,994,0,28,829
2025-04-14,SKU-LIG-155,104,119,14,149
2025-04-14,SKU-LIG-156,71,81,7,102
2025-04-14,SKU-LIG-157,74,85,7,107
2025-04-14,SKU-LIG-158,977,0,14,391
2025-04-14,SKU-LIG-159,583,0,21,486
2025-04-14,SKU-LIG-160,495,0,7,198
2025-04-14,SKU-SMA-161,1536,0,28,384
2025-04-14,SKU-SMA-162,230,263,28,329
2025-04-14,SKU-SMA-163,241,0,14,201
2025-04-14,SKU-SMA-164,123,140,14,176
2025-04-14,SKU-SMA-165,128,0,7,107
2025-04-14,SKU-SMA-166,867,0,28,347
2025-04-14,SKU-SMA-167,365,0,14,146
2025-04-14,SKU-SMA-168,980,0,14,392
2025-04-14,SKU-SMA-169,227,260,14,325
2025-04-14,SKU-SMA-170,482,0,14,402
2025-04-14,SKU-SMA-171,3484,0,28,871
2025-04-14,SKU-SMA-172,492,0,21,410
2025-04-14,SKU-SMA-173,679,0,28,566
2025-04-14,SKU-SMA-174,912,0,14,228
2025-04-14,SKU-SMA-175,156,417,28,522
2025-04-14,SKU-SMA-176,130,347,28,434
2025-04-14,SKU-SMA-177,1152,0,21,461
2025-04-14,SKU-SMA-178,163,0,7,136
2025-04-14,SKU-SMA-179,195,522,28,653
2025-04-14,SKU-SMA-180,1696,0,14,424
2025-04-14,SKU-SMA-181,1397,0,21,559
2025-04-14,SKU-SMA-182,197,525,28,657
2025-04-14,SKU-SMA-183,60,161,21,202
2025-04-14,SKU-SMA-184,141,161,14,202
2025-04-14,SKU-SMA-185,211,0,7,176
2025-04-14,SKU-SMA-186,249,664,28,830
2025-04-14,SKU-SMA-187,775,0,28,646
2025-04-14,SKU-SMA-188,185,212,28,265
2025-04-14,SKU-SMA-189,172,459,21,574
2025-04-14,SKU-SMA-190,2007,0,28,803
2025-04-14,SKU-SMA-191,382,0,14,319
2025-04-14,SKU-SMA-192,267,305,14,382
2025-04-14,SKU-SMA-193,193,221,21,277
2025-04-14,SKU-SMA-194,1200,0,14,300
2025-04-14,SKU-SMA-195,191,219,14,274
2025-04-14,SKU-SMA-196,1095,0,28,438
2025-04-14,SKU-SMA-197,644,736,28,921
2025-04-14,SKU-SMA-198,95,108,7,136
2025-04-14,SKU-SMA-199,419,479,21,599
2025-04-14,SKU-SMA-200,270,722,28,903
2025-04-21,SKU-BED-001,134,359,14,449
2025-04-21,SKU-BED-002,2204,0,21,551
2025-04-21,SKU-BED-003,231,0,7,193
2025-04-21,SKU-BED-004,724,0,14,181
2025-04-21,SKU-BED-005,414,0,21,345
2025-04-21,SKU-BED-006,400,0,7,160
2025-04-21,SKU-BED-007,3504,0,28,876
2025-04-21,SKU-BED-008,191,510,28,638
2025-04-21,SKU-BED-009,1077,0,14,431
2025-04-21,SKU-BED-010,1512,0,21,378
2025-04-21,SKU-BED-011,1060,0,28,884
2025-04-21,SKU-BED-012,269,308,28,385
2025-04-21,SKU-BED-013,340,389,21,487
2025-04-21,SKU-BED-014,424,485,21,607
2025-04-21,SKU-BED-015,217,248,21,311
2025-04-21,SKU-BED-016,1440,0,14,360
2025-04-21,SKU-BED-017,237,272,21,340
2025-04-21,SKU-BED-018,887,0,14,355
2025-04-21,SKU-BED-019,237,0,7,198
2025-04-21,SKU-BED-020,3148,0,28,787
2025-04-21,SKU-BED-021,331,379,21,474
2025-04-21,SKU-BED-022,250,0,21,209
2025-04-21,SKU-BED-023,1142,0,21,457
2025-04-21,SKU-BED-024,243,278,14,348
2025-04-21,SKU-BED-025,892,0,21,223
2025-04-21,SKU-BED-026,360,412,21,515
2025-04-21,SKU-BED-027,45,52,7,65
2025-04-21,SKU-BED-028,160,427,28,534
2025-04-21,SKU-BED-029,101,116,7,145
2025-04-21,SKU-BED-030,81,216,14,271
2025-04-21,SKU-BED-031,147,0,7,123
2025-04-21,SKU-BED-032,530,0,7,212
2025-04-21,SKU-BED-033,504,0,21,420
2025-04-21,SKU-BED-034,105,0,7,88
2025-04-21,SKU-BED-035,230,0,7,92
2025-04-21,SKU-BED-036,210,240,14,301
2025-04-21,SKU-BED-037,1722,0,28,689
2025-04-21,SKU-BED-038,830,0,14,332
2025-04-21,SKU-BED-039,1736,0,14,434
2025-04-21,SKU-BED-040,3088,0,28,772
2025-04-21,SKU-FUR-041,169,451,28,564
2025-04-21,SKU-FUR-042,1007,0,14,403
2025-04-21,SKU-FUR-043,405,0,7,162
2025-04-21,SKU-FUR-044,35,93,7,117
2025-04-21,SKU-FUR-045,124,332,28,416
2025-04-21,SKU-FUR-046,1056,0,28,880
2025-04-21,SKU-FUR-047,1316,0,21,329
2025-04-21,SKU-FUR-048,165,0,7,138
2025-04-21,SKU-FUR-049,3024,0,28,756
2025-04-21,SKU-FUR-050,333,380,21,476
2025-04-21,SKU-FUR-051,210,0,7,175
2025-04-21,SKU-FUR-052,429,0,21,358
2025-04-21,SKU-FUR-053,730,0,14,292
2025-04-21,SKU-FUR-054,1880,0,28,470
2025-04-21,SKU-FUR-055,2316,0,28,579
2025-04-21,SKU-FUR-056,305,0,7,122
2025-04-21,SKU-FUR-057,254,0,14,212
2025-04-21,SKU-FUR-058,230,263,21,329
2025-04-21,SKU-FUR-059,586,0,21,489
2025-04-21,SKU-FUR-060,252,0,7,210
2025-04-21,SKU-FUR-061,140,375,21,469
2025-04-21,SKU-FUR-062,419,479,28,599
2025-04-21,SKU-FUR-063,1140,0,21,285
2025-04-21,SKU-FUR-064,217,248,21,310
2025-04-21,SKU-FUR-065,91,104,7,131
2025-04-21,SKU-FUR-066,1170,0,21,468
2025-04-21,SKU-FUR-067,372,0,21,310
2025-04-21,SKU-FUR-068,128,342,21,428
2025-04-21,SKU-FUR-069,1825,0,28,730
2025-04-21,SKU-FUR-070,165,442,28,553
2025-04-21,SKU-FUR-071,184,210,28,263
2025-04-21,SKU-FUR-072,314,359,28,449
2025-04-21,SKU-FUR-073,652,0,14,261
2025-04-21,SKU-FUR-074,248,0,14,207
2025-04-21,SKU-FUR-075,1396,0,14,349
2025-04-21,SKU-FUR-076,496,0,7,124
2025-04-21,SKU-FUR-077,436,498,28,623
2025-04-21,SKU-FUR-078,1932,0,28,483
2025-04-21,SKU-FUR-079,1150,0,14,460
2025-04-21,SKU-FUR-080,186,496,28,621
2025-04-21,SKU-DEC-081,1464,0,21,366
2025-04-21,SKU-DEC-082,695,0,14,278
2025-04-21,SKU-DEC-083,1372,0,21,343
2025-04-21,SKU-DEC-084,487,0,28,406
2025-04-21,SKU-DEC-085,2208,0,21,552
2025-04-21,SKU-DEC-086,580,0,14,232
2025-04-21,SKU-DEC-087,56,149,7,187
2025-04-21,SKU-DEC-088,2672,0,21,668
2025-04-21,SKU-DEC-089,124,142,7,178
2025-04-21,SKU-DEC-090,114,304,28,380
2025-04-21,SKU-DEC-091,130,149,7,187
2025-04-21,SKU-DEC-092,272,0,7,109
2025-04-21,SKU-DEC-093,453,518,28,648
2025-04-21,SKU-DEC-094,914,0,28,762
2025-04-21,SKU-DEC-095,195,522,28,653
2025-04-21,SKU-DEC-096,637,728,28,910
2025-04-21,SKU-DEC-097,283,324,14,405
2025-04-21,SKU-DEC-098,1804,0,28,451
2025-04-21,SKU-DEC-099,492,0,7,123
2025-04-21,SKU-DEC-100,79,90,7,113
2025-04-21,SKU-DEC-101,654,0,21,545
2025-04-21,SKU-DEC-102,302,0,21,252
2025-04-21,SKU-DEC-103,169,0,14,141
2025-04-21,SKU-DEC-104,64,172,21,216
2025-04-21,SKU-DEC-105,537,0,28,448
2025-04-21,SKU-DEC-106,1772,0,14,443
2025-04-21,SKU-DEC-107,1275,0,21,510
2025-04-21,SKU-DEC-108,681,0,21,568
2025-04-21,SKU-DEC-109,600,0,21,240
2025-04-21,SKU-DEC-110,136,156,21,195
2025-04-21,SKU-DEC-111,440,0,7,110
2025-04-21,SKU-DEC-112,100,114,7,143
2025-04-21,SKU-DEC-113,251,288,21,360
2025-04-21,SKU-DEC-114,202,540,21,675
2025-04-21,SKU-DEC-115,126,0,7,105
2025-04-21,SKU-DEC-116,436,498,21,623
2025-04-21,SKU-DEC-117,1312,0,28,328
2025-04-21,SKU-DEC-118,265,0,21,221
2025-04-21,SKU-DEC-119,130,348,21,436
2025-04-21,SKU-DEC-120,1597,0,28,639
2025-04-21,SKU-LIG-121,53,142,7,178
2025-04-21,SKU-LIG-122,1060,0,21,265
2025-04-21,SKU-LIG-123,557,637,28,797
2025-04-21,SKU-LIG-124,310,355,14,444
2025-04-21,SKU-LIG-125,370,0,28,309
2025-04-21,SKU-LIG-126,219,251,21,314
2025-04-21,SKU-LIG-127,438,501,28,627
2025-04-21,SKU-LIG-128,278,318,21,398
2025-04-21,SKU-LIG-129,48,130,7,163
2025-04-21,SKU-LIG-130,832,0,14,333
2025-04-21,SKU-LIG-131,135,154,7,193
2025-04-21,SKU-LIG-132,75,202,14,253
2025-04-21,SKU-LIG-133,150,172,7,215
2025-04-21,SKU-LIG-134,67,180,14,225
2025-04-21,SKU-LIG-135,1617,0,28,647
2025-04-21,SKU-LIG-136,540,0,7,135
2025-04-21,SKU-LIG-137,760,0,28,634
2025-04-21,SKU-LIG-138,262,0,21,219
2025-04-21,SKU-LIG-139,201,537,21,672
2025-04-21,SKU-LIG-140,1272,0,28,318
2025-04-21,SKU-LIG-141,229,611,28,764
2025-04-21,SKU-LIG-142,2016,0,21,504
2025-04-21,SKU-LIG-143,256,0,14,214
2025-04-21,SKU-LIG-144,45,122,14,153
2025-04-21,SKU-LIG-145,495,0,28,413
2025-04-21,SKU-LIG-146,93,248,14,311
2025-04-21,SKU-LIG-147,124,142,14,178
2025-04-21,SKU-LIG-148,275,315,21,394
2025-04-21,SKU-LIG-149,214,572,28,715
2025-04-21,SKU-LIG-150,510,0,21,425
2025-04-21,SKU-LIG-151,1092,0,28,273
2025-04-21,SKU-LIG-152,534,0,28,445
2025-04-21,SKU-LIG-153,154,176,14,220
2025-04-21,SKU-LIG-154,435,497,21,622
2025-04-21,SKU-LIG-155,560,0,21,224
2025-04-21,SKU-LIG-156,510,0,14,204
2025-04-21,SKU-LIG-157,805,0,21,322
2025-04-21,SKU-LIG-158,176,469,21,587
2025-04-21,SKU-LIG-159,1620,0,28,648
2025-04-21,SKU-LIG-160,3168,0,28,792
2025-04-21,SKU-SMA-161,960,0,28,384
2025-04-21,SKU-SMA-162,172,196,21,246
2025-04-21,SKU-SMA-163,362,0,21,302
2025-04-21,SKU-SMA-164,105,0,7,88
2025-04-21,SKU-SMA-165,516,0,28,430
2025-04-21,SKU-SMA-166,242,277,28,347
2025-04-21,SKU-SMA-167,21,58,7,73
2025-04-21,SKU-SMA-168,1960,0,28,784
2025-04-21,SKU-SMA-169,1952,0,21,488
2025-04-21,SKU-SMA-170,422,483,21,604
2025-04-21,SKU-SMA-171,304,348,14,435
2025-04-21,SKU-SMA-172,95,108,7,136
2025-04-21,SKU-SMA-173,339,0,14,283
2025-04-21,SKU-SMA-174,136,364,28,456
2025-04-21,SKU-SMA-175,117,312,21,391
2025-04-21,SKU-SMA-176,260,0,14,217
2025-04-21,SKU-SMA-177,184,491,28,614
2025-04-21,SKU-SMA-178,327,0,14,273
2025-04-21,SKU-SMA-179,228,260,14,326
2025-04-21,SKU-SMA-180,191,509,21,637
2025-04-21,SKU-SMA-181,1862,0,28,745
2025-04-21,SKU-SMA-182,656,0,7,164
2025-04-21,SKU-SMA-183,672,0,28,269
2025-04-21,SKU-SMA-184,141,161,14,202
2025-04-21,SKU-SMA-185,846,0,28,705
2025-04-21,SKU-SMA-186,498,0,14,415
2025-04-21,SKU-SMA-187,145,387,21,484
2025-04-21,SKU-SMA-188,497,0,21,199
2025-04-21,SKU-SMA-189,458,0,14,382
2025-04-21,SKU-SMA-190,800,0,7,200
2025-04-21,SKU-SMA-191,382,0,14,319
2025-04-21,SKU-SMA-192,955,0,14,382
2025-04-21,SKU-SMA-193,110,295,28,369
2025-04-21,SKU-SMA-194,1500,0,28,600
2025-04-21,SKU-SMA-195,41,109,7,137
2025-04-21,SKU-SMA-196,1752,0,28,438
2025-04-21,SKU-SMA-197,322,368,14,460
2025-04-21,SKU-SMA-198,40,108,7,136
2025-04-21,SKU-SMA-199,1997,0,28,799
2025-04-21,SKU-SMA-200,1083,0,28,903
2025-04-28,SKU-BED-001,134,359,14,449
2025-04-28,SKU-BED-002,1468,0,14,367
2025-04-28,SKU-BED-003,464,0,14,387
2025-04-28,SKU-BED-004,108,289,28,362
2025-04-28,SKU-BED-005,287,0,7,115
2025-04-28,SKU-BED-006,192,0,7,160
2025-04-28,SKU-BED-007,2628,0,21,657
2025-04-28,SKU-BED-008,2552,0,28,638
2025-04-28,SKU-BED-009,537,0,7,215
2025-04-28,SKU-BED-010,453,0,21,378
2025-04-28,SKU-BED-011,884,0,7,221
2025-04-28,SKU-BED-012,480,0,14,192
2025-04-28,SKU-BED-013,1948,0,21,487
2025-04-28,SKU-BED-014,486,0,14,405
2025-04-28,SKU-BED-015,248,0,14,207
2025-04-28,SKU-BED-016,720,0,7,180
2025-04-28,SKU-BED-017,452,0,7,113
2025-04-28,SKU-BED-018,1420,0,14,355
2025-04-28,SKU-BED-019,555,634,28,793
2025-04-28,SKU-BED-020,58,156,7,196
2025-04-28,SKU-BED-021,1185,0,21,474
2025-04-28,SKU-BED-022,41,111,14,139
2025-04-28,SKU-BED-023,427,488,28,610
2025-04-28,SKU-BED-024,52,139,7,174
2025-04-28,SKU-BED-025,557,0,21,223
2025-04-28,SKU-BED-026,618,0,21,515
2025-04-28,SKU-BED-027,78,0,7,65
2025-04-28,SKU-BED-028,332,0,7,133
2025-04-28,SKU-BED-029,203,232,14,290
2025-04-28,SKU-BED-030,284,325,21,407
2025-04-28,SKU-BED-031,307,0,7,123
2025-04-28,SKU-BED-032,148,169,7,212
2025-04-28,SKU-BED-033,1120,0,14,280
2025-04-28,SKU-BED-034,247,283,28,354
2025-04-28,SKU-BED-035,55,148,14,185
2025-04-28,SKU-BED-036,180,0,7,150
2025-04-28,SKU-BED-037,619,0,21,516
2025-04-28,SKU-BED-038,1328,0,14,332
2025-04-28,SKU-BED-039,608,695,28,869
2025-04-28,SKU-BED-040,1930,0,28,772
2025-04-28,SKU-FUR-041,676,0,28,564
2025-04-28,SKU-FUR-042,2015,0,28,806
2025-04-28,SKU-FUR-043,405,0,7,162
2025-04-28,SKU-FUR-044,1404,0,21,351
2025-04-28,SKU-FUR-045,62,166,14,208
2025-04-28,SKU-FUR-046,550,0,7,220
2025-04-28,SKU-FUR-047,436,0,7,109
2025-04-28,SKU-FUR-048,664,0,28,554
2025-04-28,SKU-FUR-049,1512,0,14,378
2025-04-28,SKU-FUR-050,189,0,7,158
2025-04-28,SKU-FUR-051,2100,0,21,525
2025-04-28,SKU-FUR-052,286,0,14,239
2025-04-28,SKU-FUR-053,584,0,7,146
2025-04-28,SKU-FUR-054,880,0,21,352
2025-04-28,SKU-FUR-055,520,0,21,434
2025-04-28,SKU-FUR-056,256,293,21,367
2025-04-28,SKU-FUR-057,148,169,14,212
2025-04-28,SKU-FUR-058,1756,0,28,439
2025-04-28,SKU-FUR-059,1304,0,14,326
2025-04-28,SKU-FUR-060,147,168,7,210
2025-04-28,SKU-FUR-061,390,0,7,156
2025-04-28,SKU-FUR-062,44,119,7,149
2025-04-28,SKU-FUR-063,380,0,7,95
2025-04-28,SKU-FUR-064,1656,0,28,414
2025-04-28,SKU-FUR-065,157,420,28,525
2025-04-28,SKU-FUR-066,437,500,28,625
2025-04-28,SKU-FUR-067,93,248,21,310
2025-04-28,SKU-FUR-068,128,342,21,428
2025-04-28,SKU-FUR-069,656,0,21,547
2025-04-28,SKU-FUR-070,663,0,28,553
2025-04-28,SKU-FUR-071,137,157,21,197
2025-04-28,SKU-FUR-072,1796,0,28,449
2025-04-28,SKU-FUR-073,156,418,28,523
2025-04-28,SKU-FUR-074,290,332,28,415
2025-04-28,SKU-FUR-075,435,0,7,174
2025-04-28,SKU-FUR-076,86,99,7,124
2025-04-28,SKU-FUR-077,186,0,7,155
2025-04-28,SKU-FUR-078,144,386,28,483
2025-04-28,SKU-FUR-079,552,0,14,460
2025-04-28,SKU-FUR-080,387,0,7,155
2025-04-28,SKU-DEC-081,488,0,7,122
2025-04-28,SKU-DEC-082,97,111,7,139
2025-04-28,SKU-DEC-083,1372,0,21,343
2025-04-28,SKU-DEC-084,243,0,14,203
2025-04-28,SKU-DEC-085,515,588,28,736
2025-04-28,SKU-DEC-086,290,0,7,116
2025-04-28,SKU-DEC-087,1407,0,21,563
2025-04-28,SKU-DEC-088,555,0,7,222
2025-04-28,SKU-DEC-089,160,428,21,536
2025-04-28,SKU-DEC-090,475,0,14,190
2025-04-28,SKU-DEC-091,2992,0,28,748
2025-04-28,SKU-DEC-092,98,262,21,328
2025-04-28,SKU-DEC-093,2592,0,28,648
2025-04-28,SKU-DEC-094,266,304,14,381
2025-04-28,SKU-DEC-095,228,260,14,326
2025-04-28,SKU-DEC-096,478,546,21,683
2025-04-28,SKU-DEC-097,973,0,28,811
2025-04-28,SKU-DEC-098,541,0,28,451
2025-04-28,SKU-DEC-099,148,395,28,494
2025-04-28,SKU-DEC-100,1820,0,28,455
2025-04-28,SKU-DEC-101,907,0,14,363
2025-04-28,SKU-DEC-102,302,0,21,252
2025-04-28,SKU-DEC-103,175,0,7,70
2025-04-28,SKU-DEC-104,288,0,7,72
2025-04-28,SKU-DEC-105,67,179,14,224
2025-04-28,SKU-DEC-106,132,354,14,443
2025-04-28,SKU-DEC-107,204,0,7,170
2025-04-28,SKU-DEC-108,2272,0,21,568
2025-04-28,SKU-DEC-109,96,256,28,320
2025-04-28,SKU-DEC-110,520,0,14,130
2025-04-28,SKU-DEC-111,398,0,21,332
2025-04-28,SKU-DEC-112,516,0,21,430
2025-04-28,SKU-DEC-113,960,0,14,240
2025-04-28,SKU-DEC-114,810,0,21,675
2025-04-28,SKU-DEC-115,94,252,21,316
2025-04-28,SKU-DEC-116,144,165,7,207
2025-04-28,SKU-DEC-117,984,0,21,246
2025-04-28,SKU-DEC-118,66,176,21,221
2025-04-28,SKU-DEC-119,407,465,28,582
2025-04-28,SKU-DEC-120,636,0,7,159
2025-04-28,SKU-LIG-121,890,0,14,356
2025-04-28,SKU-LIG-122,423,0,28,353
2025-04-28,SKU-LIG-123,1492,0,21,597
2025-04-28,SKU-LIG-124,2668,0,21,667
2025-04-28,SKU-LIG-125,772,0,28,309
2025-04-28,SKU-LIG-126,124,0,7,104
2025-04-28,SKU-LIG-127,219,250,14,313
2025-04-28,SKU-LIG-128,528,0,7,132
2025-04-28,SKU-LIG-129,228,260,14,326
2025-04-28,SKU-LIG-130,1332,0,14,333
2025-04-28,SKU-LIG-131,1544,0,14,386
2025-04-28,SKU-LIG-132,177,202,14,253
2025-04-28,SKU-LIG-133,775,0,21,646
2025-04-28,SKU-LIG-134,1352,0,21,338
2025-04-28,SKU-LIG-135,1212,0,21,485
2025-04-28,SKU-LIG-136,81,216,14,270
2025-04-28,SKU-LIG-137,47,126,7,158
2025-04-28,SKU-LIG-138,547,0,21,219
2025-04-28,SKU-LIG-139,896,0,7,224
2025-04-28,SKU-LIG-140,597,0,21,239
2025-04-28,SKU-LIG-141,687,0,21,573
2025-04-28,SKU-LIG-142,201,0,7,168
2025-04-28,SKU-LIG-143,149,171,14,214
2025-04-28,SKU-LIG-144,107,122,14,153
2025-04-28,SKU-LIG-145,824,0,14,206
2025-04-28,SKU-LIG-146,1868,0,21,467
2025-04-28,SKU-LIG-147,667,0,21,267
2025-04-28,SKU-LIG-148,118,315,21,394
2025-04-28,SKU-LIG-149,107,285,14,357
2025-04-28,SKU-LIG-150,707,0,14,283
2025-04-28,SKU-LIG-151,81,218,28,273
2025-04-28,SKU-LIG-152,555,0,14,222
2025-04-28,SKU-LIG-153,132,352,28,441
2025-04-28,SKU-LIG-154,517,0,7,207
2025-04-28,SKU-LIG-155,268,0,21,224
2025-04-28,SKU-LIG-156,1632,0,28,408
2025-04-28,SKU-LIG-157,535,0,14,214
2025-04-28,SKU-LIG-158,1957,0,28,783
2025-04-28,SKU-LIG-159,810,0,14,324
2025-04-28,SKU-LIG-160,554,633,28,792
2025-04-28,SKU-SMA-161,960,0,28,384
2025-04-28,SKU-SMA-162,114,131,14,164
2025-04-28,SKU-SMA-163,140,160,14,201
2025-04-28,SKU-SMA-164,704,0,14,176
2025-04-28,SKU-SMA-165,32,85,7,107
2025-04-28,SKU-SMA-166,51,138,14,173
2025-04-28,SKU-SMA-167,204,233,28,292
2025-04-28,SKU-SMA-168,490,0,7,196
2025-04-28,SKU-SMA-169,1627,0,28,651
2025-04-28,SKU-SMA-170,724,0,21,604
2025-04-28,SKU-SMA-171,1632,0,21,653
2025-04-28,SKU-SMA-172,164,437,28,547
2025-04-28,SKU-SMA-173,2264,0,28,566
2025-04-28,SKU-SMA-174,570,0,14,228
2025-04-28,SKU-SMA-175,1564,0,21,391
2025-04-28,SKU-SMA-176,97,260,21,326
2025-04-28,SKU-SMA-177,736,0,28,614
2025-04-28,SKU-SMA-178,191,218,14,273
2025-04-28,SKU-SMA-179,1632,0,28,653
2025-04-28,SKU-SMA-180,1060,0,14,424
2025-04-28,SKU-SMA-181,446,0,14,372
2025-04-28,SKU-SMA-182,656,0,7,164
2025-04-28,SKU-SMA-183,80,215,28,269
2025-04-28,SKU-SMA-184,808,0,14,202
2025-04-28,SKU-SMA-185,704,0,7,176
2025-04-28,SKU-SMA-186,746,0,21,622
2025-04-28,SKU-SMA-187,2584,0,28,646
2025-04-28,SKU-SMA-188,330,0,14,132
2025-04-28,SKU-SMA-189,1912,0,28,765
2025-04-28,SKU-SMA-190,1604,0,14,401
2025-04-28,SKU-SMA-191,191,511,28,639
2025-04-28,SKU-SMA-192,229,611,28,764
2025-04-28,SKU-SMA-193,110,0,7,92
2025-04-28,SKU-SMA-194,360,0,14,300
2025-04-28,SKU-SMA-195,41,109,7,137
2025-04-28,SKU-SMA-196,876,0,14,219
2025-04-28,SKU-SMA-197,1727,0,21,691
2025-04-28,SKU-SMA-198,340,0,7,136
2025-04-28,SKU-SMA-199,179,479,21,599
2025-04-28,SKU-SMA-200,632,722,28,903
2025-05-05,SKU-BED-001,538,0,14,449
2025-05-05,SKU-BED-002,1468,0,14,367
2025-05-05,SKU-BED-003,482,0,7,193
2025-05-05,SKU-BED-004,724,0,14,181
2025-05-05,SKU-BED-005,1844,0,28,461
2025-05-05,SKU-BED-006,96,256,14,320
2025-05-05,SKU-BED-007,788,0,21,657
2025-05-05,SKU-BED-008,797,0,14,319
2025-05-05,SKU-BED-009,860,0,7,215
2025-05-05,SKU-BED-010,151,403,28,504
2025-05-05,SKU-BED-011,530,0,14,442
2025-05-05,SKU-BED-012,57,153,14,192
2025-05-05,SKU-BED-013,584,0,21,487
2025-05-05,SKU-BED-014,1517,0,21,607
2025-05-05,SKU-BED-015,217,248,21,311
2025-05-05,SKU-BED-016,216,0,7,180
2025-05-05,SKU-BED-017,158,181,14,227
2025-05-05,SKU-BED-018,248,284,14,355
2025-05-05,SKU-BED-019,178,475,21,594
2025-05-05,SKU-BED-020,58,156,7,196
2025-05-05,SKU-BED-021,189,505,28,632
2025-05-05,SKU-BED-022,334,0,28,279
2025-05-05,SKU-BED-023,548,0,21,457
2025-05-05,SKU-BED-024,104,278,14,348
2025-05-05,SKU-BED-025,745,0,28,298
2025-05-05,SKU-BED-026,480,549,28,687
2025-05-05,SKU-BED-027,45,52,7,65
2025-05-05,SKU-BED-028,39,106,7,133
2025-05-05,SKU-BED-029,2324,0,28,581
2025-05-05,SKU-BED-030,189,216,14,271
2025-05-05,SKU-BED-031,36,98,7,123
2025-05-05,SKU-BED-032,297,340,14,425
2025-05-05,SKU-BED-033,2240,0,28,560
2025-05-05,SKU-BED-034,708,0,14,177
2025-05-05,SKU-BED-035,64,73,7,92
2025-05-05,SKU-BED-036,1804,0,21,451
2025-05-05,SKU-BED-037,154,412,21,516
2025-05-05,SKU-BED-038,465,532,28,665
2025-05-05,SKU-BED-039,195,521,21,652
2025-05-05,SKU-BED-040,270,308,14,386
2025-05-05,SKU-FUR-041,1692,0,21,423
2025-05-05,SKU-FUR-042,2420,0,21,605
2025-05-05,SKU-FUR-043,780,0,28,650
2025-05-05,SKU-FUR-044,245,280,21,351
2025-05-05,SKU-FUR-045,72,83,7,104
2025-05-05,SKU-FUR-046,550,0,7,220
2025-05-05,SKU-FUR-047,822,0,21,329
2025-05-05,SKU-FUR-048,193,221,14,277
2025-05-05,SKU-FUR-049,226,604,28,756
2025-05-05,SKU-FUR-050,632,0,7,158
2025-05-05,SKU-FUR-051,700,0,7,175
2025-05-05,SKU-FUR-052,476,0,7,119
2025-05-05,SKU-FUR-053,350,0,14,292
2025-05-05,SKU-FUR-054,292,0,7,117
2025-05-05,SKU-FUR-055,202,231,14,289
2025-05-05,SKU-FUR-056,488,0,7,122
2025-05-05,SKU-FUR-057,797,0,21,319
2025-05-05,SKU-FUR-058,262,0,14,219
2025-05-05,SKU-FUR-059,2608,0,28,652
2025-05-05,SKU-FUR-060,3372,0,28,843
2025-05-05,SKU-FUR-061,109,124,7,156
2025-05-05,SKU-FUR-062,44,119,7,149
2025-05-05,SKU-FUR-063,380,0,7,95
2025-05-05,SKU-FUR-064,372,0,21,310
2025-05-05,SKU-FUR-065,2100,0,28,525
2025-05-05,SKU-FUR-066,561,0,21,468
2025-05-05,SKU-FUR-067,412,0,7,103
2025-05-05,SKU-FUR-068,1427,0,28,571
2025-05-05,SKU-FUR-069,1825,0,28,730
2025-05-05,SKU-FUR-070,1104,0,14,276
2025-05-05,SKU-FUR-071,39,104,14,131
2025-05-05,SKU-FUR-072,268,0,14,224
2025-05-05,SKU-FUR-073,325,0,7,130
2025-05-05,SKU-FUR-074,1037,0,28,415
2025-05-05,SKU-FUR-075,208,0,7,174
2025-05-05,SKU-FUR-076,496,0,7,124
2025-05-05,SKU-FUR-077,217,248,14,311
2025-05-05,SKU-FUR-078,36,96,7,120
2025-05-05,SKU-FUR-079,829,0,21,691
2025-05-05,SKU-FUR-080,1240,0,14,310
2025-05-05,SKU-DEC-081,170,195,14,244
2025-05-05,SKU-DEC-082,194,222,14,278
2025-05-05,SKU-DEC-083,320,366,28,458
2025-05-05,SKU-DEC-084,91,244,21,305
2025-05-05,SKU-DEC-085,460,0,7,184
2025-05-05,SKU-DEC-086,928,0,14,232
2025-05-05,SKU-DEC-087,748,0,7,187
2025-05-05,SKU-DEC-088,534,0,14,445
2025-05-05,SKU-DEC-089,428,0,14,357
2025-05-05,SKU-DEC-090,57,152,14,190
2025-05-05,SKU-DEC-091,1402,0,21,561
2025-05-05,SKU-DEC-092,436,0,7,109
2025-05-05,SKU-DEC-093,194,0,7,162
2025-05-05,SKU-DEC-094,457,0,14,381
2025-05-05,SKU-DEC-095,457,522,28,653
2025-05-05,SKU-DEC-096,2275,0,28,910
2025-05-05,SKU-DEC-097,60,161,7,202
2025-05-05,SKU-DEC-098,315,360,28,451
2025-05-05,SKU-DEC-099,86,98,7,123
2025-05-05,SKU-DEC-100,282,0,7,113
2025-05-05,SKU-DEC-101,217,0,7,181
2025-05-05,SKU-DEC-102,1008,0,21,252
2025-05-05,SKU-DEC-103,844,0,21,211
2025-05-05,SKU-DEC-104,1152,0,28,288
2025-05-05,SKU-DEC-105,100,268,21,336
2025-05-05,SKU-DEC-106,2215,0,28,886
2025-05-05,SKU-DEC-107,408,0,14,340
2025-05-05,SKU-DEC-108,453,0,14,378
2025-05-05,SKU-DEC-109,200,0,7,80
2025-05-05,SKU-DEC-110,162,0,7,65
2025-05-05,SKU-DEC-111,1772,0,28,443
2025-05-05,SKU-DEC-112,200,228,14,286
2025-05-05,SKU-DEC-113,576,0,28,480
2025-05-05,SKU-DEC-114,157,180,7,225
2025-05-05,SKU-DEC-115,252,0,14,210
2025-05-05,SKU-DEC-116,124,332,14,415
2025-05-05,SKU-DEC-117,1312,0,28,328
2025-05-05,SKU-DEC-118,102,117,14,147
2025-05-05,SKU-DEC-119,203,232,14,291
2025-05-05,SKU-DEC-120,766,0,28,639
2025-05-05,SKU-LIG-121,106,284,14,356
2025-05-05,SKU-LIG-122,52,140,14,176
2025-05-05,SKU-LIG-123,477,0,14,398
2025-05-05,SKU-LIG-124,3556,0,28,889
2025-05-05,SKU-LIG-125,370,0,28,309
2025-05-05,SKU-LIG-126,62,167,14,209
2025-05-05,SKU-LIG-127,329,376,21,470
2025-05-05,SKU-LIG-128,1327,0,28,531
2025-05-05,SKU-LIG-129,391,0,14,326
2025-05-05,SKU-LIG-130,350,400,21,500
2025-05-05,SKU-LIG-131,231,618,28,773
2025-05-05,SKU-LIG-132,152,405,28,507
2025-05-05,SKU-LIG-133,603,689,28,862
2025-05-05,SKU-LIG-134,33,89,7,112
2025-05-05,SKU-LIG-135,1940,0,21,485
2025-05-05,SKU-LIG-136,283,324,21,405
2025-05-05,SKU-LIG-137,47,126,7,158
2025-05-05,SKU-LIG-138,87,0,7,73
2025-05-05,SKU-LIG-139,2242,0,28,897
2025-05-05,SKU-LIG-140,47,127,14,159
2025-05-05,SKU-LIG-141,114,305,14,382
2025-05-05,SKU-LIG-142,1344,0,14,336
2025-05-05,SKU-LIG-143,856,0,14,214
2025-05-05,SKU-LIG-144,916,0,21,229
2025-05-05,SKU-LIG-145,772,0,21,309
2025-05-05,SKU-LIG-146,1167,0,21,467
2025-05-05,SKU-LIG-147,1428,0,28,357
2025-05-05,SKU-LIG-148,472,0,21,394
2025-05-05,SKU-LIG-149,375,428,21,536
2025-05-05,SKU-LIG-150,396,453,28,567
2025-05-05,SKU-LIG-151,340,0,14,136
2025-05-05,SKU-LIG-152,400,0,21,334
2025-05-05,SKU-LIG-153,132,0,7,110
2025-05-05,SKU-LIG-154,248,663,28,829
2025-05-05,SKU-LIG-155,896,0,21,224
2025-05-05,SKU-LIG-156,489,0,28,408
2025-05-05,SKU-LIG-157,256,0,14,214
2025-05-05,SKU-LIG-158,410,469,21,587
2025-05-05,SKU-LIG-159,113,129,7,162
2025-05-05,SKU-LIG-160,792,0,7,198
2025-05-05,SKU-SMA-161,960,0,28,384
2025-05-05,SKU-SMA-162,24,65,7,82
2025-05-05,SKU-SMA-163,140,160,14,201
2025-05-05,SKU-SMA-164,660,0,21,264
2025-05-05,SKU-SMA-165,129,344,28,430
2025-05-05,SKU-SMA-166,1040,0,21,260
2025-05-05,SKU-SMA-167,292,0,7,73
2025-05-05,SKU-SMA-168,2352,0,21,588
2025-05-05,SKU-SMA-169,455,520,28,651
2025-05-05,SKU-SMA-170,241,0,7,201
2025-05-05,SKU-SMA-171,2612,0,21,653
2025-05-05,SKU-SMA-172,340,0,7,136
2025-05-05,SKU-SMA-173,1062,0,21,425
2025-05-05,SKU-SMA-174,319,364,28,456
2025-05-05,SKU-SMA-175,652,0,14,261
2025-05-05,SKU-SMA-176,65,173,14,217
2025-05-05,SKU-SMA-177,92,245,14,307
2025-05-05,SKU-SMA-178,163,436,28,546
2025-05-05,SKU-SMA-179,195,0,7,163
2025-05-05,SKU-SMA-180,254,0,7,212
2025-05-05,SKU-SMA-181,260,297,14,372
2025-05-05,SKU-SMA-182,591,0,21,493
2025-05-05,SKU-SMA-183,672,0,28,269
2025-05-05,SKU-SMA-184,283,324,28,405
2025-05-05,SKU-SMA-185,105,281,14,352
2025-05-05,SKU-SMA-186,828,0,7,207
2025-05-05,SKU-SMA-187,2584,0,28,646
2025-05-05,SKU-SMA-188,59,159,21,199
2025-05-05,SKU-SMA-189,688,0,21,574
2025-05-05,SKU-SMA-190,140,160,7,200
2025-05-05,SKU-SMA-191,397,0,7,159
2025-05-05,SKU-SMA-192,401,458,21,573
2025-05-05,SKU-SMA-193,83,221,21,277
2025-05-05,SKU-SMA-194,540,0,21,450
2025-05-05,SKU-SMA-195,1372,0,28,549
2025-05-05,SKU-SMA-196,76,87,7,109
2025-05-05,SKU-SMA-197,1727,0,21,691
2025-05-05,SKU-SMA-198,163,435,28,544
2025-05-05,SKU-SMA-199,1596,0,14,399
2025-05-05,SKU-SMA-200,1692,0,21,677
2025-05-12,SKU-BED-001,471,539,21,674
2025-05-12,SKU-BED-002,917,0,14,367
2025-05-12,SKU-BED-003,3096,0,28,774
2025-05-12,SKU-BED-004,434,0,28,362
2025-05-12,SKU-BED-005,1152,0,28,461
2025-05-12,SKU-BED-006,336,384,21,480
2025-05-12,SKU-BED-007,262,0,7,219
2025-05-12,SKU-BED-008,765,0,28,638
2025-05-12,SKU-BED-009,301,344,14,431
2025-05-12,SKU-BED-010,176,201,14,252
2025-05-12,SKU-BED-011,795,0,21,663
2025-05-12,SKU-BED-012,57,153,14,192
2025-05-12,SKU-BED-013,113,129,7,162
2025-05-12,SKU-BED-014,424,485,21,607
2025-05-12,SKU-BED-015,217,248,21,311
2025-05-12,SKU-BED-016,1440,0,14,360
2025-05-12,SKU-BED-017,158,181,14,227
2025-05-12,SKU-BED-018,1777,0,28,711
2025-05-12,SKU-BED-019,1485,0,21,594
2025-05-12,SKU-BED-020,784,0,7,196
2025-05-12,SKU-BED-021,189,505,28,632
2025-05-12,SKU-BED-022,195,223,28,279
2025-05-12,SKU-BED-023,1142,0,21,457
2025-05-12,SKU-BED-024,104,278,14,348
2025-05-12,SKU-BED-025,178,0,14,149
2025-05-12,SKU-BED-026,2060,0,21,515
2025-05-12,SKU-BED-027,234,0,21,195
2025-05-12,SKU-BED-028,640,0,28,534
2025-05-12,SKU-BED-029,523,0,21,436
2025-05-12,SKU-BED-030,1084,0,14,271
2025-05-12,SKU-BED-031,988,0,14,247
2025-05-12,SKU-BED-032,127,340,14,425
2025-05-12,SKU-BED-033,336,0,14,280
2025-05-12,SKU-BED-034,106,283,28,354
2025-05-12,SKU-BED-035,222,0,14,185
2025-05-12,SKU-BED-036,135,360,21,451
2025-05-12,SKU-BED-037,1290,0,21,516
2025-05-12,SKU-BED-038,465,532,28,665
2025-05-12,SKU-BED-039,456,521,21,652
2025-05-12,SKU-BED-040,1544,0,14,386
2025-05-12,SKU-FUR-041,169,0,7,141
2025-05-12,SKU-FUR-042,241,644,28,806
2025-05-12,SKU-FUR-043,195,520,28,650
2025-05-12,SKU-FUR-044,468,0,7,117
2025-05-12,SKU-FUR-045,1248,0,21,312
2025-05-12,SKU-FUR-046,1056,0,28,880
2025-05-12,SKU-FUR-047,272,0,7,109
2025-05-12,SKU-FUR-048,291,332,21,416
2025-05-12,SKU-FUR-049,56,151,7,189
2025-05-12,SKU-FUR-050,333,380,21,476
2025-05-12,SKU-FUR-051,210,560,28,701
2025-05-12,SKU-FUR-052,1912,0,28,478
2025-05-12,SKU-FUR-053,1168,0,14,292
2025-05-12,SKU-FUR-054,246,281,21,352
2025-05-12,SKU-FUR-055,86,231,14,289
2025-05-12,SKU-FUR-056,110,293,21,367
2025-05-12,SKU-FUR-057,254,0,14,212
2025-05-12,SKU-FUR-058,822,0,21,329
2025-05-12,SKU-FUR-059,456,521,28,652
2025-05-12,SKU-FUR-060,525,0,7,210
2025-05-12,SKU-FUR-061,374,0,14,312
2025-05-12,SKU-FUR-062,44,119,7,149
2025-05-12,SKU-FUR-063,475,0,14,190
2025-05-12,SKU-FUR-064,517,0,14,207
2025-05-12,SKU-FUR-065,367,420,28,525
2025-05-12,SKU-FUR-066,187,500,28,625
2025-05-12,SKU-FUR-067,144,164,14,206
2025-05-12,SKU-FUR-068,685,0,28,571
2025-05-12,SKU-FUR-069,218,0,7,182
2025-05-12,SKU-FUR-070,663,0,28,553
2025-05-12,SKU-FUR-071,236,0,21,197
2025-05-12,SKU-FUR-072,78,89,7,112
2025-05-12,SKU-FUR-073,91,104,7,130
2025-05-12,SKU-FUR-074,290,332,28,415
2025-05-12,SKU-FUR-075,488,558,28,698
2025-05-12,SKU-FUR-076,996,0,14,249
2025-05-12,SKU-FUR-077,140,373,21,467
2025-05-12,SKU-FUR-078,1448,0,21,362
2025-05-12,SKU-FUR-079,2764,0,21,691
2025-05-12,SKU-FUR-080,93,248,14,310
2025-05-12,SKU-DEC-081,1952,0,28,488
2025-05-12,SKU-DEC-082,166,0,7,139
2025-05-12,SKU-DEC-083,320,366,28,458
2025-05-12,SKU-DEC-084,1015,0,28,406
2025-05-12,SKU-DEC-085,1472,0,14,368
2025-05-12,SKU-DEC-086,556,0,28,464
2025-05-12,SKU-DEC-087,2252,0,21,563
2025-05-12,SKU-DEC-088,623,712,28,890
2025-05-12,SKU-DEC-089,160,428,21,536
2025-05-12,SKU-DEC-090,85,228,21,285
2025-05-12,SKU-DEC-091,2992,0,28,748
2025-05-12,SKU-DEC-092,545,0,14,218
2025-05-12,SKU-DEC-093,226,259,14,324
2025-05-12,SKU-DEC-094,400,457,21,572
2025-05-12,SKU-DEC-095,2612,0,28,653
2025-05-12,SKU-DEC-096,204,546,21,683
2025-05-12,SKU-DEC-097,283,324,14,405
2025-05-12,SKU-DEC-098,405,0,21,338
2025-05-12,SKU-DEC-099,617,0,14,247
2025-05-12,SKU-DEC-100,852,0,21,341
2025-05-12,SKU-DEC-101,218,581,28,727
2025-05-12,SKU-DEC-102,25,67,7,84
2025-05-12,SKU-DEC-103,705,0,28,282
2025-05-12,SKU-DEC-104,86,230,28,288
2025-05-12,SKU-DEC-105,134,0,7,112
2025-05-12,SKU-DEC-106,2215,0,28,886
2025-05-12,SKU-DEC-107,2040,0,21,510
2025-05-12,SKU-DEC-108,2272,0,21,568
2025-05-12,SKU-DEC-109,600,0,21,240
2025-05-12,SKU-DEC-110,39,104,14,130
2025-05-12,SKU-DEC-111,310,354,28,443
2025-05-12,SKU-DEC-112,1432,0,28,573
2025-05-12,SKU-DEC-113,900,0,21,360
2025-05-12,SKU-DEC-114,540,0,14,450
2025-05-12,SKU-DEC-115,63,168,14,210
2025-05-12,SKU-DEC-116,1660,0,14,415
2025-05-12,SKU-DEC-117,1312,0,28,328
2025-05-12,SKU-DEC-118,552,0,21,221
2025-05-12,SKU-DEC-119,349,0,14,291
2025-05-12,SKU-DEC-120,1197,0,21,479
2025-05-12,SKU-LIG-121,855,0,28,713
2025-05-12,SKU-LIG-122,79,212,21,265
2025-05-12,SKU-LIG-123,1992,0,28,797
2025-05-12,SKU-LIG-124,622,711,28,889
2025-05-12,SKU-LIG-125,308,0,7,77
2025-05-12,SKU-LIG-126,94,251,21,314
2025-05-12,SKU-LIG-127,375,0,14,313
2025-05-12,SKU-LIG-128,662,0,14,265
2025-05-12,SKU-LIG-129,1304,0,14,326
2025-05-12,SKU-LIG-130,800,0,28,667
2025-05-12,SKU-LIG-131,482,0,7,193
2025-05-12,SKU-LIG-132,1012,0,14,253
2025-05-12,SKU-LIG-133,301,344,14,431
2025-05-12,SKU-LIG-134,405,0,21,338
2025-05-12,SKU-LIG-135,1940,0,21,485
2025-05-12,SKU-LIG-136,337,0,7,135
2025-05-12,SKU-LIG-137,792,0,14,317
2025-05-12,SKU-LIG-138,584,0,14,146
2025-05-12,SKU-LIG-139,470,537,21,672
2025-05-12,SKU-LIG-140,636,0,14,159
2025-05-12,SKU-LIG-141,477,0,7,191
2025-05-12,SKU-LIG-142,151,403,21,504
2025-05-12,SKU-LIG-143,32,85,7,107
2025-05-12,SKU-LIG-144,367,0,28,306
2025-05-12,SKU-LIG-145,289,330,28,413
2025-05-12,SKU-LIG-146,186,0,7,155
2025-05-12,SKU-LIG-147,1068,0,21,267
2025-05-12,SKU-LIG-148,1052,0,14,263
2025-05-12,SKU-LIG-149,1787,0,28,715
2025-05-12,SKU-LIG-150,42,112,7,141
2025-05-12,SKU-LIG-151,47,54,7,68
2025-05-12,SKU-LIG-152,66,177,14,222
2025-05-12,SKU-LIG-153,308,352,28,441
2025-05-12,SKU-LIG-154,580,663,28,829
2025-05-12,SKU-LIG-155,896,0,21,224
2025-05-12,SKU-LIG-156,91,244,21,306
2025-05-12,SKU-LIG-157,1072,0,28,429
2025-05-12,SKU-LIG-158,234,626,28,783
2025-05-12,SKU-LIG-159,648,0,7,162
2025-05-12,SKU-LIG-160,1584,0,14,396
2025-05-12,SKU-SMA-161,384,0,7,96
2025-05-12,SKU-SMA-162,822,0,28,329
2025-05-12,SKU-SMA-163,1007,0,28,403
2025-05-12,SKU-SMA-164,1408,0,28,352
2025-05-12,SKU-SMA-165,860,0,14,215
2025-05-12,SKU-SMA-166,207,0,14,173
2025-05-12,SKU-SMA-167,87,233,28,292
2025-05-12,SKU-SMA-168,490,0,7,196
2025-05-12,SKU-SMA-169,405,0,7,162
2025-05-12,SKU-SMA-170,422,483,21,604
2025-05-12,SKU-SMA-171,304,348,14,435
2025-05-12,SKU-SMA-172,327,0,14,273
2025-05-12,SKU-SMA-173,1132,0,14,283
2025-05-12,SKU-SMA-174,547,0,28,456
2025-05-12,SKU-SMA-175,39,104,7,130
2025-05-12,SKU-SMA-176,1085,0,28,434
2025-05-12,SKU-SMA-177,736,0,28,614
2025-05-12,SKU-SMA-178,1636,0,21,409
2025-05-12,SKU-SMA-179,114,130,7,163
2025-05-12,SKU-SMA-180,508,0,14,424
2025-05-12,SKU-SMA-181,930,0,14,372
2025-05-12,SKU-SMA-182,1642,0,28,657
2025-05-12,SKU-SMA-183,93,107,14,134
2025-05-12,SKU-SMA-184,808,0,14,202
2025-05-12,SKU-SMA-185,880,0,14,352
2025-05-12,SKU-SMA-186,124,332,14,415
2025-05-12,SKU-SMA-187,145,387,21,484
2025-05-12,SKU-SMA-188,318,0,28,265
2025-05-12,SKU-SMA-189,133,152,7,191
2025-05-12,SKU-SMA-190,2408,0,21,602
2025-05-12,SKU-SMA-191,636,0,7,159
2025-05-12,SKU-SMA-192,57,152,7,191
2025-05-12,SKU-SMA-193,922,0,28,369
2025-05-12,SKU-SMA-194,1500,0,28,600
2025-05-12,SKU-SMA-195,123,328,21,411
2025-05-12,SKU-SMA-196,394,0,21,329
2025-05-12,SKU-SMA-197,920,0,7,230
2025-05-12,SKU-SMA-198,326,0,14,272
2025-05-12,SKU-SMA-199,3196,0,28,799
2025-05-12,SKU-SMA-200,812,0,21,677
2025-05-19,SKU-BED-001,560,0,7,224
2025-05-19,SKU-BED-002,256,293,14,367
2025-05-19,SKU-BED-003,967,0,14,387
2025-05-19,SKU-BED-004,325,0,21,271
2025-05-19,SKU-BED-005,1844,0,28,461
2025-05-19,SKU-BED-006,1600,0,28,640
2025-05-19,SKU-BED-007,547,0,7,219
2025-05-19,SKU-BED-008,1595,0,28,638
2025-05-19,SKU-BED-009,258,0,7,215
2025-05-19,SKU-BED-010,88,100,7,126
2025-05-19,SKU-BED-011,198,530,21,663
2025-05-19,SKU-BED-012,384,0,7,96
2025-05-19,SKU-BED-013,194,0,7,162
2025-05-19,SKU-BED-014,182,485,21,607
2025-05-19,SKU-BED-015,290,332,28,415
2025-05-19,SKU-BED-016,216,576,28,720
2025-05-19,SKU-BED-017,158,181,14,227
2025-05-19,SKU-BED-018,373,426,21,533
2025-05-19,SKU-BED-019,415,475,21,594
2025-05-19,SKU-BED-020,2360,0,21,590
2025-05-19,SKU-BED-021,1896,0,21,474
2025-05-19,SKU-BED-022,697,0,28,279
2025-05-19,SKU-BED-023,608,0,7,152
2025-05-19,SKU-BED-024,870,0,14,348
2025-05-19,SKU-BED-025,66,178,21,223
2025-05-19,SKU-BED-026,1287,0,21,515
2025-05-19,SKU-BED-027,1040,0,28,260
2025-05-19,SKU-BED-028,1335,0,28,534
2025-05-19,SKU-BED-029,1452,0,28,581
2025-05-19,SKU-BED-030,325,0,14,271
2025-05-19,SKU-BED-031,1484,0,21,371
2025-05-19,SKU-BED-032,848,0,7,212
2025-05-19,SKU-BED-033,84,224,14,280
2025-05-19,SKU-BED-034,319,0,21,266
2025-05-19,SKU-BED-035,332,0,21,277
2025-05-19,SKU-BED-036,315,360,21,451
2025-05-19,SKU-BED-037,154,412,21,516
2025-05-19,SKU-BED-038,1328,0,14,332
2025-05-19,SKU-BED-039,868,0,7,217
2025-05-19,SKU-BED-040,926,0,28,772
2025-05-19,SKU-FUR-041,42,112,7,141
2025-05-19,SKU-FUR-042,967,0,28,806
2025-05-19,SKU-FUR-043,1300,0,14,325
2025-05-19,SKU-FUR-044,81,93,7,117
2025-05-19,SKU-FUR-045,124,0,7,104
2025-05-19,SKU-FUR-046,550,0,7,220
2025-05-19,SKU-FUR-047,230,263,21,329
2025-05-19,SKU-FUR-048,96,110,7,138
2025-05-19,SKU-FUR-049,1417,0,21,567
2025-05-19,SKU-FUR-050,333,380,21,476
2025-05-19,SKU-FUR-051,157,420,21,525
2025-05-19,SKU-FUR-052,167,191,14,239
2025-05-19,SKU-FUR-053,408,467,28,584
2025-05-19,SKU-FUR-054,81,93,7,117
2025-05-19,SKU-FUR-055,2316,0,28,579
2025-05-19,SKU-FUR-056,294,0,14,245
2025-05-19,SKU-FUR-057,424,0,7,106
2025-05-19,SKU-FUR-058,130,0,7,109
2025-05-19,SKU-FUR-059,342,391,21,489
2025-05-19,SKU-FUR-060,2528,0,21,632
2025-05-19,SKU-FUR-061,562,0,21,469
2025-05-19,SKU-FUR-062,358,0,14,299
2025-05-19,SKU-FUR-063,57,152,14,190
2025-05-19,SKU-FUR-064,1656,0,28,414
2025-05-19,SKU-FUR-065,1048,0,14,262
2025-05-19,SKU-FUR-066,374,0,14,312
2025-05-19,SKU-FUR-067,123,330,28,413
2025-05-19,SKU-FUR-068,171,456,28,571
2025-05-19,SKU-FUR-069,255,292,14,365
2025-05-19,SKU-FUR-070,1035,0,21,414
2025-05-19,SKU-FUR-071,260,0,7,65
2025-05-19,SKU-FUR-072,156,179,14,224
2025-05-19,SKU-FUR-073,91,104,7,130
2025-05-19,SKU-FUR-074,144,165,14,207
2025-05-19,SKU-FUR-075,209,558,28,698
2025-05-19,SKU-FUR-076,298,0,14,249
2025-05-19,SKU-FUR-077,140,373,21,467
2025-05-19,SKU-FUR-078,36,96,7,120
2025-05-19,SKU-FUR-079,207,552,21,691
2025-05-19,SKU-FUR-080,46,124,7,155
2025-05-19,SKU-DEC-081,85,97,7,122
2025-05-19,SKU-DEC-082,1390,0,28,556
2025-05-19,SKU-DEC-083,916,0,14,229
2025-05-19,SKU-DEC-084,1220,0,21,305
2025-05-19,SKU-DEC-085,515,588,28,736
2025-05-19,SKU-DEC-086,69,185,14,232
2025-05-19,SKU-DEC-087,467,0,7,187
2025-05-19,SKU-DEC-088,3560,0,28,890
2025-05-19,SKU-DEC-089,428,0,14,357
2025-05-19,SKU-DEC-090,114,304,28,380
2025-05-19,SKU-DEC-091,523,598,28,748
2025-05-19,SKU-DEC-092,32,87,7,109
2025-05-19,SKU-DEC-093,810,0,14,324
2025-05-19,SKU-DEC-094,228,609,28,762
2025-05-19,SKU-DEC-095,1304,0,14,326
2025-05-19,SKU-DEC-096,1820,0,14,455
2025-05-19,SKU-DEC-097,60,161,7,202
2025-05-19,SKU-DEC-098,78,89,7,112
2025-05-19,SKU-DEC-099,307,0,7,123
2025-05-19,SKU-DEC-100,136,364,28,455
2025-05-19,SKU-DEC-101,254,290,14,363
2025-05-19,SKU-DEC-102,210,0,7,84
2025-05-19,SKU-DEC-103,1128,0,28,282
2025-05-19,SKU-DEC-104,576,0,14,144
2025-05-19,SKU-DEC-105,156,179,14,224
2025-05-19,SKU-DEC-106,1772,0,14,443
2025-05-19,SKU-DEC-107,1360,0,14,340
2025-05-19,SKU-DEC-108,472,0,7,189
2025-05-19,SKU-DEC-109,800,0,28,320
2025-05-19,SKU-DEC-110,780,0,21,195
2025-05-19,SKU-DEC-111,398,0,21,332
2025-05-19,SKU-DEC-112,1144,0,14,286
2025-05-19,SKU-DEC-113,251,288,21,360
2025-05-19,SKU-DEC-114,2700,0,21,675
2025-05-19,SKU-DEC-115,840,0,14,210
2025-05-19,SKU-DEC-116,2077,0,28,831
2025-05-19,SKU-DEC-117,49,131,14,164
2025-05-19,SKU-DEC-118,884,0,21,221
2025-05-19,SKU-DEC-119,87,232,14,291
2025-05-19,SKU-DEC-120,190,0,7,159
2025-05-19,SKU-LIG-121,124,142,7,178
2025-05-19,SKU-LIG-122,882,0,28,353
2025-05-19,SKU-LIG-123,956,0,28,797
2025-05-19,SKU-LIG-124,1776,0,14,444
2025-05-19,SKU-LIG-125,92,0,7,77
2025-05-19,SKU-LIG-126,62,167,14,209
2025-05-19,SKU-LIG-127,1252,0,14,313
2025-05-19,SKU-LIG-128,1327,0,28,531
2025-05-19,SKU-LIG-129,586,0,21,489
2025-05-19,SKU-LIG-130,466,533,28,667
2025-05-19,SKU-LIG-131,1544,0,14,386
2025-05-19,SKU-LIG-132,1012,0,14,253
2025-05-19,SKU-LIG-133,2584,0,21,646
2025-05-19,SKU-LIG-134,1804,0,28,451
2025-05-19,SKU-LIG-135,452,517,28,647
2025-05-19,SKU-LIG-136,162,432,28,540
2025-05-19,SKU-LIG-137,380,0,14,317
2025-05-19,SKU-LIG-138,51,58,7,73
2025-05-19,SKU-LIG-139,268,0,7,224
2025-05-19,SKU-LIG-140,316,0,7,79
2025-05-19,SKU-LIG-141,267,305,14,382
2025-05-19,SKU-LIG-142,403,0,14,336
2025-05-19,SKU-LIG-143,128,343,28,429
2025-05-19,SKU-LIG-144,68,183,21,229
2025-05-19,SKU-LIG-145,1236,0,21,309
2025-05-19,SKU-LIG-146,560,0,21,467
2025-05-19,SKU-LIG-147,213,0,14,178
2025-05-19,SKU-LIG-148,368,420,28,526
2025-05-19,SKU-LIG-149,892,0,14,357
2025-05-19,SKU-LIG-150,2268,0,28,567
2025-05-19,SKU-LIG-151,81,0,7,68
2025-05-19,SKU-LIG-152,266,0,14,222
2025-05-19,SKU-LIG-153,154,176,14,220
2025-05-19,SKU-LIG-154,496,0,14,414
2025-05-19,SKU-LIG-155,596,0,14,149
2025-05-19,SKU-LIG-156,489,0,28,408
2025-05-19,SKU-LIG-157,535,0,14,214
2025-05-19,SKU-LIG-158,136,156,7,195
2025-05-19,SKU-LIG-159,2592,0,28,648
2025-05-19,SKU-LIG-160,415,475,21,594
2025-05-19,SKU-SMA-161,28,76,7,96
2025-05-19,SKU-SMA-162,57,65,7,82
2025-05-19,SKU-SMA-163,60,160,14,201
2025-05-19,SKU-SMA-164,184,211,21,264
2025-05-19,SKU-SMA-165,267,0,7,107
2025-05-19,SKU-SMA-166,103,0,7,86
2025-05-19,SKU-SMA-167,21,58,7,73
2025-05-19,SKU-SMA-168,137,156,7,196
2025-05-19,SKU-SMA-169,1627,0,28,651
2025-05-19,SKU-SMA-170,724,0,21,604
2025-05-19,SKU-SMA-171,1632,0,21,653
2025-05-19,SKU-SMA-172,191,218,14,273
2025-05-19,SKU-SMA-173,679,0,28,566
2025-05-19,SKU-SMA-174,34,91,7,114
2025-05-19,SKU-SMA-175,520,0,7,130
2025-05-19,SKU-SMA-176,1085,0,28,434
2025-05-19,SKU-SMA-177,183,0,7,153
2025-05-19,SKU-SMA-178,682,0,14,273
2025-05-19,SKU-SMA-179,1632,0,28,653
2025-05-19,SKU-SMA-180,848,0,7,212
2025-05-19,SKU-SMA-181,2980,0,28,745
2025-05-19,SKU-SMA-182,196,0,7,164
2025-05-19,SKU-SMA-183,141,161,21,202
2025-05-19,SKU-SMA-184,1012,0,28,405
2025-05-19,SKU-SMA-185,440,0,7,176
2025-05-19,SKU-SMA-186,249,664,28,830
2025-05-19,SKU-SMA-187,387,0,14,323
2025-05-19,SKU-SMA-188,264,0,7,66
2025-05-19,SKU-SMA-189,535,612,28,765
2025-05-19,SKU-SMA-190,722,0,21,602
2025-05-19,SKU-SMA-191,111,127,7,159
2025-05-19,SKU-SMA-192,3056,0,28,764
2025-05-19,SKU-SMA-193,1476,0,28,369
2025-05-19,SKU-SMA-194,420,480,28,600
2025-05-19,SKU-SMA-195,82,219,14,274
2025-05-19,SKU-SMA-196,1752,0,28,438
2025-05-19,SKU-SMA-197,575,0,7,230
2025-05-19,SKU-SMA-198,95,108,7,136
2025-05-19,SKU-SMA-199,958,0,28,799
2025-05-19,SKU-SMA-200,1083,0,28,903
2025-05-26,SKU-BED-001,2696,0,21,674
2025-05-26,SKU-BED-002,1835,0,28,734
2025-05-26,SKU-BED-003,406,464,21,581
2025-05-26,SKU-BED-004,360,0,7,90
2025-05-26,SKU-BED-005,138,368,28,461
2025-05-26,SKU-BED-006,224,256,14,320
2025-05-26,SKU-BED-007,547,0,7,219
2025-05-26,SKU-BED-008,636,0,7,159
2025-05-26,SKU-BED-009,603,689,28,862
2025-05-26,SKU-BED-010,37,100,7,126
2025-05-26,SKU-BED-011,464,530,21,663
2025-05-26,SKU-BED-012,345,0,21,288
2025-05-26,SKU-BED-013,340,389,21,487
2025-05-26,SKU-BED-014,243,648,28,810
2025-05-26,SKU-BED-015,373,0,21,311
2025-05-26,SKU-BED-016,2160,0,21,540
2025-05-26,SKU-BED-017,850,0,21,340
2025-05-26,SKU-BED-018,2132,0,21,533
2025-05-26,SKU-BED-019,178,475,21,594
2025-05-26,SKU-BED-020,177,472,21,590
2025-05-26,SKU-BED-021,94,252,14,316
2025-05-26,SKU-BED-022,1116,0,28,279
2025-05-26,SKU-BED-023,366,0,14,305
2025-05-26,SKU-BED-024,870,0,14,348
2025-05-26,SKU-BED-025,185,0,7,74
2025-05-26,SKU-BED-026,1717,0,28,687
2025-05-26,SKU-BED-027,780,0,21,195
2025-05-26,SKU-BED-028,532,0,7,133
2025-05-26,SKU-BED-029,87,232,14,290
2025-05-26,SKU-BED-030,162,434,28,543
2025-05-26,SKU-BED-031,1484,0,21,371
2025-05-26,SKU-BED-032,297,340,14,425
2025-05-26,SKU-BED-033,168,448,28,560
2025-05-26,SKU-BED-034,186,212,21,266
2025-05-26,SKU-BED-035,129,148,14,185
2025-05-26,SKU-BED-036,135,360,21,451
2025-05-26,SKU-BED-037,2064,0,21,516
2025-05-26,SKU-BED-038,830,0,14,332
2025-05-26,SKU-BED-039,1736,0,14,434
2025-05-26,SKU-BED-040,926,0,28,772
2025-05-26,SKU-FUR-041,126,338,21,423
2025-05-26,SKU-FUR-042,241,0,7,201
2025-05-26,SKU-FUR-043,1625,0,28,650
2025-05-26,SKU-FUR-044,292,0,7,117
2025-05-26,SKU-FUR-045,499,0,28,416
2025-05-26,SKU-FUR-046,198,528,21,660
2025-05-26,SKU-FUR-047,230,263,21,329
2025-05-26,SKU-FUR-048,41,110,7,138
2025-05-26,SKU-FUR-049,1417,0,21,567
2025-05-26,SKU-FUR-050,1190,0,21,476
2025-05-26,SKU-FUR-051,2804,0,28,701
2025-05-26,SKU-FUR-052,167,191,14,239
2025-05-26,SKU-FUR-053,43,116,7,146
2025-05-26,SKU-FUR-054,105,281,21,352
2025-05-26,SKU-FUR-055,722,0,14,289
2025-05-26,SKU-FUR-056,85,97,7,122
2025-05-26,SKU-FUR-057,424,0,7,106
2025-05-26,SKU-FUR-058,436,0,7,109
2025-05-26,SKU-FUR-059,782,0,28,652
2025-05-26,SKU-FUR-060,1580,0,21,632
2025-05-26,SKU-FUR-061,93,249,14,312
2025-05-26,SKU-FUR-062,1796,0,21,449
2025-05-26,SKU-FUR-063,342,0,21,285
2025-05-26,SKU-FUR-064,496,0,28,414
2025-05-26,SKU-FUR-065,91,104,7,131
2025-05-26,SKU-FUR-066,390,0,7,156
2025-05-26,SKU-FUR-067,495,0,28,413
2025-05-26,SKU-FUR-068,99,113,7,142
2025-05-26,SKU-FUR-069,1367,0,21,547
2025-05-26,SKU-FUR-070,496,0,21,414
2025-05-26,SKU-FUR-071,236,0,21,197
2025-05-26,SKU-FUR-072,314,359,28,449
2025-05-26,SKU-FUR-073,470,0,21,392
2025-05-26,SKU-FUR-074,72,82,7,103
2025-05-26,SKU-FUR-075,488,558,28,698
2025-05-26,SKU-FUR-076,261,299,21,374
2025-05-26,SKU-FUR-077,93,248,14,311
2025-05-26,SKU-FUR-078,108,289,21,362
2025-05-26,SKU-FUR-079,276,736,28,921
2025-05-26,SKU-FUR-080,326,372,21,466
2025-05-26,SKU-DEC-081,439,0,21,366
2025-05-26,SKU-DEC-082,1042,0,21,417
2025-05-26,SKU-DEC-083,274,0,14,229
2025-05-26,SKU-DEC-084,252,0,7,101
2025-05-26,SKU-DEC-085,220,588,28,736
2025-05-26,SKU-DEC-086,870,0,21,348
2025-05-26,SKU-DEC-087,130,149,7,187
2025-05-26,SKU-DEC-088,311,356,14,445
2025-05-26,SKU-DEC-089,428,0,14,357
2025-05-26,SKU-DEC-090,228,0,14,190
2025-05-26,SKU-DEC-091,392,448,21,561
2025-05-26,SKU-DEC-092,130,0,7,109
2025-05-26,SKU-DEC-093,97,259,14,324
2025-05-26,SKU-DEC-094,914,0,28,762
2025-05-26,SKU-DEC-095,97,260,14,326
2025-05-26,SKU-DEC-096,567,0,7,227
2025-05-26,SKU-DEC-097,242,0,7,202
2025-05-26,SKU-DEC-098,405,0,21,338
2025-05-26,SKU-DEC-099,259,296,21,370
2025-05-26,SKU-DEC-100,272,0,14,227
2025-05-26,SKU-DEC-101,54,144,7,181
2025-05-26,SKU-DEC-102,672,0,14,168
2025-05-26,SKU-DEC-103,352,0,14,141
2025-05-26,SKU-DEC-104,576,0,14,144
2025-05-26,SKU-DEC-105,560,0,14,224
2025-05-26,SKU-DEC-106,265,0,7,221
2025-05-26,SKU-DEC-107,612,0,21,510
2025-05-26,SKU-DEC-108,1420,0,21,568
2025-05-26,SKU-DEC-109,200,0,7,80
2025-05-26,SKU-DEC-110,234,0,21,195
2025-05-26,SKU-DEC-111,132,0,7,110
2025-05-26,SKU-DEC-112,171,458,28,573
2025-05-26,SKU-DEC-113,480,0,7,120
2025-05-26,SKU-DEC-114,2700,0,21,675
2025-05-26,SKU-DEC-115,262,0,7,105
2025-05-26,SKU-DEC-116,144,165,7,207
2025-05-26,SKU-DEC-117,295,0,21,246
2025-05-26,SKU-DEC-118,66,176,21,221
2025-05-26,SKU-DEC-119,727,0,14,291
2025-05-26,SKU-DEC-120,111,127,7,159
2025-05-26,SKU-LIG-121,249,284,14,356
2025-05-26,SKU-LIG-122,423,0,28,353
2025-05-26,SKU-LIG-123,956,0,28,797
2025-05-26,SKU-LIG-124,66,177,7,222
2025-05-26,SKU-LIG-125,924,0,21,231
2025-05-26,SKU-LIG-126,124,0,7,104
2025-05-26,SKU-LIG-127,1175,0,21,470
2025-05-26,SKU-LIG-128,2124,0,28,531
2025-05-26,SKU-LIG-129,1956,0,21,489
2025-05-26,SKU-LIG-130,199,0,7,166
2025-05-26,SKU-LIG-131,772,0,7,193
2025-05-26,SKU-LIG-132,1012,0,14,253
2025-05-26,SKU-LIG-133,775,0,21,646
2025-05-26,SKU-LIG-134,78,89,7,112
2025-05-26,SKU-LIG-135,194,517,28,647
2025-05-26,SKU-LIG-136,1350,0,28,540
2025-05-26,SKU-LIG-137,190,507,28,634
2025-05-26,SKU-LIG-138,262,0,21,219
2025-05-26,SKU-LIG-139,134,358,14,448
2025-05-26,SKU-LIG-140,47,127,14,159
2025-05-26,SKU-LIG-141,171,458,21,573
2025-05-26,SKU-LIG-142,604,0,21,504
2025-05-26,SKU-LIG-143,128,0,7,107
2025-05-26,SKU-LIG-144,382,0,14,153
2025-05-26,SKU-LIG-145,1652,0,28,413
2025-05-26,SKU-LIG-146,1167,0,21,467
2025-05-26,SKU-LIG-147,356,0,7,89
2025-05-26,SKU-LIG-148,631,0,28,526
2025-05-26,SKU-LIG-149,445,0,7,178
2025-05-26,SKU-LIG-150,1700,0,21,425
2025-05-26,SKU-LIG-151,272,0,7,68
2025-05-26,SKU-LIG-152,233,267,21,334
2025-05-26,SKU-LIG-153,231,264,21,331
2025-05-26,SKU-LIG-154,144,165,7,207
2025-05-26,SKU-LIG-155,185,0,7,74
2025-05-26,SKU-LIG-156,408,0,7,102
2025-05-26,SKU-LIG-157,856,0,14,214
2025-05-26,SKU-LIG-158,469,0,14,391
2025-05-26,SKU-LIG-159,1944,0,21,486
2025-05-26,SKU-LIG-160,3168,0,28,792
2025-05-26,SKU-SMA-161,345,0,21,288
2025-05-26,SKU-SMA-162,205,0,7,82
2025-05-26,SKU-SMA-163,282,322,28,403
2025-05-26,SKU-SMA-164,316,0,21,264
2025-05-26,SKU-SMA-165,1075,0,28,430
2025-05-26,SKU-SMA-166,312,0,21,260
2025-05-26,SKU-SMA-167,65,175,21,219
2025-05-26,SKU-SMA-168,705,0,21,588
2025-05-26,SKU-SMA-169,1300,0,14,325
2025-05-26,SKU-SMA-170,241,0,7,201
2025-05-26,SKU-SMA-171,65,173,7,217
2025-05-26,SKU-SMA-172,544,0,7,136
2025-05-26,SKU-SMA-173,127,340,21,425
2025-05-26,SKU-SMA-174,319,364,28,456
2025-05-26,SKU-SMA-175,626,0,28,522
2025-05-26,SKU-SMA-176,97,260,21,326
2025-05-26,SKU-SMA-177,382,0,7,153
2025-05-26,SKU-SMA-178,163,436,28,546
2025-05-26,SKU-SMA-179,195,0,7,163
2025-05-26,SKU-SMA-180,148,169,7,212
2025-05-26,SKU-SMA-181,55,148,7,186
2025-05-26,SKU-SMA-182,147,394,21,493
2025-05-26,SKU-SMA-183,20,53,7,67
2025-05-26,SKU-SMA-184,212,243,21,304
2025-05-26,SKU-SMA-185,52,140,7,176
2025-05-26,SKU-SMA-186,124,332,14,415
2025-05-26,SKU-SMA-187,2584,0,28,646
2025-05-26,SKU-SMA-188,92,105,14,132
2025-05-26,SKU-SMA-189,764,0,7,191
2025-05-26,SKU-SMA-190,2007,0,28,803
2025-05-26,SKU-SMA-191,397,0,7,159
2025-05-26,SKU-SMA-192,687,0,21,573
2025-05-26,SKU-SMA-193,193,221,21,277
2025-05-26,SKU-SMA-194,600,0,7,150
2025-05-26,SKU-SMA-195,2196,0,28,549
2025-05-26,SKU-SMA-196,76,87,7,109
2025-05-26,SKU-SMA-197,552,0,14,460
2025-05-26,SKU-SMA-198,1088,0,14,272
2025-05-26,SKU-SMA-199,958,0,28,799
2025-05-26,SKU-SMA-200,3612,0,28,903
2025-06-02,SKU-BED-001,1796,0,14,449
2025-06-02,SKU-BED-002,54,146,7,183
2025-06-02,SKU-BED-003,135,154,7,193
2025-06-02,SKU-BED-004,126,144,14,181
2025-06-02,SKU-BED-005,1844,0,28,461
2025-06-02,SKU-BED-006,640,0,7,160
2025-06-02,SKU-BED-007,547,0,7,219
2025-06-02,SKU-BED-008,797,0,14,319
2025-06-02,SKU-BED-009,64,172,7,215
2025-06-02,SKU-BED-010,151,0,7,126
2025-06-02,SKU-BED-011,884,0,7,221
2025-06-02,SKU-BED-012,345,0,21,288
2025-06-02,SKU-BED-013,194,519,28,649
2025-06-02,SKU-BED-014,505,0,7,202
2025-06-02,SKU-BED-015,217,248,21,311
2025-06-02,SKU-BED-016,450,0,7,180
2025-06-02,SKU-BED-017,282,0,7,113
2025-06-02,SKU-BED-018,853,0,28,711
2025-06-02,SKU-BED-019,237,0,7,198
2025-06-02,SKU-BED-020,550,629,28,787
2025-06-02,SKU-BED-021,632,0,7,158
2025-06-02,SKU-BED-022,195,223,28,279
2025-06-02,SKU-BED-023,548,0,21,457
2025-06-02,SKU-BED-024,52,139,7,174
2025-06-02,SKU-BED-025,104,119,14,149
2025-06-02,SKU-BED-026,857,0,14,343
2025-06-02,SKU-BED-027,780,0,21,195
2025-06-02,SKU-BED-028,93,106,7,133
2025-06-02,SKU-BED-029,174,0,7,145
2025-06-02,SKU-BED-030,81,216,14,271
2025-06-02,SKU-BED-031,307,0,7,123
2025-06-02,SKU-BED-032,2127,0,28,851
2025-06-02,SKU-BED-033,2240,0,28,560
2025-06-02,SKU-BED-034,123,141,14,177
2025-06-02,SKU-BED-035,692,0,21,277
2025-06-02,SKU-BED-036,1804,0,21,451
2025-06-02,SKU-BED-037,1722,0,28,689
2025-06-02,SKU-BED-038,798,0,28,665
2025-06-02,SKU-BED-039,1630,0,21,652
2025-06-02,SKU-BED-040,115,308,14,386
2025-06-02,SKU-FUR-041,564,0,7,141
2025-06-02,SKU-FUR-042,140,160,7,201
2025-06-02,SKU-FUR-043,812,0,14,325
2025-06-02,SKU-FUR-044,877,0,21,351
2025-06-02,SKU-FUR-045,31,83,7,104
2025-06-02,SKU-FUR-046,264,704,28,880
2025-06-02,SKU-FUR-047,131,351,28,439
2025-06-02,SKU-FUR-048,692,0,14,277
2025-06-02,SKU-FUR-049,264,302,14,378
2025-06-02,SKU-FUR-050,1904,0,21,476
2025-06-02,SKU-FUR-051,700,0,7,175
2025-06-02,SKU-FUR-052,956,0,14,239
2025-06-02,SKU-FUR-053,525,0,21,438
2025-06-02,SKU-FUR-054,329,376,28,470
2025-06-02,SKU-FUR-055,130,347,21,434
2025-06-02,SKU-FUR-056,256,293,21,367
2025-06-02,SKU-FUR-057,1062,0,28,425
2025-06-02,SKU-FUR-058,526,0,28,439
2025-06-02,SKU-FUR-059,1222,0,21,489
2025-06-02,SKU-FUR-060,294,336,14,421
2025-06-02,SKU-FUR-061,93,249,14,312
2025-06-02,SKU-FUR-062,358,0,14,299
2025-06-02,SKU-FUR-063,1140,0,21,285
2025-06-02,SKU-FUR-064,217,248,21,310
2025-06-02,SKU-FUR-065,275,314,21,393
2025-06-02,SKU-FUR-066,218,249,14,312
2025-06-02,SKU-FUR-067,1032,0,28,413
2025-06-02,SKU-FUR-068,1070,0,21,428
2025-06-02,SKU-FUR-069,127,145,7,182
2025-06-02,SKU-FUR-070,124,331,21,414
2025-06-02,SKU-FUR-071,78,210,28,263
2025-06-02,SKU-FUR-072,134,359,28,449
2025-06-02,SKU-FUR-073,366,418,28,523
2025-06-02,SKU-FUR-074,93,248,21,311
2025-06-02,SKU-FUR-075,418,0,14,349
2025-06-02,SKU-FUR-076,448,0,21,374
2025-06-02,SKU-FUR-077,1557,0,28,623
2025-06-02,SKU-FUR-078,1448,0,21,362
2025-06-02,SKU-FUR-079,552,0,14,460
2025-06-02,SKU-FUR-080,46,124,7,155
2025-06-02,SKU-DEC-081,585,0,28,488
2025-06-02,SKU-DEC-082,389,444,28,556
2025-06-02,SKU-DEC-083,137,366,28,458
2025-06-02,SKU-DEC-084,404,0,7,101
2025-06-02,SKU-DEC-085,55,147,7,184
2025-06-02,SKU-DEC-086,34,92,7,116
2025-06-02,SKU-DEC-087,748,0,7,187
2025-06-02,SKU-DEC-088,2225,0,28,890
2025-06-02,SKU-DEC-089,712,0,7,178
2025-06-02,SKU-DEC-090,950,0,28,380
2025-06-02,SKU-DEC-091,1402,0,21,561
2025-06-02,SKU-DEC-092,76,87,7,109
2025-06-02,SKU-DEC-093,97,259,14,324
2025-06-02,SKU-DEC-094,952,0,14,381
2025-06-02,SKU-DEC-095,391,0,14,326
2025-06-02,SKU-DEC-096,272,0,7,227
2025-06-02,SKU-DEC-097,3244,0,28,811
2025-06-02,SKU-DEC-098,134,0,7,112
2025-06-02,SKU-DEC-099,988,0,14,247
2025-06-02,SKU-DEC-100,1364,0,21,341
2025-06-02,SKU-DEC-101,724,0,7,181
2025-06-02,SKU-DEC-102,100,0,7,84
2025-06-02,SKU-DEC-103,844,0,21,211
2025-06-02,SKU-DEC-104,86,230,28,288
2025-06-02,SKU-DEC-105,156,179,14,224
2025-06-02,SKU-DEC-106,1107,0,14,443
2025-06-02,SKU-DEC-107,680,0,7,170
2025-06-02,SKU-DEC-108,681,0,21,568
2025-06-02,SKU-DEC-109,24,64,7,80
2025-06-02,SKU-DEC-110,520,0,14,130
2025-06-02,SKU-DEC-111,1772,0,28,443
2025-06-02,SKU-DEC-112,171,0,7,143
2025-06-02,SKU-DEC-113,1920,0,28,480
2025-06-02,SKU-DEC-114,3600,0,28,900
2025-06-02,SKU-DEC-115,221,252,21,316
2025-06-02,SKU-DEC-116,1037,0,14,415
2025-06-02,SKU-DEC-117,393,0,28,328
2025-06-02,SKU-DEC-118,265,0,21,221
2025-06-02,SKU-DEC-119,727,0,14,291
2025-06-02,SKU-DEC-120,766,0,28,639
2025-06-02,SKU-LIG-121,855,0,28,713
2025-06-02,SKU-LIG-122,1060,0,21,265
2025-06-02,SKU-LIG-123,119,318,14,398
2025-06-02,SKU-LIG-124,200,533,21,667
2025-06-02,SKU-LIG-125,23,61,7,77
2025-06-02,SKU-LIG-126,376,0,21,314
2025-06-02,SKU-LIG-127,93,250,14,313
2025-06-02,SKU-LIG-128,995,0,21,398
2025-06-02,SKU-LIG-129,652,0,7,163
2025-06-02,SKU-LIG-130,600,0,21,500
2025-06-02,SKU-LIG-131,541,618,28,773
2025-06-02,SKU-LIG-132,2028,0,28,507
2025-06-02,SKU-LIG-133,301,344,14,431
2025-06-02,SKU-LIG-134,157,180,14,225
2025-06-02,SKU-LIG-135,339,388,21,485
2025-06-02,SKU-LIG-136,324,0,14,270
2025-06-02,SKU-LIG-137,1268,0,14,317
2025-06-02,SKU-LIG-138,102,116,14,146
2025-06-02,SKU-LIG-139,2242,0,28,897
2025-06-02,SKU-LIG-140,286,0,21,239
2025-06-02,SKU-LIG-141,534,611,28,764
2025-06-02,SKU-LIG-142,840,0,14,336
2025-06-02,SKU-LIG-143,256,0,14,214
2025-06-02,SKU-LIG-144,183,0,14,153
2025-06-02,SKU-LIG-145,72,82,7,103
2025-06-02,SKU-LIG-146,620,0,7,155
2025-06-02,SKU-LIG-147,1068,0,21,267
2025-06-02,SKU-LIG-148,315,0,14,263
2025-06-02,SKU-LIG-149,643,0,21,536
2025-06-02,SKU-LIG-150,84,226,14,283
2025-06-02,SKU-LIG-151,61,164,21,205
2025-06-02,SKU-LIG-152,400,0,21,334
2025-06-02,SKU-LIG-153,880,0,14,220
2025-06-02,SKU-LIG-154,496,0,14,414
2025-06-02,SKU-LIG-155,358,0,28,299
2025-06-02,SKU-LIG-156,285,326,28,408
2025-06-02,SKU-LIG-157,128,343,28,429
2025-06-02,SKU-LIG-158,234,0,7,195
2025-06-02,SKU-LIG-159,1944,0,21,486
2025-06-02,SKU-LIG-160,3168,0,28,792
2025-06-02,SKU-SMA-161,268,307,28,384
2025-06-02,SKU-SMA-162,24,65,7,82
2025-06-02,SKU-SMA-163,120,322,28,403
2025-06-02,SKU-SMA-164,184,211,21,264
2025-06-02,SKU-SMA-165,386,0,21,322
2025-06-02,SKU-SMA-166,416,0,28,347
2025-06-02,SKU-SMA-167,350,0,28,292
2025-06-02,SKU-SMA-168,784,0,7,196
2025-06-02,SKU-SMA-169,113,129,7,162
2025-06-02,SKU-SMA-170,563,644,28,805
2025-06-02,SKU-SMA-171,1087,0,14,435
2025-06-02,SKU-SMA-172,191,218,14,273
2025-06-02,SKU-SMA-173,1415,0,28,566
2025-06-02,SKU-SMA-174,1140,0,28,456
2025-06-02,SKU-SMA-175,313,0,14,261
2025-06-02,SKU-SMA-176,391,0,21,326
2025-06-02,SKU-SMA-177,2456,0,28,614
2025-06-02,SKU-SMA-178,1636,0,21,409
2025-06-02,SKU-SMA-179,48,130,7,163
2025-06-02,SKU-SMA-180,254,679,28,849
2025-06-02,SKU-SMA-181,465,0,7,186
2025-06-02,SKU-SMA-182,196,0,7,164
2025-06-02,SKU-SMA-183,40,107,14,134
2025-06-02,SKU-SMA-184,60,161,14,202
2025-06-02,SKU-SMA-185,246,281,14,352
2025-06-02,SKU-SMA-186,996,0,28,830
2025-06-02,SKU-SMA-187,48,128,7,161
2025-06-02,SKU-SMA-188,185,212,28,265
2025-06-02,SKU-SMA-189,3060,0,28,765
2025-06-02,SKU-SMA-190,140,160,7,200
2025-06-02,SKU-SMA-191,47,127,7,159
2025-06-02,SKU-SMA-192,2292,0,21,573
2025-06-02,SKU-SMA-193,332,0,21,277
2025-06-02,SKU-SMA-194,1800,0,21,450
2025-06-02,SKU-SMA-195,95,109,7,137
2025-06-02,SKU-SMA-196,306,350,28,438
2025-06-02,SKU-SMA-197,138,368,14,460
2025-06-02,SKU-SMA-198,190,217,14,272
2025-06-02,SKU-SMA-199,179,479,21,599
2025-06-02,SKU-SMA-200,203,541,21,677
2025-06-09,SKU-BED-001,202,539,21,674
2025-06-09,SKU-BED-002,256,293,14,367
2025-06-09,SKU-BED-003,1935,0,28,774
2025-06-09,SKU-BED-004,217,0,14,181
2025-06-09,SKU-BED-005,138,0,7,115
2025-06-09,SKU-BED-006,192,0,7,160
2025-06-09,SKU-BED-007,2628,0,21,657
2025-06-09,SKU-BED-008,1276,0,14,319
2025-06-09,SKU-BED-009,603,689,28,862
2025-06-09,SKU-BED-010,453,0,21,378
2025-06-09,SKU-BED-011,198,530,21,663
2025-06-09,SKU-BED-012,86,230,21,288
2025-06-09,SKU-BED-013,194,519,28,649
2025-06-09,SKU-BED-014,486,0,14,405
2025-06-09,SKU-BED-015,248,0,14,207
2025-06-09,SKU-BED-016,251,288,14,360
2025-06-09,SKU-BED-017,68,181,14,227
2025-06-09,SKU-BED-018,248,284,14,355
2025-06-09,SKU-BED-019,237,634,28,793
2025-06-09,SKU-BED-020,944,0,28,787
2025-06-09,SKU-BED-021,379,0,14,316
2025-06-09,SKU-BED-022,522,0,21,209
2025-06-09,SKU-BED-023,91,244,14,305
2025-06-09,SKU-BED-024,2784,0,28,696
2025-06-09,SKU-BED-025,89,238,28,298
2025-06-09,SKU-BED-026,2748,0,28,687
2025-06-09,SKU-BED-027,182,208,28,260
2025-06-09,SKU-BED-028,93,106,7,133
2025-06-09,SKU-BED-029,362,0,7,145
2025-06-09,SKU-BED-030,651,0,28,543
2025-06-09,SKU-BED-031,36,98,7,123
2025-06-09,SKU-BED-032,191,510,21,638
2025-06-09,SKU-BED-033,196,224,14,280
2025-06-09,SKU-BED-034,424,0,28,354
2025-06-09,SKU-BED-035,110,0,7,92
2025-06-09,SKU-BED-036,375,0,7,150
2025-06-09,SKU-BED-037,206,551,28,689
2025-06-09,SKU-BED-038,415,0,7,166
2025-06-09,SKU-BED-039,868,0,7,217
2025-06-09,SKU-BED-040,135,154,7,193
2025-06-09,SKU-FUR-041,352,0,7,141
2025-06-09,SKU-FUR-042,120,322,14,403
2025-06-09,SKU-FUR-043,195,520,28,650
2025-06-09,SKU-FUR-044,140,0,7,117
2025-06-09,SKU-FUR-045,416,0,7,104
2025-06-09,SKU-FUR-046,880,0,7,220
2025-06-09,SKU-FUR-047,262,0,14,219
2025-06-09,SKU-FUR-048,291,332,21,416
2025-06-09,SKU-FUR-049,1890,0,28,756
2025-06-09,SKU-FUR-050,110,126,7,158
2025-06-09,SKU-FUR-051,244,280,14,350
2025-06-09,SKU-FUR-052,1432,0,21,358
2025-06-09,SKU-FUR-053,175,0,7,146
2025-06-09,SKU-FUR-054,292,0,7,117
2025-06-09,SKU-FUR-055,405,463,28,579
2025-06-09,SKU-FUR-056,147,392,28,490
2025-06-09,SKU-FUR-057,74,84,7,106
2025-06-09,SKU-FUR-058,436,0,7,109
2025-06-09,SKU-FUR-059,1630,0,28,652
2025-06-09,SKU-FUR-060,252,0,7,210
2025-06-09,SKU-FUR-061,328,375,21,469
2025-06-09,SKU-FUR-062,89,239,14,299
2025-06-09,SKU-FUR-063,133,152,14,190
2025-06-09,SKU-FUR-064,517,0,14,207
2025-06-09,SKU-FUR-065,78,209,14,262
2025-06-09,SKU-FUR-066,1248,0,14,312
2025-06-09,SKU-FUR-067,1032,0,28,413
2025-06-09,SKU-FUR-068,355,0,7,142
2025-06-09,SKU-FUR-069,54,145,7,182
2025-06-09,SKU-FUR-070,41,110,7,138
2025-06-09,SKU-FUR-071,492,0,21,197
2025-06-09,SKU-FUR-072,1348,0,21,337
2025-06-09,SKU-FUR-073,78,208,14,261
2025-06-09,SKU-FUR-074,62,165,14,207
2025-06-09,SKU-FUR-075,121,139,7,174
2025-06-09,SKU-FUR-076,310,0,7,124
2025-06-09,SKU-FUR-077,387,0,7,155
2025-06-09,SKU-FUR-078,144,0,7,120
2025-06-09,SKU-FUR-079,1105,0,28,921
2025-06-09,SKU-FUR-080,217,248,14,310
2025-06-09,SKU-DEC-081,1464,0,21,366
2025-06-09,SKU-DEC-082,347,0,7,139
2025-06-09,SKU-DEC-083,240,274,21,343
2025-06-09,SKU-DEC-084,507,0,14,203
2025-06-09,SKU-DEC-085,736,0,7,184
2025-06-09,SKU-DEC-086,278,0,14,232
2025-06-09,SKU-DEC-087,56,149,7,187
2025-06-09,SKU-DEC-088,155,177,7,222
2025-06-09,SKU-DEC-089,500,572,28,715
2025-06-09,SKU-DEC-090,712,0,21,285
2025-06-09,SKU-DEC-091,224,0,7,187
2025-06-09,SKU-DEC-092,1312,0,21,328
2025-06-09,SKU-DEC-093,1620,0,28,648
2025-06-09,SKU-DEC-094,475,0,7,190
2025-06-09,SKU-DEC-095,48,130,7,163
2025-06-09,SKU-DEC-096,2732,0,21,683
2025-06-09,SKU-DEC-097,729,0,21,608
2025-06-09,SKU-DEC-098,78,89,7,112
2025-06-09,SKU-DEC-099,307,0,7,123
2025-06-09,SKU-DEC-100,33,90,7,113
2025-06-09,SKU-DEC-101,435,0,14,363
2025-06-09,SKU-DEC-102,75,201,21,252
2025-06-09,SKU-DEC-103,280,0,7,70
2025-06-09,SKU-DEC-104,259,0,21,216
2025-06-09,SKU-DEC-105,100,268,21,336
2025-06-09,SKU-DEC-106,464,531,21,664
2025-06-09,SKU-DEC-107,680,0,7,170
2025-06-09,SKU-DEC-108,908,0,28,757
2025-06-09,SKU-DEC-109,96,256,28,320
2025-06-09,SKU-DEC-110,58,156,21,195
2025-06-09,SKU-DEC-111,1328,0,21,332
2025-06-09,SKU-DEC-112,2292,0,28,573
2025-06-09,SKU-DEC-113,480,0,7,120
2025-06-09,SKU-DEC-114,1800,0,14,450
2025-06-09,SKU-DEC-115,126,0,7,105
2025-06-09,SKU-DEC-116,248,0,7,207
2025-06-09,SKU-DEC-117,820,0,28,328
2025-06-09,SKU-DEC-118,884,0,21,221
2025-06-09,SKU-DEC-119,1455,0,28,582
2025-06-09,SKU-DEC-120,2556,0,28,639
2025-06-09,SKU-LIG-121,160,427,21,534
2025-06-09,SKU-LIG-122,211,0,14,176
2025-06-09,SKU-LIG-123,497,0,7,199
2025-06-09,SKU-LIG-124,888,0,7,222
2025-06-09,SKU-LIG-125,184,0,14,154
2025-06-09,SKU-LIG-126,125,334,28,418
2025-06-09,SKU-LIG-127,93,250,14,313
2025-06-09,SKU-LIG-128,528,0,7,132
2025-06-09,SKU-LIG-129,342,391,21,489
2025-06-09,SKU-LIG-130,1250,0,21,500
2025-06-09,SKU-LIG-131,772,0,7,193
2025-06-09,SKU-LIG-132,152,405,28,507
2025-06-09,SKU-LIG-133,258,0,7,215
2025-06-09,SKU-LIG-134,134,0,7,112
2025-06-09,SKU-LIG-135,582,0,21,485
2025-06-09,SKU-LIG-136,1350,0,28,540
2025-06-09,SKU-LIG-137,792,0,14,317
2025-06-09,SKU-LIG-138,365,0,14,146
2025-06-09,SKU-LIG-139,268,0,7,224
2025-06-09,SKU-LIG-140,597,0,21,239
2025-06-09,SKU-LIG-141,764,0,7,191
2025-06-09,SKU-LIG-142,2688,0,28,672
2025-06-09,SKU-LIG-143,64,171,14,214
2025-06-09,SKU-LIG-144,160,183,21,229
2025-06-09,SKU-LIG-145,495,0,28,413
2025-06-09,SKU-LIG-146,435,497,28,622
2025-06-09,SKU-LIG-147,445,0,14,178
2025-06-09,SKU-LIG-148,985,0,21,394
2025-06-09,SKU-LIG-149,500,572,28,715
2025-06-09,SKU-LIG-150,127,340,21,425
2025-06-09,SKU-LIG-151,81,218,28,273
2025-06-09,SKU-LIG-152,33,88,7,111
2025-06-09,SKU-LIG-153,827,0,21,331
2025-06-09,SKU-LIG-154,289,331,14,414
2025-06-09,SKU-LIG-155,67,179,21,224
2025-06-09,SKU-LIG-156,1224,0,21,306
2025-06-09,SKU-LIG-157,256,0,14,214
2025-06-09,SKU-LIG-158,1467,0,21,587
2025-06-09,SKU-LIG-159,113,129,7,162
2025-06-09,SKU-LIG-160,237,0,7,198
2025-06-09,SKU-SMA-161,115,307,28,384
2025-06-09,SKU-SMA-162,656,0,14,164
2025-06-09,SKU-SMA-163,1007,0,28,403
2025-06-09,SKU-SMA-164,52,140,14,176
2025-06-09,SKU-SMA-165,386,0,21,322
2025-06-09,SKU-SMA-166,121,138,14,173
2025-06-09,SKU-SMA-167,21,58,7,73
2025-06-09,SKU-SMA-168,490,0,7,196
2025-06-09,SKU-SMA-169,1952,0,21,488
2025-06-09,SKU-SMA-170,563,644,28,805
2025-06-09,SKU-SMA-171,304,348,14,435
2025-06-09,SKU-SMA-172,682,0,14,273
2025-06-09,SKU-SMA-173,2264,0,28,566
2025-06-09,SKU-SMA-174,1824,0,28,456
2025-06-09,SKU-SMA-175,652,0,14,261
2025-06-09,SKU-SMA-176,815,0,21,326
2025-06-09,SKU-SMA-177,1228,0,14,307
2025-06-09,SKU-SMA-178,1636,0,21,409
2025-06-09,SKU-SMA-179,114,130,7,163
2025-06-09,SKU-SMA-180,530,0,7,212
2025-06-09,SKU-SMA-181,1488,0,14,372
2025-06-09,SKU-SMA-182,410,0,7,164
2025-06-09,SKU-SMA-183,536,0,14,134
2025-06-09,SKU-SMA-184,760,0,21,304
2025-06-09,SKU-SMA-185,1320,0,21,528
2025-06-09,SKU-SMA-186,248,0,7,207
2025-06-09,SKU-SMA-187,452,516,28,646
2025-06-09,SKU-SMA-188,39,105,14,132
2025-06-09,SKU-SMA-189,688,0,21,574
2025-06-09,SKU-SMA-190,120,320,14,401
2025-06-09,SKU-SMA-191,95,255,14,319
2025-06-09,SKU-SMA-192,687,0,21,573
2025-06-09,SKU-SMA-193,83,221,21,277
2025-06-09,SKU-SMA-194,315,360,21,450
2025-06-09,SKU-SMA-195,328,0,14,274
2025-06-09,SKU-SMA-196,262,0,14,219
2025-06-09,SKU-SMA-197,2302,0,28,921
2025-06-09,SKU-SMA-198,163,0,7,136
2025-06-09,SKU-SMA-199,238,0,7,199
2025-06-09,SKU-SMA-200,270,0,7,225
2025-06-16,SKU-BED-001,896,0,7,224
2025-06-16,SKU-BED-002,256,293,14,367
2025-06-16,SKU-BED-003,772,0,7,193
2025-06-16,SKU-BED-004,1084,0,21,271
2025-06-16,SKU-BED-005,161,184,14,230
2025-06-16,SKU-BED-006,224,256,14,320
2025-06-16,SKU-BED-007,1051,0,28,876
2025-06-16,SKU-BED-008,574,0,21,479
2025-06-16,SKU-BED-009,1615,0,21,646
2025-06-16,SKU-BED-010,504,0,7,126
2025-06-16,SKU-BED-011,795,0,21,663
2025-06-16,SKU-BED-012,1152,0,21,288
2025-06-16,SKU-BED-013,778,0,28,649
2025-06-16,SKU-BED-014,972,0,28,810
2025-06-16,SKU-BED-015,498,0,28,415
2025-06-16,SKU-BED-016,1350,0,21,540
2025-06-16,SKU-BED-017,135,0,7,113
2025-06-16,SKU-BED-018,373,426,21,533
2025-06-16,SKU-BED-019,118,316,14,396
2025-06-16,SKU-BED-020,413,472,21,590
2025-06-16,SKU-BED-021,790,0,14,316
2025-06-16,SKU-BED-022,276,0,7,69
2025-06-16,SKU-BED-023,182,0,7,152
2025-06-16,SKU-BED-024,1305,0,21,522
2025-06-16,SKU-BED-025,156,178,21,223
2025-06-16,SKU-BED-026,857,0,14,343
2025-06-16,SKU-BED-027,19,52,7,65
2025-06-16,SKU-BED-028,186,213,14,267
2025-06-16,SKU-BED-029,725,0,14,290
2025-06-16,SKU-BED-030,677,0,14,271
2025-06-16,SKU-BED-031,111,296,21,371
2025-06-16,SKU-BED-032,255,680,28,851
2025-06-16,SKU-BED-033,2240,0,28,560
2025-06-16,SKU-BED-034,186,212,21,266
2025-06-16,SKU-BED-035,368,0,7,92
2025-06-16,SKU-BED-036,135,360,21,451
2025-06-16,SKU-BED-037,860,0,14,344
2025-06-16,SKU-BED-038,1328,0,14,332
2025-06-16,SKU-BED-039,520,0,14,434
2025-06-16,SKU-BED-040,1447,0,21,579
2025-06-16,SKU-FUR-041,296,338,21,423
2025-06-16,SKU-FUR-042,423,484,21,605
2025-06-16,SKU-FUR-043,648,0,7,162
2025-06-16,SKU-FUR-044,35,93,7,117
2025-06-16,SKU-FUR-045,416,0,7,104
2025-06-16,SKU-FUR-046,528,0,14,440
2025-06-16,SKU-FUR-047,76,87,7,109
2025-06-16,SKU-FUR-048,193,221,14,277
2025-06-16,SKU-FUR-049,170,453,21,567
2025-06-16,SKU-FUR-050,142,380,21,476
2025-06-16,SKU-FUR-051,244,280,14,350
2025-06-16,SKU-FUR-052,1195,0,28,478
2025-06-16,SKU-FUR-053,1168,0,14,292
2025-06-16,SKU-FUR-054,880,0,21,352
2025-06-16,SKU-FUR-055,1085,0,21,434
2025-06-16,SKU-FUR-056,917,0,21,367
2025-06-16,SKU-FUR-057,223,255,21,319
2025-06-16,SKU-FUR-058,1097,0,28,439
2025-06-16,SKU-FUR-059,407,0,7,163
2025-06-16,SKU-FUR-060,147,168,7,210
2025-06-16,SKU-FUR-061,1562,0,28,625
2025-06-16,SKU-FUR-062,314,359,21,449
2025-06-16,SKU-FUR-063,1520,0,28,380
2025-06-16,SKU-FUR-064,1656,0,28,414
2025-06-16,SKU-FUR-065,1048,0,14,262
2025-06-16,SKU-FUR-066,46,124,7,156
2025-06-16,SKU-FUR-067,93,248,21,310
2025-06-16,SKU-FUR-068,199,228,14,285
2025-06-16,SKU-FUR-069,455,0,7,182
2025-06-16,SKU-FUR-070,387,442,28,553
2025-06-16,SKU-FUR-071,39,104,14,131
2025-06-16,SKU-FUR-072,1796,0,28,449
2025-06-16,SKU-FUR-073,1044,0,14,261
2025-06-16,SKU-FUR-074,1037,0,28,415
2025-06-16,SKU-FUR-075,488,558,28,698
2025-06-16,SKU-FUR-076,261,299,21,374
2025-06-16,SKU-FUR-077,747,0,28,623
2025-06-16,SKU-FUR-078,36,96,7,120
2025-06-16,SKU-FUR-079,829,0,21,691
2025-06-16,SKU-FUR-080,2484,0,28,621
2025-06-16,SKU-DEC-081,305,0,7,122
2025-06-16,SKU-DEC-082,97,111,7,139
2025-06-16,SKU-DEC-083,857,0,21,343
2025-06-16,SKU-DEC-084,121,324,28,406
2025-06-16,SKU-DEC-085,2944,0,28,736
2025-06-16,SKU-DEC-086,464,0,7,116
2025-06-16,SKU-DEC-087,525,600,28,751
2025-06-16,SKU-DEC-088,801,0,21,668
2025-06-16,SKU-DEC-089,375,428,21,536
2025-06-16,SKU-DEC-090,456,0,28,380
2025-06-16,SKU-DEC-091,2244,0,21,561
2025-06-16,SKU-DEC-092,76,87,7,109
2025-06-16,SKU-DEC-093,48,129,7,162
2025-06-16,SKU-DEC-094,57,152,7,190
2025-06-16,SKU-DEC-095,1222,0,21,489
2025-06-16,SKU-DEC-096,908,0,7,227
2025-06-16,SKU-DEC-097,973,0,28,811
2025-06-16,SKU-DEC-098,1352,0,21,338
2025-06-16,SKU-DEC-099,1235,0,28,494
2025-06-16,SKU-DEC-100,238,272,21,341
2025-06-16,SKU-DEC-101,126,144,7,181
2025-06-16,SKU-DEC-102,50,134,14,168
2025-06-16,SKU-DEC-103,63,168,21,211
2025-06-16,SKU-DEC-104,864,0,21,216
2025-06-16,SKU-DEC-105,1792,0,28,448
2025-06-16,SKU-DEC-106,464,531,21,664
2025-06-16,SKU-DEC-107,475,544,28,680
2025-06-16,SKU-DEC-108,453,0,14,378
2025-06-16,SKU-DEC-109,960,0,21,240
2025-06-16,SKU-DEC-110,162,0,7,65
2025-06-16,SKU-DEC-111,154,176,14,221
2025-06-16,SKU-DEC-112,687,0,28,573
2025-06-16,SKU-DEC-113,84,96,7,120
2025-06-16,SKU-DEC-114,810,0,21,675
2025-06-16,SKU-DEC-115,420,0,7,105
2025-06-16,SKU-DEC-116,517,0,7,207
2025-06-16,SKU-DEC-117,410,0,14,164
2025-06-16,SKU-DEC-118,1180,0,28,295
2025-06-16,SKU-DEC-119,523,0,21,436
2025-06-16,SKU-DEC-120,797,0,14,319
2025-06-16,SKU-LIG-121,373,427,21,534
2025-06-16,SKU-LIG-122,105,0,7,88
2025-06-16,SKU-LIG-123,1492,0,21,597
2025-06-16,SKU-LIG-124,266,0,7,222
2025-06-16,SKU-LIG-125,69,184,21,231
2025-06-16,SKU-LIG-126,522,0,14,209
2025-06-16,SKU-LIG-127,93,250,14,313
2025-06-16,SKU-LIG-128,79,212,14,265
2025-06-16,SKU-LIG-129,407,0,7,163
2025-06-16,SKU-LIG-130,150,400,21,500
2025-06-16,SKU-LIG-131,1447,0,21,579
2025-06-16,SKU-LIG-132,177,202,14,253
2025-06-16,SKU-LIG-133,537,0,7,215
2025-06-16,SKU-LIG-134,541,0,28,451
2025-06-16,SKU-LIG-135,776,0,28,647
2025-06-16,SKU-LIG-136,337,0,7,135
2025-06-16,SKU-LIG-137,189,0,7,158
2025-06-16,SKU-LIG-138,102,116,14,146
2025-06-16,SKU-LIG-139,67,179,7,224
2025-06-16,SKU-LIG-140,286,0,21,239
2025-06-16,SKU-LIG-141,1528,0,14,382
2025-06-16,SKU-LIG-142,235,268,14,336
2025-06-16,SKU-LIG-143,256,0,14,214
2025-06-16,SKU-LIG-144,916,0,21,229
2025-06-16,SKU-LIG-145,289,330,28,413
2025-06-16,SKU-LIG-146,1244,0,14,311
2025-06-16,SKU-LIG-147,445,0,14,178
2025-06-16,SKU-LIG-148,1052,0,14,263
2025-06-16,SKU-LIG-149,1428,0,14,357
2025-06-16,SKU-LIG-150,1062,0,21,425
2025-06-16,SKU-LIG-151,47,54,7,68
2025-06-16,SKU-LIG-152,233,267,21,334
2025-06-16,SKU-LIG-153,440,0,7,110
2025-06-16,SKU-LIG-154,3316,0,28,829
2025-06-16,SKU-LIG-155,358,0,28,299
2025-06-16,SKU-LIG-156,1632,0,28,408
2025-06-16,SKU-LIG-157,1288,0,21,322
2025-06-16,SKU-LIG-158,1957,0,28,783
2025-06-16,SKU-LIG-159,583,0,21,486
2025-06-16,SKU-LIG-160,495,0,7,198
2025-06-16,SKU-SMA-161,115,0,7,96
2025-06-16,SKU-SMA-162,57,65,7,82
2025-06-16,SKU-SMA-163,362,0,21,302
2025-06-16,SKU-SMA-164,422,0,28,352
2025-06-16,SKU-SMA-165,1075,0,28,430
2025-06-16,SKU-SMA-166,121,138,14,173
2025-06-16,SKU-SMA-167,21,58,7,73
2025-06-16,SKU-SMA-168,1960,0,28,784
2025-06-16,SKU-SMA-169,113,129,7,162
2025-06-16,SKU-SMA-170,502,0,7,201
2025-06-16,SKU-SMA-171,2177,0,28,871
2025-06-16,SKU-SMA-172,682,0,14,273
2025-06-16,SKU-SMA-173,339,0,14,283
2025-06-16,SKU-SMA-174,1824,0,28,456
2025-06-16,SKU-SMA-175,1305,0,28,522
2025-06-16,SKU-SMA-176,260,0,14,217
2025-06-16,SKU-SMA-177,322,368,21,461
2025-06-16,SKU-SMA-178,490,0,21,409
2025-06-16,SKU-SMA-179,1225,0,21,490
2025-06-16,SKU-SMA-180,1696,0,14,424
2025-06-16,SKU-SMA-181,223,0,7,186
2025-06-16,SKU-SMA-182,147,394,21,493
2025-06-16,SKU-SMA-183,160,0,14,134
2025-06-16,SKU-SMA-184,121,324,28,405
2025-06-16,SKU-SMA-185,1320,0,21,528
2025-06-16,SKU-SMA-186,290,332,14,415
2025-06-16,SKU-SMA-187,226,258,14,323
2025-06-16,SKU-SMA-188,79,0,7,66
2025-06-16,SKU-SMA-189,764,0,7,191
2025-06-16,SKU-SMA-190,2007,0,28,803
2025-06-16,SKU-SMA-191,797,0,14,319
2025-06-16,SKU-SMA-192,534,611,28,764
2025-06-16,SKU-SMA-193,110,295,28,369
2025-06-16,SKU-SMA-194,1500,0,28,600
2025-06-16,SKU-SMA-195,1372,0,28,549
2025-06-16,SKU-SMA-196,76,87,7,109
2025-06-16,SKU-SMA-197,920,0,7,230
2025-06-16,SKU-SMA-198,652,0,28,544
2025-06-16,SKU-SMA-199,958,0,28,799
2025-06-16,SKU-SMA-200,203,541,21,677
2025-06-23,SKU-BED-001,1796,0,14,449
2025-06-23,SKU-BED-002,385,440,21,551
2025-06-23,SKU-BED-003,231,0,7,193
2025-06-23,SKU-BED-004,217,0,14,181
2025-06-23,SKU-BED-005,322,368,28,461
2025-06-23,SKU-BED-006,1200,0,21,480
2025-06-23,SKU-BED-007,65,175,7,219
2025-06-23,SKU-BED-008,797,0,14,319
2025-06-23,SKU-BED-009,129,344,14,431
2025-06-23,SKU-BED-010,945,0,21,378
2025-06-23,SKU-BED-011,2652,0,21,663
2025-06-23,SKU-BED-012,57,153,14,192
2025-06-23,SKU-BED-013,454,519,28,649
2025-06-23,SKU-BED-014,2025,0,28,810
2025-06-23,SKU-BED-015,124,332,28,415
2025-06-23,SKU-BED-016,216,576,28,720
2025-06-23,SKU-BED-017,1135,0,28,454
2025-06-23,SKU-BED-018,212,0,7,177
2025-06-23,SKU-BED-019,59,158,7,198
2025-06-23,SKU-BED-020,944,0,28,787
2025-06-23,SKU-BED-021,189,0,7,158
2025-06-23,SKU-BED-022,82,0,7,69
2025-06-23,SKU-BED-023,1142,0,21,457
2025-06-23,SKU-BED-024,365,417,21,522
2025-06-23,SKU-BED-025,156,178,21,223
2025-06-23,SKU-BED-026,240,274,14,343
2025-06-23,SKU-BED-027,325,0,14,130
2025-06-23,SKU-BED-028,160,427,28,534
2025-06-23,SKU-BED-029,43,116,7,145
2025-06-23,SKU-BED-030,380,434,28,543
2025-06-23,SKU-BED-031,172,197,14,247
2025-06-23,SKU-BED-032,63,169,7,212
2025-06-23,SKU-BED-033,2240,0,28,560
2025-06-23,SKU-BED-034,106,283,28,354
2025-06-23,SKU-BED-035,83,221,21,277
2025-06-23,SKU-BED-036,541,0,21,451
2025-06-23,SKU-BED-037,826,0,28,689
2025-06-23,SKU-BED-038,465,532,28,665
2025-06-23,SKU-BED-039,303,347,14,434
2025-06-23,SKU-BED-040,772,0,7,193
2025-06-23,SKU-FUR-041,296,338,21,423
2025-06-23,SKU-FUR-042,3224,0,28,806
2025-06-23,SKU-FUR-043,1300,0,14,325
2025-06-23,SKU-FUR-044,163,187,14,234
2025-06-23,SKU-FUR-045,1040,0,28,416
2025-06-23,SKU-FUR-046,154,176,7,220
2025-06-23,SKU-FUR-047,153,175,14,219
2025-06-23,SKU-FUR-048,83,221,14,277
2025-06-23,SKU-FUR-049,3024,0,28,756
2025-06-23,SKU-FUR-050,632,0,7,158
2025-06-23,SKU-FUR-051,210,560,28,701
2025-06-23,SKU-FUR-052,429,0,21,358
2025-06-23,SKU-FUR-053,2336,0,28,584
2025-06-23,SKU-FUR-054,1880,0,28,470
2025-06-23,SKU-FUR-055,360,0,7,144
2025-06-23,SKU-FUR-056,110,293,21,367
2025-06-23,SKU-FUR-057,223,255,21,319
2025-06-23,SKU-FUR-058,1316,0,21,329
2025-06-23,SKU-FUR-059,391,0,14,326
2025-06-23,SKU-FUR-060,442,505,21,632
2025-06-23,SKU-FUR-061,1248,0,14,312
2025-06-23,SKU-FUR-062,1796,0,21,449
2025-06-23,SKU-FUR-063,342,0,21,285
2025-06-23,SKU-FUR-064,123,0,7,103
2025-06-23,SKU-FUR-065,183,209,14,262
2025-06-23,SKU-FUR-066,140,374,21,468
2025-06-23,SKU-FUR-067,775,0,21,310
2025-06-23,SKU-FUR-068,1070,0,21,428
2025-06-23,SKU-FUR-069,127,145,7,182
2025-06-23,SKU-FUR-070,289,331,21,414
2025-06-23,SKU-FUR-071,78,210,28,263
2025-06-23,SKU-FUR-072,67,179,14,224
2025-06-23,SKU-FUR-073,39,104,7,130
2025-06-23,SKU-FUR-074,257,0,7,103
2025-06-23,SKU-FUR-075,208,0,7,174
2025-06-23,SKU-FUR-076,298,0,14,249
2025-06-23,SKU-FUR-077,747,0,28,623
2025-06-23,SKU-FUR-078,480,0,7,120
2025-06-23,SKU-FUR-079,829,0,21,691
2025-06-23,SKU-FUR-080,1240,0,14,310
2025-06-23,SKU-DEC-081,1952,0,28,488
2025-06-23,SKU-DEC-082,194,222,14,278
2025-06-23,SKU-DEC-083,274,0,14,229
2025-06-23,SKU-DEC-084,121,0,7,101
2025-06-23,SKU-DEC-085,736,0,7,184
2025-06-23,SKU-DEC-086,1392,0,21,348
2025-06-23,SKU-DEC-087,525,600,28,751
2025-06-23,SKU-DEC-088,467,534,21,668
2025-06-23,SKU-DEC-089,2144,0,21,536
2025-06-23,SKU-DEC-090,760,0,14,190
2025-06-23,SKU-DEC-091,673,0,21,561
2025-06-23,SKU-DEC-092,65,174,14,218
2025-06-23,SKU-DEC-093,388,0,14,324
2025-06-23,SKU-DEC-094,760,0,7,190
2025-06-23,SKU-DEC-095,407,0,7,163
2025-06-23,SKU-DEC-096,272,0,7,227
2025-06-23,SKU-DEC-097,3244,0,28,811
2025-06-23,SKU-DEC-098,315,360,28,451
2025-06-23,SKU-DEC-099,147,0,7,123
2025-06-23,SKU-DEC-100,136,364,28,455
2025-06-23,SKU-DEC-101,1452,0,14,363
2025-06-23,SKU-DEC-102,302,0,21,252
2025-06-23,SKU-DEC-103,84,225,28,282
2025-06-23,SKU-DEC-104,540,0,21,216
2025-06-23,SKU-DEC-105,100,268,21,336
2025-06-23,SKU-DEC-106,1063,0,28,886
2025-06-23,SKU-DEC-107,475,544,28,680
2025-06-23,SKU-DEC-108,113,302,14,378
2025-06-23,SKU-DEC-109,640,0,14,160
2025-06-23,SKU-DEC-110,78,0,7,65
2025-06-23,SKU-DEC-111,1328,0,21,332
2025-06-23,SKU-DEC-112,1720,0,21,430
2025-06-23,SKU-DEC-113,1200,0,28,480
2025-06-23,SKU-DEC-114,1080,0,28,900
2025-06-23,SKU-DEC-115,73,84,7,105
2025-06-23,SKU-DEC-116,186,498,21,623
2025-06-23,SKU-DEC-117,98,262,28,328
2025-06-23,SKU-DEC-118,354,0,28,295
2025-06-23,SKU-DEC-119,523,0,21,436
2025-06-23,SKU-DEC-120,447,511,28,639
2025-06-23,SKU-LIG-121,427,0,14,356
2025-06-23,SKU-LIG-122,440,0,14,176
2025-06-23,SKU-LIG-123,278,318,14,398
2025-06-23,SKU-LIG-124,466,533,21,667
2025-06-23,SKU-LIG-125,69,184,21,231
2025-06-23,SKU-LIG-126,94,251,21,314
2025-06-23,SKU-LIG-127,1175,0,21,470
2025-06-23,SKU-LIG-128,92,105,7,132
2025-06-23,SKU-LIG-129,2608,0,28,652
2025-06-23,SKU-LIG-130,2668,0,28,667
2025-06-23,SKU-LIG-131,965,0,14,386
2025-06-23,SKU-LIG-132,152,405,28,507
2025-06-23,SKU-LIG-133,1077,0,14,431
2025-06-23,SKU-LIG-134,33,89,7,112
2025-06-23,SKU-LIG-135,194,517,28,647
2025-06-23,SKU-LIG-136,378,432,28,540
2025-06-23,SKU-LIG-137,570,0,21,475
2025-06-23,SKU-LIG-138,584,0,14,146
2025-06-23,SKU-LIG-139,806,0,21,672
2025-06-23,SKU-LIG-140,316,0,7,79
2025-06-23,SKU-LIG-141,477,0,7,191
2025-06-23,SKU-LIG-142,1260,0,21,504
2025-06-23,SKU-LIG-143,64,171,14,214
2025-06-23,SKU-LIG-144,160,183,21,229
2025-06-23,SKU-LIG-145,92,247,21,309
2025-06-23,SKU-LIG-146,140,373,21,467
2025-06-23,SKU-LIG-147,892,0,28,357
2025-06-23,SKU-LIG-148,524,0,7,131
2025-06-23,SKU-LIG-149,53,142,7,178
2025-06-23,SKU-LIG-150,98,112,7,141
2025-06-23,SKU-LIG-151,246,0,21,205
2025-06-23,SKU-LIG-152,277,0,7,111
2025-06-23,SKU-LIG-153,529,0,28,441
2025-06-23,SKU-LIG-154,186,497,21,622
2025-06-23,SKU-LIG-155,560,0,21,224
2025-06-23,SKU-LIG-156,489,0,28,408
2025-06-23,SKU-LIG-157,856,0,14,214
2025-06-23,SKU-LIG-158,58,156,7,195
2025-06-23,SKU-LIG-159,777,0,28,648
2025-06-23,SKU-LIG-160,712,0,21,594
2025-06-23,SKU-SMA-161,1536,0,28,384
2025-06-23,SKU-SMA-162,114,131,14,164
2025-06-23,SKU-SMA-163,211,241,21,302
2025-06-23,SKU-SMA-164,316,0,21,264
2025-06-23,SKU-SMA-165,64,172,14,215
2025-06-23,SKU-SMA-166,867,0,28,347
2025-06-23,SKU-SMA-167,102,116,14,146
2025-06-23,SKU-SMA-168,705,0,21,588
2025-06-23,SKU-SMA-169,341,390,21,488
2025-06-23,SKU-SMA-170,241,644,28,805
2025-06-23,SKU-SMA-171,609,696,28,871
2025-06-23,SKU-SMA-172,656,0,28,547
2025-06-23,SKU-SMA-173,297,340,21,425
2025-06-23,SKU-SMA-174,547,0,28,456
2025-06-23,SKU-SMA-175,652,0,14,261
2025-06-23,SKU-SMA-176,1085,0,28,434
2025-06-23,SKU-SMA-177,368,0,14,307
2025-06-23,SKU-SMA-178,122,327,21,409
2025-06-23,SKU-SMA-179,2612,0,28,653
2025-06-23,SKU-SMA-180,530,0,7,212
2025-06-23,SKU-SMA-181,670,0,21,559
2025-06-23,SKU-SMA-182,820,0,14,328
2025-06-23,SKU-SMA-183,80,0,7,67
2025-06-23,SKU-SMA-184,242,0,14,202
2025-06-23,SKU-SMA-185,369,422,21,528
2025-06-23,SKU-SMA-186,2075,0,28,830
2025-06-23,SKU-SMA-187,1936,0,21,484
2025-06-23,SKU-SMA-188,59,159,21,199
2025-06-23,SKU-SMA-189,114,305,14,382
2025-06-23,SKU-SMA-190,180,481,21,602
2025-06-23,SKU-SMA-191,143,383,21,479
2025-06-23,SKU-SMA-192,229,0,7,191
2025-06-23,SKU-SMA-193,110,0,7,92
2025-06-23,SKU-SMA-194,315,360,21,450
2025-06-23,SKU-SMA-195,548,0,7,137
2025-06-23,SKU-SMA-196,1316,0,21,329
2025-06-23,SKU-SMA-197,207,552,21,691
2025-06-23,SKU-SMA-198,1088,0,14,272
2025-06-23,SKU-SMA-199,59,159,7,199
2025-06-23,SKU-SMA-200,67,180,7,225
2025-06-30,SKU-BED-001,2696,0,21,674
2025-06-30,SKU-BED-002,880,0,28,734
2025-06-30,SKU-BED-003,464,0,14,387
2025-06-30,SKU-BED-004,27,72,7,90
2025-06-30,SKU-BED-005,287,0,7,115
2025-06-30,SKU-BED-006,144,384,21,480
2025-06-30,SKU-BED-007,306,350,14,438
2025-06-30,SKU-BED-008,95,255,14,319
2025-06-30,SKU-BED-009,517,0,14,431
2025-06-30,SKU-BED-010,630,0,14,252
2025-06-30,SKU-BED-011,552,0,7,221
2025-06-30,SKU-BED-012,269,308,28,385
2025-06-30,SKU-BED-013,1948,0,21,487
2025-06-30,SKU-BED-014,3240,0,28,810
2025-06-30,SKU-BED-015,373,0,21,311
2025-06-30,SKU-BED-016,108,288,14,360
2025-06-30,SKU-BED-017,135,0,7,113
2025-06-30,SKU-BED-018,426,0,14,355
2025-06-30,SKU-BED-019,1584,0,14,396
2025-06-30,SKU-BED-020,471,0,14,393
2025-06-30,SKU-BED-021,221,252,14,316
2025-06-30,SKU-BED-022,82,0,7,69
2025-06-30,SKU-BED-023,106,121,7,152
2025-06-30,SKU-BED-024,208,556,28,696
2025-06-30,SKU-BED-025,892,0,21,223
2025-06-30,SKU-BED-026,427,0,7,171
2025-06-30,SKU-BED-027,182,208,28,260
2025-06-30,SKU-BED-028,280,320,21,400
2025-06-30,SKU-BED-029,2324,0,28,581
2025-06-30,SKU-BED-030,488,0,21,407
2025-06-30,SKU-BED-031,1484,0,21,371
2025-06-30,SKU-BED-032,848,0,7,212
2025-06-30,SKU-BED-033,1680,0,21,420
2025-06-30,SKU-BED-034,105,0,7,88
2025-06-30,SKU-BED-035,925,0,28,370
2025-06-30,SKU-BED-036,1204,0,14,301
2025-06-30,SKU-BED-037,619,0,21,516
2025-06-30,SKU-BED-038,465,532,28,665
2025-06-30,SKU-BED-039,542,0,7,217
2025-06-30,SKU-BED-040,270,308,14,386
2025-06-30,SKU-FUR-041,84,225,14,282
2025-06-30,SKU-FUR-042,140,160,7,201
2025-06-30,SKU-FUR-043,146,389,21,487
2025-06-30,SKU-FUR-044,140,374,28,468
2025-06-30,SKU-FUR-045,145,166,14,208
2025-06-30,SKU-FUR-046,66,176,7,220
2025-06-30,SKU-FUR-047,394,0,21,329
2025-06-30,SKU-FUR-048,291,332,21,416
2025-06-30,SKU-FUR-049,1512,0,14,378
2025-06-30,SKU-FUR-050,632,0,7,158
2025-06-30,SKU-FUR-051,244,280,14,350
2025-06-30,SKU-FUR-052,573,0,28,478
2025-06-30,SKU-FUR-053,584,0,7,146
2025-06-30,SKU-FUR-054,35,93,7,117
2025-06-30,SKU-FUR-055,130,347,21,434
2025-06-30,SKU-FUR-056,36,97,7,122
2025-06-30,SKU-FUR-057,223,255,21,319
2025-06-30,SKU-FUR-058,876,0,14,219
2025-06-30,SKU-FUR-059,195,0,7,163
2025-06-30,SKU-FUR-060,1684,0,14,421
2025-06-30,SKU-FUR-061,780,0,14,312
2025-06-30,SKU-FUR-062,209,239,14,299
2025-06-30,SKU-FUR-063,237,0,7,95
2025-06-30,SKU-FUR-064,124,331,28,414
2025-06-30,SKU-FUR-065,367,420,28,525
2025-06-30,SKU-FUR-066,1170,0,21,468
2025-06-30,SKU-FUR-067,1032,0,28,413
2025-06-30,SKU-FUR-068,299,342,21,428
2025-06-30,SKU-FUR-069,219,584,28,730
2025-06-30,SKU-FUR-070,331,0,14,276
2025-06-30,SKU-FUR-071,184,210,28,263
2025-06-30,SKU-FUR-072,404,0,21,337
2025-06-30,SKU-FUR-073,366,418,28,523
2025-06-30,SKU-FUR-074,124,332,28,415
2025-06-30,SKU-FUR-075,244,279,14,349
2025-06-30,SKU-FUR-076,310,0,7,124
2025-06-30,SKU-FUR-077,777,0,14,311
2025-06-30,SKU-FUR-078,579,0,28,483
2025-06-30,SKU-FUR-079,1105,0,28,921
2025-06-30,SKU-FUR-080,108,124,7,155
2025-06-30,SKU-DEC-081,1952,0,28,488
2025-06-30,SKU-DEC-082,389,444,28,556
2025-06-30,SKU-DEC-083,34,91,7,114
2025-06-30,SKU-DEC-084,60,162,14,203
2025-06-30,SKU-DEC-085,2208,0,21,552
2025-06-30,SKU-DEC-086,417,0,21,348
2025-06-30,SKU-DEC-087,1500,0,14,375
2025-06-30,SKU-DEC-088,267,712,28,890
2025-06-30,SKU-DEC-089,214,572,28,715
2025-06-30,SKU-DEC-090,228,0,14,190
2025-06-30,SKU-DEC-091,673,0,21,561
2025-06-30,SKU-DEC-092,65,174,14,218
2025-06-30,SKU-DEC-093,1944,0,21,486
2025-06-30,SKU-DEC-094,952,0,14,381
2025-06-30,SKU-DEC-095,97,260,14,326
2025-06-30,SKU-DEC-096,318,364,14,455
2025-06-30,SKU-DEC-097,973,0,28,811
2025-06-30,SKU-DEC-098,280,0,7,112
2025-06-30,SKU-DEC-099,259,296,21,370
2025-06-30,SKU-DEC-100,908,0,14,227
2025-06-30,SKU-DEC-101,435,0,14,363
2025-06-30,SKU-DEC-102,302,0,21,252
2025-06-30,SKU-DEC-103,21,56,7,70
2025-06-30,SKU-DEC-104,360,0,14,144
2025-06-30,SKU-DEC-105,268,0,14,224
2025-06-30,SKU-DEC-106,1107,0,14,443
2025-06-30,SKU-DEC-107,475,544,28,680
2025-06-30,SKU-DEC-108,472,0,7,189
2025-06-30,SKU-DEC-109,72,192,21,240
2025-06-30,SKU-DEC-110,136,156,21,195
2025-06-30,SKU-DEC-111,531,0,28,443
2025-06-30,SKU-DEC-112,200,228,14,286
2025-06-30,SKU-DEC-113,36,96,7,120
2025-06-30,SKU-DEC-114,1800,0,14,450
2025-06-30,SKU-DEC-115,126,0,7,105
2025-06-30,SKU-DEC-116,1557,0,21,623
2025-06-30,SKU-DEC-117,57,65,7,82
2025-06-30,SKU-DEC-118,552,0,21,221
2025-06-30,SKU-DEC-119,1090,0,21,436
2025-06-30,SKU-DEC-120,1197,0,21,479
2025-06-30,SKU-LIG-121,890,0,14,356
2025-06-30,SKU-LIG-122,185,212,21,265
2025-06-30,SKU-LIG-123,716,0,21,597
2025-06-30,SKU-LIG-124,888,0,7,222
2025-06-30,SKU-LIG-125,53,61,7,77
2025-06-30,SKU-LIG-126,260,0,7,104
2025-06-30,SKU-LIG-127,46,124,7,156
2025-06-30,SKU-LIG-128,278,318,21,398
2025-06-30,SKU-LIG-129,782,0,28,652
2025-06-30,SKU-LIG-130,399,0,14,333
2025-06-30,SKU-LIG-131,463,0,14,386
2025-06-30,SKU-LIG-132,608,0,28,507
2025-06-30,SKU-LIG-133,1077,0,14,431
2025-06-30,SKU-LIG-134,135,360,28,451
2025-06-30,SKU-LIG-135,452,517,28,647
2025-06-30,SKU-LIG-136,324,0,14,270
2025-06-30,SKU-LIG-137,570,0,21,475
2025-06-30,SKU-LIG-138,262,0,21,219
2025-06-30,SKU-LIG-139,2242,0,28,897
2025-06-30,SKU-LIG-140,71,191,21,239
2025-06-30,SKU-LIG-141,229,611,28,764
2025-06-30,SKU-LIG-142,470,537,28,672
2025-06-30,SKU-LIG-143,64,171,14,214
2025-06-30,SKU-LIG-144,612,0,14,153
2025-06-30,SKU-LIG-145,412,0,7,103
2025-06-30,SKU-LIG-146,387,0,7,155
2025-06-30,SKU-LIG-147,356,0,7,89
2025-06-30,SKU-LIG-148,118,315,21,394
2025-06-30,SKU-LIG-149,124,142,7,178
2025-06-30,SKU-LIG-150,98,112,7,141
2025-06-30,SKU-LIG-151,820,0,21,205
2025-06-30,SKU-LIG-152,888,0,14,222
2025-06-30,SKU-LIG-153,77,88,7,110
2025-06-30,SKU-LIG-154,3316,0,28,829
2025-06-30,SKU-LIG-155,358,0,28,299
2025-06-30,SKU-LIG-156,91,244,21,306
2025-06-30,SKU-LIG-157,428,0,7,107
2025-06-30,SKU-LIG-158,234,626,28,783
2025-06-30,SKU-LIG-159,97,259,14,324
2025-06-30,SKU-LIG-160,990,0,14,396
2025-06-30,SKU-SMA-161,230,0,14,192
2025-06-30,SKU-SMA-162,410,0,14,164
2025-06-30,SKU-SMA-163,1208,0,21,302
2025-06-30,SKU-SMA-164,352,0,7,88
2025-06-30,SKU-SMA-165,267,0,7,107
2025-06-30,SKU-SMA-166,312,0,21,260
2025-06-30,SKU-SMA-167,21,58,7,73
2025-06-30,SKU-SMA-168,548,627,28,784
2025-06-30,SKU-SMA-169,48,129,7,162
2025-06-30,SKU-SMA-170,1608,0,14,402
2025-06-30,SKU-SMA-171,457,522,21,653
2025-06-30,SKU-SMA-172,191,218,14,273
2025-06-30,SKU-SMA-173,564,0,7,141
2025-06-30,SKU-SMA-174,1824,0,28,456
2025-06-30,SKU-SMA-175,1044,0,14,261
2025-06-30,SKU-SMA-176,260,0,14,217
2025-06-30,SKU-SMA-177,1535,0,28,614
2025-06-30,SKU-SMA-178,95,108,7,136
2025-06-30,SKU-SMA-179,1304,0,14,326
2025-06-30,SKU-SMA-180,191,509,21,637
2025-06-30,SKU-SMA-181,2236,0,21,559
2025-06-30,SKU-SMA-182,393,0,14,328
2025-06-30,SKU-SMA-183,322,0,28,269
2025-06-30,SKU-SMA-184,486,0,28,405
2025-06-30,SKU-SMA-185,2112,0,21,528
2025-06-30,SKU-SMA-186,2488,0,21,622
2025-06-30,SKU-SMA-187,1210,0,21,484
2025-06-30,SKU-SMA-188,19,52,7,66
2025-06-30,SKU-SMA-189,477,0,7,191
2025-06-30,SKU-SMA-190,500,0,7,200
2025-06-30,SKU-SMA-191,447,511,28,639
2025-06-30,SKU-SMA-192,57,152,7,191
2025-06-30,SKU-SMA-193,442,0,28,369
2025-06-30,SKU-SMA-194,540,0,21,450
2025-06-30,SKU-SMA-195,1372,0,28,549
2025-06-30,SKU-SMA-196,1316,0,21,329
2025-06-30,SKU-SMA-197,69,184,7,230
2025-06-30,SKU-SMA-198,163,0,7,136
2025-06-30,SKU-SMA-199,119,319,14,399
2025-06-30,SKU-SMA-200,67,180,7,225
2025-07-07,SKU-BED-001,3596,0,28,899
2025-07-07,SKU-BED-002,219,0,7,183
2025-07-07,SKU-BED-003,57,154,7,193
2025-07-07,SKU-BED-004,724,0,14,181
2025-07-07,SKU-BED-005,862,0,21,345
2025-07-07,SKU-BED-006,96,256,14,320
2025-07-07,SKU-BED-007,613,700,28,876
2025-07-07,SKU-BED-008,2552,0,28,638
2025-07-07,SKU-BED-009,2155,0,28,862
2025-07-07,SKU-BED-010,151,0,7,126
2025-07-07,SKU-BED-011,1768,0,14,442
2025-07-07,SKU-BED-012,269,308,28,385
2025-07-07,SKU-BED-013,388,0,14,324
2025-07-07,SKU-BED-014,1517,0,21,607
2025-07-07,SKU-BED-015,290,332,28,415
2025-07-07,SKU-BED-016,1440,0,14,360
2025-07-07,SKU-BED-017,68,181,14,227
2025-07-07,SKU-BED-018,426,0,14,355
2025-07-07,SKU-BED-019,415,475,21,594
2025-07-07,SKU-BED-020,550,629,28,787
2025-07-07,SKU-BED-021,1580,0,28,632
2025-07-07,SKU-BED-022,276,0,7,69
2025-07-07,SKU-BED-023,213,244,14,305
2025-07-07,SKU-BED-024,1740,0,28,696
2025-07-07,SKU-BED-025,372,0,14,149
2025-07-07,SKU-BED-026,51,136,7,171
2025-07-07,SKU-BED-027,136,156,21,195
2025-07-07,SKU-BED-028,2136,0,28,534
2025-07-07,SKU-BED-029,130,348,21,436
2025-07-07,SKU-BED-030,651,0,28,543
2025-07-07,SKU-BED-031,86,98,7,123
2025-07-07,SKU-BED-032,2552,0,21,638
2025-07-07,SKU-BED-033,126,336,21,420
2025-07-07,SKU-BED-034,53,141,14,177
2025-07-07,SKU-BED-035,1108,0,21,277
2025-07-07,SKU-BED-036,361,0,14,301
2025-07-07,SKU-BED-037,103,275,14,344
2025-07-07,SKU-BED-038,664,0,7,166
2025-07-07,SKU-BED-039,2172,0,28,869
2025-07-07,SKU-BED-040,694,0,21,579
2025-07-07,SKU-FUR-041,394,451,28,564
2025-07-07,SKU-FUR-042,726,0,21,605
2025-07-07,SKU-FUR-043,390,0,14,325
2025-07-07,SKU-FUR-044,327,374,28,468
2025-07-07,SKU-FUR-045,124,0,7,104
2025-07-07,SKU-FUR-046,1100,0,14,440
2025-07-07,SKU-FUR-047,547,0,14,219
2025-07-07,SKU-FUR-048,1108,0,14,277
2025-07-07,SKU-FUR-049,132,151,7,189
2025-07-07,SKU-FUR-050,333,380,21,476
2025-07-07,SKU-FUR-051,105,280,14,350
2025-07-07,SKU-FUR-052,573,0,28,478
2025-07-07,SKU-FUR-053,131,350,21,438
2025-07-07,SKU-FUR-054,587,0,14,235
2025-07-07,SKU-FUR-055,1085,0,21,434
2025-07-07,SKU-FUR-056,146,0,7,122
2025-07-07,SKU-FUR-057,297,340,28,425
2025-07-07,SKU-FUR-058,1756,0,28,439
2025-07-07,SKU-FUR-059,114,130,7,163
2025-07-07,SKU-FUR-060,252,674,28,843
2025-07-07,SKU-FUR-061,218,249,14,312
2025-07-07,SKU-FUR-062,89,239,14,299
2025-07-07,SKU-FUR-063,66,76,7,95
2025-07-07,SKU-FUR-064,496,0,28,414
2025-07-07,SKU-FUR-065,327,0,7,131
2025-07-07,SKU-FUR-066,1170,0,21,468
2025-07-07,SKU-FUR-067,824,0,14,206
2025-07-07,SKU-FUR-068,2284,0,28,571
2025-07-07,SKU-FUR-069,438,0,14,365
2025-07-07,SKU-FUR-070,690,0,14,276
2025-07-07,SKU-FUR-071,91,104,14,131
2025-07-07,SKU-FUR-072,235,269,21,337
2025-07-07,SKU-FUR-073,156,418,28,523
2025-07-07,SKU-FUR-074,257,0,7,103
2025-07-07,SKU-FUR-075,244,279,14,349
2025-07-07,SKU-FUR-076,112,299,21,374
2025-07-07,SKU-FUR-077,1244,0,14,311
2025-07-07,SKU-FUR-078,964,0,14,241
2025-07-07,SKU-FUR-079,1150,0,14,460
2025-07-07,SKU-FUR-080,2484,0,28,621
2025-07-07,SKU-DEC-081,170,195,14,244
2025-07-07,SKU-DEC-082,500,0,21,417
2025-07-07,SKU-DEC-083,411,0,21,343
2025-07-07,SKU-DEC-084,252,0,7,101
2025-07-07,SKU-DEC-085,736,0,7,184
2025-07-07,SKU-DEC-086,290,0,7,116
2025-07-07,SKU-DEC-087,168,450,21,563
2025-07-07,SKU-DEC-088,200,534,21,668
2025-07-07,SKU-DEC-089,500,572,28,715
2025-07-07,SKU-DEC-090,1520,0,28,380
2025-07-07,SKU-DEC-091,1402,0,21,561
2025-07-07,SKU-DEC-092,98,262,21,328
2025-07-07,SKU-DEC-093,1215,0,21,486
2025-07-07,SKU-DEC-094,1430,0,21,572
2025-07-07,SKU-DEC-095,1632,0,28,653
2025-07-07,SKU-DEC-096,158,181,7,227
2025-07-07,SKU-DEC-097,121,324,14,405
2025-07-07,SKU-DEC-098,67,180,14,225
2025-07-07,SKU-DEC-099,1976,0,28,494
2025-07-07,SKU-DEC-100,68,181,14,227
2025-07-07,SKU-DEC-101,2180,0,21,545
2025-07-07,SKU-DEC-102,1348,0,28,337
2025-07-07,SKU-DEC-103,1128,0,28,282
2025-07-07,SKU-DEC-104,180,0,7,72
2025-07-07,SKU-DEC-105,156,179,14,224
2025-07-07,SKU-DEC-106,2215,0,28,886
2025-07-07,SKU-DEC-107,850,0,14,340
2025-07-07,SKU-DEC-108,681,0,21,568
2025-07-07,SKU-DEC-109,288,0,21,240
2025-07-07,SKU-DEC-110,39,104,14,130
2025-07-07,SKU-DEC-111,132,0,7,110
2025-07-07,SKU-DEC-112,1432,0,28,573
2025-07-07,SKU-DEC-113,600,0,14,240
2025-07-07,SKU-DEC-114,67,180,7,225
2025-07-07,SKU-DEC-115,262,0,7,105
2025-07-07,SKU-DEC-116,186,498,21,623
2025-07-07,SKU-DEC-117,328,0,7,82
2025-07-07,SKU-DEC-118,21,58,7,73
2025-07-07,SKU-DEC-119,1090,0,21,436
2025-07-07,SKU-DEC-120,190,0,7,159
2025-07-07,SKU-LIG-121,1424,0,14,356
2025-07-07,SKU-LIG-122,318,0,21,265
2025-07-07,SKU-LIG-123,119,318,14,398
2025-07-07,SKU-LIG-124,266,711,28,889
2025-07-07,SKU-LIG-125,1236,0,28,309
2025-07-07,SKU-LIG-126,292,334,28,418
2025-07-07,SKU-LIG-127,1252,0,14,313
2025-07-07,SKU-LIG-128,2124,0,28,531
2025-07-07,SKU-LIG-129,228,260,14,326
2025-07-07,SKU-LIG-130,1667,0,28,667
2025-07-07,SKU-LIG-131,270,308,14,386
2025-07-07,SKU-LIG-132,456,0,21,380
2025-07-07,SKU-LIG-133,258,689,28,862
2025-07-07,SKU-LIG-134,236,270,21,338
2025-07-07,SKU-LIG-135,194,517,28,647
2025-07-07,SKU-LIG-136,486,0,21,405
2025-07-07,SKU-LIG-137,792,0,14,317
2025-07-07,SKU-LIG-138,730,0,28,292
2025-07-07,SKU-LIG-139,3588,0,28,897
2025-07-07,SKU-LIG-140,636,0,14,159
2025-07-07,SKU-LIG-141,764,0,7,191
2025-07-07,SKU-LIG-142,470,537,28,672
2025-07-07,SKU-LIG-143,535,0,14,214
2025-07-07,SKU-LIG-144,91,0,7,76
2025-07-07,SKU-LIG-145,257,0,7,103
2025-07-07,SKU-LIG-146,1868,0,21,467
2025-07-07,SKU-LIG-147,1428,0,28,357
2025-07-07,SKU-LIG-148,157,420,28,526
2025-07-07,SKU-LIG-149,858,0,28,715
2025-07-07,SKU-LIG-150,42,112,7,141
2025-07-07,SKU-LIG-151,327,0,28,273
2025-07-07,SKU-LIG-152,400,0,21,334
2025-07-07,SKU-LIG-153,308,352,28,441
2025-07-07,SKU-LIG-154,2488,0,21,622
2025-07-07,SKU-LIG-155,44,119,14,149
2025-07-07,SKU-LIG-156,367,0,21,306
2025-07-07,SKU-LIG-157,256,0,14,214
2025-07-07,SKU-LIG-158,273,312,14,391
2025-07-07,SKU-LIG-159,405,0,7,162
2025-07-07,SKU-LIG-160,59,158,7,198
2025-07-07,SKU-SMA-161,115,0,7,96
2025-07-07,SKU-SMA-162,57,65,7,82
2025-07-07,SKU-SMA-163,211,241,21,302
2025-07-07,SKU-SMA-164,440,0,14,176
2025-07-07,SKU-SMA-165,32,85,7,107
2025-07-07,SKU-SMA-166,207,0,14,173
2025-07-07,SKU-SMA-167,876,0,21,219
2025-07-07,SKU-SMA-168,940,0,28,784
2025-07-07,SKU-SMA-169,341,390,21,488
2025-07-07,SKU-SMA-170,966,0,28,805
2025-07-07,SKU-SMA-171,195,522,21,653
2025-07-07,SKU-SMA-172,1025,0,21,410
2025-07-07,SKU-SMA-173,1132,0,14,283
2025-07-07,SKU-SMA-174,1368,0,21,342
2025-07-07,SKU-SMA-175,39,104,7,130
2025-07-07,SKU-SMA-176,130,347,28,434
2025-07-07,SKU-SMA-177,184,491,28,614
2025-07-07,SKU-SMA-178,327,0,14,273
2025-07-07,SKU-SMA-179,195,0,7,163
2025-07-07,SKU-SMA-180,127,339,14,424
2025-07-07,SKU-SMA-181,670,0,21,559
2025-07-07,SKU-SMA-182,345,394,21,493
2025-07-07,SKU-SMA-183,808,0,21,202
2025-07-07,SKU-SMA-184,30,80,7,101
2025-07-07,SKU-SMA-185,422,0,14,352
2025-07-07,SKU-SMA-186,2075,0,28,830
2025-07-07,SKU-SMA-187,226,258,14,323
2025-07-07,SKU-SMA-188,264,0,7,66
2025-07-07,SKU-SMA-189,401,459,21,574
2025-07-07,SKU-SMA-190,3212,0,28,803
2025-07-07,SKU-SMA-191,47,127,7,159
2025-07-07,SKU-SMA-192,57,152,7,191
2025-07-07,SKU-SMA-193,230,0,7,92
2025-07-07,SKU-SMA-194,180,480,28,600
2025-07-07,SKU-SMA-195,685,0,14,274
2025-07-07,SKU-SMA-196,130,0,7,109
2025-07-07,SKU-SMA-197,2764,0,21,691
2025-07-07,SKU-SMA-198,340,0,7,136
2025-07-07,SKU-SMA-199,59,159,7,199
2025-07-07,SKU-SMA-200,2708,0,21,677
2025-07-14,SKU-BED-001,314,359,14,449
2025-07-14,SKU-BED-002,1468,0,14,367
2025-07-14,SKU-BED-003,772,0,7,193
2025-07-14,SKU-BED-004,253,289,28,362
2025-07-14,SKU-BED-005,103,276,21,345
2025-07-14,SKU-BED-006,448,512,28,640
2025-07-14,SKU-BED-007,3504,0,28,876
2025-07-14,SKU-BED-008,190,0,7,159
2025-07-14,SKU-BED-009,64,172,7,215
2025-07-14,SKU-BED-010,453,0,21,378
2025-07-14,SKU-BED-011,132,353,14,442
2025-07-14,SKU-BED-012,57,153,14,192
2025-07-14,SKU-BED-013,405,0,7,162
2025-07-14,SKU-BED-014,1012,0,14,405
2025-07-14,SKU-BED-015,1660,0,28,415
2025-07-14,SKU-BED-016,2160,0,21,540
2025-07-14,SKU-BED-017,237,272,21,340
2025-07-14,SKU-BED-018,106,284,14,355
2025-07-14,SKU-BED-019,951,0,28,793
2025-07-14,SKU-BED-020,235,0,7,196
2025-07-14,SKU-BED-021,331,379,21,474
2025-07-14,SKU-BED-022,83,223,28,279
2025-07-14,SKU-BED-023,213,244,14,305
2025-07-14,SKU-BED-024,208,0,7,174
2025-07-14,SKU-BED-025,104,119,14,149
2025-07-14,SKU-BED-026,205,0,7,171
2025-07-14,SKU-BED-027,58,156,21,195
2025-07-14,SKU-BED-028,1068,0,14,267
2025-07-14,SKU-BED-029,305,348,21,436
2025-07-14,SKU-BED-030,651,0,28,543
2025-07-14,SKU-BED-031,86,98,7,123
2025-07-14,SKU-BED-032,510,0,14,425
2025-07-14,SKU-BED-033,1050,0,21,420
2025-07-14,SKU-BED-034,442,0,14,177
2025-07-14,SKU-BED-035,222,0,14,185
2025-07-14,SKU-BED-036,361,0,14,301
2025-07-14,SKU-BED-037,1290,0,21,516
2025-07-14,SKU-BED-038,1328,0,14,332
2025-07-14,SKU-BED-039,1085,0,14,434
2025-07-14,SKU-BED-040,1930,0,28,772
2025-07-14,SKU-FUR-041,126,338,21,423
2025-07-14,SKU-FUR-042,967,0,28,806
2025-07-14,SKU-FUR-043,1948,0,21,487
2025-07-14,SKU-FUR-044,1404,0,21,351
2025-07-14,SKU-FUR-045,832,0,14,208
2025-07-14,SKU-FUR-046,198,528,21,660
2025-07-14,SKU-FUR-047,131,351,28,439
2025-07-14,SKU-FUR-048,1664,0,21,416
2025-07-14,SKU-FUR-049,264,302,14,378
2025-07-14,SKU-FUR-050,142,380,21,476
2025-07-14,SKU-FUR-051,2100,0,21,525
2025-07-14,SKU-FUR-052,107,286,21,358
2025-07-14,SKU-FUR-053,365,0,7,146
2025-07-14,SKU-FUR-054,35,93,7,117
2025-07-14,SKU-FUR-055,1156,0,14,289
2025-07-14,SKU-FUR-056,36,97,7,122
2025-07-14,SKU-FUR-057,95,255,21,319
2025-07-14,SKU-FUR-058,526,0,28,439
2025-07-14,SKU-FUR-059,195,521,28,652
2025-07-14,SKU-FUR-060,590,674,28,843
2025-07-14,SKU-FUR-061,390,0,7,156
2025-07-14,SKU-FUR-062,104,119,7,149
2025-07-14,SKU-FUR-063,760,0,14,190
2025-07-14,SKU-FUR-064,123,0,7,103
2025-07-14,SKU-FUR-065,78,209,14,262
2025-07-14,SKU-FUR-066,140,374,21,468
2025-07-14,SKU-FUR-067,824,0,14,206
2025-07-14,SKU-FUR-068,199,228,14,285
2025-07-14,SKU-FUR-069,1460,0,14,365
2025-07-14,SKU-FUR-070,165,0,7,138
2025-07-14,SKU-FUR-071,492,0,21,197
2025-07-14,SKU-FUR-072,404,0,21,337
2025-07-14,SKU-FUR-073,627,0,28,523
2025-07-14,SKU-FUR-074,498,0,28,415
2025-07-14,SKU-FUR-075,1745,0,28,698
2025-07-14,SKU-FUR-076,496,0,7,124
2025-07-14,SKU-FUR-077,140,373,21,467
2025-07-14,SKU-FUR-078,36,96,7,120
2025-07-14,SKU-FUR-079,1105,0,28,921
2025-07-14,SKU-FUR-080,46,124,7,155
2025-07-14,SKU-DEC-081,341,390,28,488
2025-07-14,SKU-DEC-082,194,222,14,278
2025-07-14,SKU-DEC-083,34,91,7,114
2025-07-14,SKU-DEC-084,121,324,28,406
2025-07-14,SKU-DEC-085,257,294,14,368
2025-07-14,SKU-DEC-086,104,278,21,348
2025-07-14,SKU-DEC-087,112,300,14,375
2025-07-14,SKU-DEC-088,801,0,21,668
2025-07-14,SKU-DEC-089,712,0,7,178
2025-07-14,SKU-DEC-090,475,0,14,190
2025-07-14,SKU-DEC-091,224,598,28,748
2025-07-14,SKU-DEC-092,393,0,21,328
2025-07-14,SKU-DEC-093,194,518,28,648
2025-07-14,SKU-DEC-094,133,152,7,190
2025-07-14,SKU-DEC-095,783,0,28,653
2025-07-14,SKU-DEC-096,478,546,21,683
2025-07-14,SKU-DEC-097,425,486,21,608
2025-07-14,SKU-DEC-098,157,180,14,225
2025-07-14,SKU-DEC-099,259,296,21,370
2025-07-14,SKU-DEC-100,136,364,28,455
2025-07-14,SKU-DEC-101,508,581,28,727
2025-07-14,SKU-DEC-102,25,67,7,84
2025-07-14,SKU-DEC-103,84,0,7,70
2025-07-14,SKU-DEC-104,100,115,14,144
2025-07-14,SKU-DEC-105,78,89,7,112
2025-07-14,SKU-DEC-106,66,176,7,221
2025-07-14,SKU-DEC-107,153,408,21,510
2025-07-14,SKU-DEC-108,132,151,7,189
2025-07-14,SKU-DEC-109,72,192,21,240
2025-07-14,SKU-DEC-110,325,0,14,130
2025-07-14,SKU-DEC-111,265,0,14,221
2025-07-14,SKU-DEC-112,129,344,21,430
2025-07-14,SKU-DEC-113,480,0,7,120
2025-07-14,SKU-DEC-114,540,0,14,450
2025-07-14,SKU-DEC-115,63,168,14,210
2025-07-14,SKU-DEC-116,124,332,14,415
2025-07-14,SKU-DEC-117,393,0,28,328
2025-07-14,SKU-DEC-118,884,0,21,221
2025-07-14,SKU-DEC-119,1090,0,21,436
2025-07-14,SKU-DEC-120,1597,0,28,639
2025-07-14,SKU-LIG-121,855,0,28,713
2025-07-14,SKU-LIG-122,52,140,14,176
2025-07-14,SKU-LIG-123,1592,0,14,398
2025-07-14,SKU-LIG-124,1667,0,21,667
2025-07-14,SKU-LIG-125,161,184,21,231
2025-07-14,SKU-LIG-126,292,334,28,418
2025-07-14,SKU-LIG-127,93,250,14,313
2025-07-14,SKU-LIG-128,477,0,21,398
2025-07-14,SKU-LIG-129,146,391,21,489
2025-07-14,SKU-LIG-130,233,266,14,333
2025-07-14,SKU-LIG-131,463,0,14,386
2025-07-14,SKU-LIG-132,88,100,7,126
2025-07-14,SKU-LIG-133,64,172,7,215
2025-07-14,SKU-LIG-134,1352,0,21,338
2025-07-14,SKU-LIG-135,2588,0,28,647
2025-07-14,SKU-LIG-136,1350,0,28,540
2025-07-14,SKU-LIG-137,332,380,21,475
2025-07-14,SKU-LIG-138,87,233,28,292
2025-07-14,SKU-LIG-139,1680,0,21,672
2025-07-14,SKU-LIG-140,597,0,21,239
2025-07-14,SKU-LIG-141,1528,0,14,382
2025-07-14,SKU-LIG-142,352,403,21,504
2025-07-14,SKU-LIG-143,149,171,14,214
2025-07-14,SKU-LIG-144,107,122,14,153
2025-07-14,SKU-LIG-145,123,330,28,413
2025-07-14,SKU-LIG-146,93,248,14,311
2025-07-14,SKU-LIG-147,213,0,14,178
2025-07-14,SKU-LIG-148,524,0,7,131
2025-07-14,SKU-LIG-149,1340,0,21,536
2025-07-14,SKU-LIG-150,1132,0,14,283
2025-07-14,SKU-LIG-151,143,164,21,205
2025-07-14,SKU-LIG-152,444,0,7,111
2025-07-14,SKU-LIG-153,99,264,21,331
2025-07-14,SKU-LIG-154,3316,0,28,829
2025-07-14,SKU-LIG-155,209,239,28,299
2025-07-14,SKU-LIG-156,510,0,14,204
2025-07-14,SKU-LIG-157,225,257,21,322
2025-07-14,SKU-LIG-158,1957,0,28,783
2025-07-14,SKU-LIG-159,145,388,21,486
2025-07-14,SKU-LIG-160,495,0,7,198
2025-07-14,SKU-SMA-161,384,0,7,96
2025-07-14,SKU-SMA-162,328,0,7,82
2025-07-14,SKU-SMA-163,1208,0,21,302
2025-07-14,SKU-SMA-164,26,70,7,88
2025-07-14,SKU-SMA-165,301,344,28,430
2025-07-14,SKU-SMA-166,51,138,14,173
2025-07-14,SKU-SMA-167,65,175,21,219
2025-07-14,SKU-SMA-168,235,0,7,196
2025-07-14,SKU-SMA-169,405,0,7,162
2025-07-14,SKU-SMA-170,241,0,7,201
2025-07-14,SKU-SMA-171,260,0,7,217
2025-07-14,SKU-SMA-172,1640,0,21,410
2025-07-14,SKU-SMA-173,339,0,14,283
2025-07-14,SKU-SMA-174,456,0,7,114
2025-07-14,SKU-SMA-175,626,0,28,522
2025-07-14,SKU-SMA-176,151,173,14,217
2025-07-14,SKU-SMA-177,107,122,7,153
2025-07-14,SKU-SMA-178,122,327,21,409
2025-07-14,SKU-SMA-179,2612,0,28,653
2025-07-14,SKU-SMA-180,191,509,21,637
2025-07-14,SKU-SMA-181,260,297,14,372
2025-07-14,SKU-SMA-182,1312,0,14,328
2025-07-14,SKU-SMA-183,268,0,7,67
2025-07-14,SKU-SMA-184,505,0,14,202
2025-07-14,SKU-SMA-185,123,140,7,176
2025-07-14,SKU-SMA-186,996,0,28,830
2025-07-14,SKU-SMA-187,96,258,14,323
2025-07-14,SKU-SMA-188,79,212,28,265
2025-07-14,SKU-SMA-189,3060,0,28,765
2025-07-14,SKU-SMA-190,2007,0,28,803
2025-07-14,SKU-SMA-191,574,0,21,479
2025-07-14,SKU-SMA-192,1528,0,14,382
2025-07-14,SKU-SMA-193,110,0,7,92
2025-07-14,SKU-SMA-194,1500,0,28,600
2025-07-14,SKU-SMA-195,1372,0,28,549
2025-07-14,SKU-SMA-196,272,0,7,109
2025-07-14,SKU-SMA-197,920,0,7,230
2025-07-14,SKU-SMA-198,190,217,14,272
2025-07-14,SKU-SMA-199,497,0,7,199
2025-07-14,SKU-SMA-200,2257,0,28,903
2025-07-21,SKU-BED-001,1122,0,14,449
2025-07-21,SKU-BED-002,1468,0,14,367
2025-07-21,SKU-BED-003,57,154,7,193
2025-07-21,SKU-BED-004,225,0,7,90
2025-07-21,SKU-BED-005,103,276,21,345
2025-07-21,SKU-BED-006,384,0,14,320
2025-07-21,SKU-BED-007,613,700,28,876
2025-07-21,SKU-BED-008,1276,0,14,319
2025-07-21,SKU-BED-009,452,516,21,646
2025-07-21,SKU-BED-010,1512,0,21,378
2025-07-21,SKU-BED-011,132,353,14,442
2025-07-21,SKU-BED-012,768,0,14,192
2025-07-21,SKU-BED-013,388,0,14,324
2025-07-21,SKU-BED-014,1012,0,14,405
2025-07-21,SKU-BED-015,62,165,14,207
2025-07-21,SKU-BED-016,1440,0,14,360
2025-07-21,SKU-BED-017,544,0,28,454
2025-07-21,SKU-BED-018,708,0,7,177
2025-07-21,SKU-BED-019,951,0,28,793
2025-07-21,SKU-BED-020,550,629,28,787
2025-07-21,SKU-BED-021,632,0,7,158
2025-07-21,SKU-BED-022,697,0,28,279
2025-07-21,SKU-BED-023,91,244,14,305
2025-07-21,SKU-BED-024,156,417,21,522
2025-07-21,SKU-BED-025,22,59,7,74
2025-07-21,SKU-BED-026,154,412,21,515
2025-07-21,SKU-BED-027,260,0,7,65
2025-07-21,SKU-BED-028,93,106,7,133
2025-07-21,SKU-BED-029,523,0,21,436
2025-07-21,SKU-BED-030,162,434,28,543
2025-07-21,SKU-BED-031,307,0,7,123
2025-07-21,SKU-BED-032,2552,0,21,638
2025-07-21,SKU-BED-033,1680,0,21,420
2025-07-21,SKU-BED-034,442,0,14,177
2025-07-21,SKU-BED-035,332,0,21,277
2025-07-21,SKU-BED-036,1127,0,21,451
2025-07-21,SKU-BED-037,619,0,21,516
2025-07-21,SKU-BED-038,2660,0,28,665
2025-07-21,SKU-BED-039,2172,0,28,869
2025-07-21,SKU-BED-040,231,617,28,772
2025-07-21,SKU-FUR-041,1692,0,21,423
2025-07-21,SKU-FUR-042,282,322,14,403
2025-07-21,SKU-FUR-043,648,0,7,162
2025-07-21,SKU-FUR-044,292,0,7,117
2025-07-21,SKU-FUR-045,520,0,14,208
2025-07-21,SKU-FUR-046,792,0,21,660
2025-07-21,SKU-FUR-047,876,0,14,219
2025-07-21,SKU-FUR-048,41,110,7,138
2025-07-21,SKU-FUR-049,1512,0,14,378
2025-07-21,SKU-FUR-050,189,0,7,158
2025-07-21,SKU-FUR-051,52,140,7,175
2025-07-21,SKU-FUR-052,35,95,7,119
2025-07-21,SKU-FUR-053,1095,0,21,438
2025-07-21,SKU-FUR-054,329,376,28,470
2025-07-21,SKU-FUR-055,172,0,7,144
2025-07-21,SKU-FUR-056,588,0,28,490
2025-07-21,SKU-FUR-057,297,340,28,425
2025-07-21,SKU-FUR-058,436,0,7,109
2025-07-21,SKU-FUR-059,586,0,21,489
2025-07-21,SKU-FUR-060,525,0,7,210
2025-07-21,SKU-FUR-061,750,0,28,625
2025-07-21,SKU-FUR-062,538,0,21,449
2025-07-21,SKU-FUR-063,28,76,7,95
2025-07-21,SKU-FUR-064,372,0,21,310
2025-07-21,SKU-FUR-065,655,0,14,262
2025-07-21,SKU-FUR-066,624,0,7,156
2025-07-21,SKU-FUR-067,412,0,7,103
2025-07-21,SKU-FUR-068,85,228,14,285
2025-07-21,SKU-FUR-069,1460,0,14,365
2025-07-21,SKU-FUR-070,165,0,7,138
2025-07-21,SKU-FUR-071,78,210,28,263
2025-07-21,SKU-FUR-072,235,269,21,337
2025-07-21,SKU-FUR-073,313,0,14,261
2025-07-21,SKU-FUR-074,248,0,14,207
2025-07-21,SKU-FUR-075,156,418,21,523
2025-07-21,SKU-FUR-076,996,0,14,249
2025-07-21,SKU-FUR-077,777,0,14,311
2025-07-21,SKU-FUR-078,964,0,14,241
2025-07-21,SKU-FUR-079,322,368,14,460
2025-07-21,SKU-FUR-080,139,372,21,466
2025-07-21,SKU-DEC-081,256,292,21,366
2025-07-21,SKU-DEC-082,333,0,14,278
2025-07-21,SKU-DEC-083,411,0,21,343
2025-07-21,SKU-DEC-084,1015,0,28,406
2025-07-21,SKU-DEC-085,1380,0,21,552
2025-07-21,SKU-DEC-086,278,0,14,232
2025-07-21,SKU-DEC-087,224,0,7,187
2025-07-21,SKU-DEC-088,3560,0,28,890
2025-07-21,SKU-DEC-089,858,0,28,715
2025-07-21,SKU-DEC-090,950,0,28,380
2025-07-21,SKU-DEC-091,392,448,21,561
2025-07-21,SKU-DEC-092,872,0,14,218
2025-07-21,SKU-DEC-093,145,388,21,486
2025-07-21,SKU-DEC-094,533,609,28,762
2025-07-21,SKU-DEC-095,97,260,14,326
2025-07-21,SKU-DEC-096,68,181,7,227
2025-07-21,SKU-DEC-097,242,0,7,202
2025-07-21,SKU-DEC-098,135,360,28,451
2025-07-21,SKU-DEC-099,617,0,14,247
2025-07-21,SKU-DEC-100,68,181,14,227
2025-07-21,SKU-DEC-101,872,0,28,727
2025-07-21,SKU-DEC-102,1348,0,28,337
2025-07-21,SKU-DEC-103,169,0,14,141
2025-07-21,SKU-DEC-104,540,0,21,216
2025-07-21,SKU-DEC-105,33,89,7,112
2025-07-21,SKU-DEC-106,884,0,7,221
2025-07-21,SKU-DEC-107,357,408,21,510
2025-07-21,SKU-DEC-108,264,302,14,378
2025-07-21,SKU-DEC-109,640,0,14,160
2025-07-21,SKU-DEC-110,1040,0,28,260
2025-07-21,SKU-DEC-111,275,0,7,110
2025-07-21,SKU-DEC-112,1432,0,28,573
2025-07-21,SKU-DEC-113,1200,0,28,480
2025-07-21,SKU-DEC-114,1687,0,21,675
2025-07-21,SKU-DEC-115,73,84,7,105
2025-07-21,SKU-DEC-116,290,332,14,415
2025-07-21,SKU-DEC-117,24,65,7,82
2025-07-21,SKU-DEC-118,88,236,28,295
2025-07-21,SKU-DEC-119,727,0,14,291
2025-07-21,SKU-DEC-120,111,127,7,159
2025-07-21,SKU-LIG-121,499,570,28,713
2025-07-21,SKU-LIG-122,52,140,14,176
2025-07-21,SKU-LIG-123,796,0,7,199
2025-07-21,SKU-LIG-124,1667,0,21,667
2025-07-21,SKU-LIG-125,192,0,7,77
2025-07-21,SKU-LIG-126,376,0,21,314
2025-07-21,SKU-LIG-127,1567,0,28,627
2025-07-21,SKU-LIG-128,39,105,7,132
2025-07-21,SKU-LIG-129,1630,0,28,652
2025-07-21,SKU-LIG-130,116,132,7,166
2025-07-21,SKU-LIG-131,463,0,14,386
2025-07-21,SKU-LIG-132,151,0,7,126
2025-07-21,SKU-LIG-133,2584,0,21,646
2025-07-21,SKU-LIG-134,1804,0,28,451
2025-07-21,SKU-LIG-135,96,258,14,323
2025-07-21,SKU-LIG-136,162,432,28,540
2025-07-21,SKU-LIG-137,1585,0,28,634
2025-07-21,SKU-LIG-138,43,116,14,146
2025-07-21,SKU-LIG-139,1792,0,14,448
2025-07-21,SKU-LIG-140,167,191,21,239
2025-07-21,SKU-LIG-141,267,305,14,382
2025-07-21,SKU-LIG-142,235,268,14,336
2025-07-21,SKU-LIG-143,805,0,21,322
2025-07-21,SKU-LIG-144,190,0,7,76
2025-07-21,SKU-LIG-145,289,330,28,413
2025-07-21,SKU-LIG-146,560,0,21,467
2025-07-21,SKU-LIG-147,106,0,7,89
2025-07-21,SKU-LIG-148,118,315,21,394
2025-07-21,SKU-LIG-149,428,0,14,357
2025-07-21,SKU-LIG-150,680,0,28,567
2025-07-21,SKU-LIG-151,95,108,14,136
2025-07-21,SKU-LIG-152,400,0,21,334
2025-07-21,SKU-LIG-153,1102,0,28,441
2025-07-21,SKU-LIG-154,746,0,21,622
2025-07-21,SKU-LIG-155,185,0,7,74
2025-07-21,SKU-LIG-156,122,326,28,408
2025-07-21,SKU-LIG-157,128,0,7,107
2025-07-21,SKU-LIG-158,117,312,14,391
2025-07-21,SKU-LIG-159,48,129,7,162
2025-07-21,SKU-LIG-160,138,158,7,198
2025-07-21,SKU-SMA-161,1152,0,21,288
2025-07-21,SKU-SMA-162,172,196,21,246
2025-07-21,SKU-SMA-163,30,80,7,100
2025-07-21,SKU-SMA-164,422,0,28,352
2025-07-21,SKU-SMA-165,516,0,28,430
2025-07-21,SKU-SMA-166,312,0,21,260
2025-07-21,SKU-SMA-167,730,0,28,292
2025-07-21,SKU-SMA-168,235,0,7,196
2025-07-21,SKU-SMA-169,227,260,14,325
2025-07-21,SKU-SMA-170,1510,0,21,604
2025-07-21,SKU-SMA-171,1632,0,21,653
2025-07-21,SKU-SMA-172,382,437,28,547
2025-07-21,SKU-SMA-173,510,0,21,425
2025-07-21,SKU-SMA-174,456,0,7,114
2025-07-21,SKU-SMA-175,1044,0,14,261
2025-07-21,SKU-SMA-176,151,173,14,217
2025-07-21,SKU-SMA-177,214,245,14,307
2025-07-21,SKU-SMA-178,122,327,21,409
2025-07-21,SKU-SMA-179,147,392,21,490
2025-07-21,SKU-SMA-180,254,0,7,212
2025-07-21,SKU-SMA-181,670,0,21,559
2025-07-21,SKU-SMA-182,656,0,7,164
2025-07-21,SKU-SMA-183,141,161,21,202
2025-07-21,SKU-SMA-184,283,324,28,405
2025-07-21,SKU-SMA-185,1762,0,28,705
2025-07-21,SKU-SMA-186,996,0,28,830
2025-07-21,SKU-SMA-187,193,0,7,161
2025-07-21,SKU-SMA-188,497,0,21,199
2025-07-21,SKU-SMA-189,688,0,21,574
2025-07-21,SKU-SMA-190,240,0,7,200
2025-07-21,SKU-SMA-191,574,0,21,479
2025-07-21,SKU-SMA-192,171,458,21,573
2025-07-21,SKU-SMA-193,368,0,7,92
2025-07-21,SKU-SMA-194,180,480,28,600
2025-07-21,SKU-SMA-195,164,439,28,549
2025-07-21,SKU-SMA-196,65,175,14,219
2025-07-21,SKU-SMA-197,207,552,21,691
2025-07-21,SKU-SMA-198,1360,0,28,544
2025-07-21,SKU-SMA-199,497,0,7,199
2025-07-21,SKU-SMA-200,2708,0,21,677
2025-07-28,SKU-BED-001,896,0,7,224
2025-07-28,SKU-BED-002,165,440,21,551
2025-07-28,SKU-BED-003,464,0,14,387
2025-07-28,SKU-BED-004,81,216,21,271
2025-07-28,SKU-BED-005,460,0,7,115
2025-07-28,SKU-BED-006,640,0,7,160
2025-07-28,SKU-BED-007,2628,0,21,657
2025-07-28,SKU-BED-008,190,0,7,159
2025-07-28,SKU-BED-009,1034,0,28,862
2025-07-28,SKU-BED-010,2016,0,28,504
2025-07-28,SKU-BED-011,309,353,14,442
2025-07-28,SKU-BED-012,115,308,28,385
2025-07-28,SKU-BED-013,454,519,28,649
2025-07-28,SKU-BED-014,728,0,21,607
2025-07-28,SKU-BED-015,1037,0,28,415
2025-07-28,SKU-BED-016,2880,0,28,720
2025-07-28,SKU-BED-017,317,363,28,454
2025-07-28,SKU-BED-018,708,0,7,177
2025-07-28,SKU-BED-019,118,316,14,396
2025-07-28,SKU-BED-020,490,0,7,196
2025-07-28,SKU-BED-021,1580,0,28,632
2025-07-28,SKU-BED-022,41,111,14,139
2025-07-28,SKU-BED-023,427,488,28,610
2025-07-28,SKU-BED-024,2784,0,28,696
2025-07-28,SKU-BED-025,267,0,21,223
2025-07-28,SKU-BED-026,205,0,7,171
2025-07-28,SKU-BED-027,136,156,21,195
2025-07-28,SKU-BED-028,1600,0,21,400
2025-07-28,SKU-BED-029,406,464,28,581
2025-07-28,SKU-BED-030,1017,0,21,407
2025-07-28,SKU-BED-031,86,98,7,123
2025-07-28,SKU-BED-032,848,0,7,212
2025-07-28,SKU-BED-033,350,0,7,140
2025-07-28,SKU-BED-034,1416,0,28,354
2025-07-28,SKU-BED-035,692,0,21,277
2025-07-28,SKU-BED-036,210,240,14,301
2025-07-28,SKU-BED-037,1376,0,14,344
2025-07-28,SKU-BED-038,598,0,21,499
2025-07-28,SKU-BED-039,782,0,21,652
2025-07-28,SKU-BED-040,270,308,14,386
2025-07-28,SKU-FUR-041,564,0,7,141
2025-07-28,SKU-FUR-042,1512,0,21,605
2025-07-28,SKU-FUR-043,48,129,7,162
2025-07-28,SKU-FUR-044,292,0,7,117
2025-07-28,SKU-FUR-045,218,249,21,312
2025-07-28,SKU-FUR-046,792,0,21,660
2025-07-28,SKU-FUR-047,547,0,14,219
2025-07-28,SKU-FUR-048,332,0,14,277
2025-07-28,SKU-FUR-049,907,0,28,756
2025-07-28,SKU-FUR-050,47,126,7,158
2025-07-28,SKU-FUR-051,105,280,14,350
2025-07-28,SKU-FUR-052,297,0,7,119
2025-07-28,SKU-FUR-053,408,467,28,584
2025-07-28,SKU-FUR-054,1880,0,28,470
2025-07-28,SKU-FUR-055,173,463,28,579
2025-07-28,SKU-FUR-056,488,0,7,122
2025-07-28,SKU-FUR-057,1276,0,21,319
2025-07-28,SKU-FUR-058,32,87,7,109
2025-07-28,SKU-FUR-059,2608,0,28,652
2025-07-28,SKU-FUR-060,505,0,14,421
2025-07-28,SKU-FUR-061,624,0,7,156
2025-07-28,SKU-FUR-062,104,119,7,149
2025-07-28,SKU-FUR-063,66,76,7,95
2025-07-28,SKU-FUR-064,124,331,28,414
2025-07-28,SKU-FUR-065,1572,0,21,393
2025-07-28,SKU-FUR-066,561,0,21,468
2025-07-28,SKU-FUR-067,257,0,7,103
2025-07-28,SKU-FUR-068,1070,0,21,428
2025-07-28,SKU-FUR-069,455,0,7,182
2025-07-28,SKU-FUR-070,165,442,28,553
2025-07-28,SKU-FUR-071,45,52,7,65
2025-07-28,SKU-FUR-072,78,89,7,112
2025-07-28,SKU-FUR-073,117,313,21,392
2025-07-28,SKU-FUR-074,144,165,14,207
2025-07-28,SKU-FUR-075,837,0,28,698
2025-07-28,SKU-FUR-076,1996,0,28,499
2025-07-28,SKU-FUR-077,326,373,21,467
2025-07-28,SKU-FUR-078,480,0,7,120
2025-07-28,SKU-FUR-079,1727,0,21,691
2025-07-28,SKU-FUR-080,186,496,28,621
2025-07-28,SKU-DEC-081,610,0,14,244
2025-07-28,SKU-DEC-082,1112,0,14,278
2025-07-28,SKU-DEC-083,411,0,21,343
2025-07-28,SKU-DEC-084,812,0,14,203
2025-07-28,SKU-DEC-085,662,0,21,552
2025-07-28,SKU-DEC-086,417,0,21,348
2025-07-28,SKU-DEC-087,1877,0,28,751
2025-07-28,SKU-DEC-088,801,0,21,668
2025-07-28,SKU-DEC-089,500,572,28,715
2025-07-28,SKU-DEC-090,237,0,7,95
2025-07-28,SKU-DEC-091,897,0,28,748
2025-07-28,SKU-DEC-092,872,0,14,218
2025-07-28,SKU-DEC-093,2592,0,28,648
2025-07-28,SKU-DEC-094,266,304,14,381
2025-07-28,SKU-DEC-095,48,130,7,163
2025-07-28,SKU-DEC-096,68,181,7,227
2025-07-28,SKU-DEC-097,486,0,14,405
2025-07-28,SKU-DEC-098,1352,0,21,338
2025-07-28,SKU-DEC-099,259,296,21,370
2025-07-28,SKU-DEC-100,282,0,7,113
2025-07-28,SKU-DEC-101,435,0,14,363
2025-07-28,SKU-DEC-102,302,0,21,252
2025-07-28,SKU-DEC-103,1128,0,28,282
2025-07-28,SKU-DEC-104,864,0,21,216
2025-07-28,SKU-DEC-105,156,179,14,224
2025-07-28,SKU-DEC-106,884,0,7,221
2025-07-28,SKU-DEC-107,2720,0,28,680
2025-07-28,SKU-DEC-108,56,151,7,189
2025-07-28,SKU-DEC-109,224,256,28,320
2025-07-28,SKU-DEC-110,136,156,21,195
2025-07-28,SKU-DEC-111,440,0,7,110
2025-07-28,SKU-DEC-112,42,114,7,143
2025-07-28,SKU-DEC-113,84,96,7,120
2025-07-28,SKU-DEC-114,472,540,21,675
2025-07-28,SKU-DEC-115,147,168,14,210
2025-07-28,SKU-DEC-116,747,0,21,623
2025-07-28,SKU-DEC-117,73,196,21,246
2025-07-28,SKU-DEC-118,354,0,28,295
2025-07-28,SKU-DEC-119,130,348,21,436
2025-07-28,SKU-DEC-120,335,383,21,479
2025-07-28,SKU-LIG-121,106,284,14,356
2025-07-28,SKU-LIG-122,318,0,21,265
2025-07-28,SKU-LIG-123,278,318,14,398
2025-07-28,SKU-LIG-124,1110,0,14,444
2025-07-28,SKU-LIG-125,216,247,28,309
2025-07-28,SKU-LIG-126,1672,0,28,418
2025-07-28,SKU-LIG-127,1252,0,14,313
2025-07-28,SKU-LIG-128,79,212,14,265
2025-07-28,SKU-LIG-129,146,391,21,489
2025-07-28,SKU-LIG-130,1667,0,28,667
2025-07-28,SKU-LIG-131,405,463,21,579
2025-07-28,SKU-LIG-132,88,100,7,126
2025-07-28,SKU-LIG-133,193,516,21,646
2025-07-28,SKU-LIG-134,67,180,14,225
2025-07-28,SKU-LIG-135,807,0,14,323
2025-07-28,SKU-LIG-136,1080,0,14,270
2025-07-28,SKU-LIG-137,95,253,14,317
2025-07-28,SKU-LIG-138,43,116,14,146
2025-07-28,SKU-LIG-139,560,0,7,224
2025-07-28,SKU-LIG-140,190,0,14,159
2025-07-28,SKU-LIG-141,687,0,21,573
2025-07-28,SKU-LIG-142,117,134,7,168
2025-07-28,SKU-LIG-143,428,0,7,107
2025-07-28,SKU-LIG-144,612,0,14,153
2025-07-28,SKU-LIG-145,30,82,7,103
2025-07-28,SKU-LIG-146,777,0,14,311
2025-07-28,SKU-LIG-147,186,213,21,267
2025-07-28,SKU-LIG-148,91,104,7,131
2025-07-28,SKU-LIG-149,249,285,14,357
2025-07-28,SKU-LIG-150,1417,0,28,567
2025-07-28,SKU-LIG-151,820,0,21,205
2025-07-28,SKU-LIG-152,311,356,28,445
2025-07-28,SKU-LIG-153,275,0,7,110
2025-07-28,SKU-LIG-154,828,0,7,207
2025-07-28,SKU-LIG-155,22,59,7,74
2025-07-28,SKU-LIG-156,285,326,28,408
2025-07-28,SKU-LIG-157,1716,0,28,429
2025-07-28,SKU-LIG-158,1467,0,21,587
2025-07-28,SKU-LIG-159,777,0,28,648
2025-07-28,SKU-LIG-160,237,633,28,792
2025-07-28,SKU-SMA-161,86,230,21,288
2025-07-28,SKU-SMA-162,656,0,14,164
2025-07-28,SKU-SMA-163,282,322,28,403
2025-07-28,SKU-SMA-164,26,70,7,88
2025-07-28,SKU-SMA-165,64,172,14,215
2025-07-28,SKU-SMA-166,650,0,21,260
2025-07-28,SKU-SMA-167,547,0,21,219
2025-07-28,SKU-SMA-168,137,156,7,196
2025-07-28,SKU-SMA-169,1220,0,21,488
2025-07-28,SKU-SMA-170,281,321,14,402
2025-07-28,SKU-SMA-171,457,522,21,653
2025-07-28,SKU-SMA-172,382,437,28,547
2025-07-28,SKU-SMA-173,352,0,7,141
2025-07-28,SKU-SMA-174,912,0,14,228
2025-07-28,SKU-SMA-175,39,104,7,130
2025-07-28,SKU-SMA-176,65,173,14,217
2025-07-28,SKU-SMA-177,2456,0,28,614
2025-07-28,SKU-SMA-178,1092,0,14,273
2025-07-28,SKU-SMA-179,1960,0,21,490
2025-07-28,SKU-SMA-180,764,0,21,637
2025-07-28,SKU-SMA-181,2236,0,21,559
2025-07-28,SKU-SMA-182,1972,0,21,493
2025-07-28,SKU-SMA-183,60,161,21,202
2025-07-28,SKU-SMA-184,404,0,7,101
2025-07-28,SKU-SMA-185,493,564,28,705
2025-07-28,SKU-SMA-186,1037,0,14,415
2025-07-28,SKU-SMA-187,1936,0,21,484
2025-07-28,SKU-SMA-188,662,0,28,265
2025-07-28,SKU-SMA-189,401,459,21,574
2025-07-28,SKU-SMA-190,280,320,14,401
2025-07-28,SKU-SMA-191,797,0,14,319
2025-07-28,SKU-SMA-192,916,0,28,764
2025-07-28,SKU-SMA-193,460,0,14,184
2025-07-28,SKU-SMA-194,360,0,14,300
2025-07-28,SKU-SMA-195,548,0,7,137
2025-07-28,SKU-SMA-196,525,0,28,438
2025-07-28,SKU-SMA-197,322,368,14,460
2025-07-28,SKU-SMA-198,544,0,7,136
2025-07-28,SKU-SMA-199,1997,0,28,799
2025-07-28,SKU-SMA-200,270,0,7,225
2025-08-04,SKU-BED-001,560,0,7,224
2025-08-04,SKU-BED-002,220,587,28,734
2025-08-04,SKU-BED-003,967,0,14,387
2025-08-04,SKU-BED-004,1084,0,21,271
2025-08-04,SKU-BED-005,575,0,14,230
2025-08-04,SKU-BED-006,640,0,7,160
2025-08-04,SKU-BED-007,262,700,28,876
2025-08-04,SKU-BED-008,1916,0,21,479
2025-08-04,SKU-BED-009,2584,0,21,646
2025-08-04,SKU-BED-010,151,0,7,126
2025-08-04,SKU-BED-011,198,530,21,663
2025-08-04,SKU-BED-012,134,153,14,192
2025-08-04,SKU-BED-013,340,389,21,487
2025-08-04,SKU-BED-014,243,648,28,810
2025-08-04,SKU-BED-015,828,0,14,207
2025-08-04,SKU-BED-016,648,0,21,540
2025-08-04,SKU-BED-017,567,0,14,227
2025-08-04,SKU-BED-018,639,0,21,533
2025-08-04,SKU-BED-019,118,316,14,396
2025-08-04,SKU-BED-020,117,314,14,393
2025-08-04,SKU-BED-021,790,0,14,316
2025-08-04,SKU-BED-022,83,223,28,279
2025-08-04,SKU-BED-023,1220,0,14,305
2025-08-04,SKU-BED-024,243,278,14,348
2025-08-04,SKU-BED-025,178,0,14,149
2025-08-04,SKU-BED-026,2060,0,21,515
2025-08-04,SKU-BED-027,234,0,21,195
2025-08-04,SKU-BED-028,2136,0,28,534
2025-08-04,SKU-BED-029,174,0,7,145
2025-08-04,SKU-BED-030,540,0,7,135
2025-08-04,SKU-BED-031,307,0,7,123
2025-08-04,SKU-BED-032,510,0,14,425
2025-08-04,SKU-BED-033,350,0,7,140
2025-08-04,SKU-BED-034,665,0,21,266
2025-08-04,SKU-BED-035,925,0,28,370
2025-08-04,SKU-BED-036,210,240,14,301
2025-08-04,SKU-BED-037,361,412,21,516
2025-08-04,SKU-BED-038,99,265,14,332
2025-08-04,SKU-BED-039,195,521,21,652
2025-08-04,SKU-BED-040,173,463,21,579
2025-08-04,SKU-FUR-041,507,0,21,423
2025-08-04,SKU-FUR-042,423,484,21,605
2025-08-04,SKU-FUR-043,97,260,14,325
2025-08-04,SKU-FUR-044,163,187,14,234
2025-08-04,SKU-FUR-045,1040,0,28,416
2025-08-04,SKU-FUR-046,1056,0,28,880
2025-08-04,SKU-FUR-047,436,0,7,109
2025-08-04,SKU-FUR-048,166,443,28,554
2025-08-04,SKU-FUR-049,472,0,7,189
2025-08-04,SKU-FUR-050,632,0,7,158
2025-08-04,SKU-FUR-051,1400,0,14,350
2025-08-04,SKU-FUR-052,71,191,14,239
2025-08-04,SKU-FUR-053,350,0,14,292
2025-08-04,SKU-FUR-054,940,0,14,235
2025-08-04,SKU-FUR-055,202,231,14,289
2025-08-04,SKU-FUR-056,110,293,21,367
2025-08-04,SKU-FUR-057,1062,0,28,425
2025-08-04,SKU-FUR-058,1756,0,28,439
2025-08-04,SKU-FUR-059,342,391,21,489
2025-08-04,SKU-FUR-060,1011,0,28,843
2025-08-04,SKU-FUR-061,140,375,21,469
2025-08-04,SKU-FUR-062,179,479,28,599
2025-08-04,SKU-FUR-063,380,0,7,95
2025-08-04,SKU-FUR-064,517,0,14,207
2025-08-04,SKU-FUR-065,39,104,7,131
2025-08-04,SKU-FUR-066,624,0,7,156
2025-08-04,SKU-FUR-067,1240,0,21,310
2025-08-04,SKU-FUR-068,99,113,7,142
2025-08-04,SKU-FUR-069,2188,0,21,547
2025-08-04,SKU-FUR-070,289,331,21,414
2025-08-04,SKU-FUR-071,162,0,7,65
2025-08-04,SKU-FUR-072,101,269,21,337
2025-08-04,SKU-FUR-073,627,0,28,523
2025-08-04,SKU-FUR-074,498,0,28,415
2025-08-04,SKU-FUR-075,244,279,14,349
2025-08-04,SKU-FUR-076,349,399,28,499
2025-08-04,SKU-FUR-077,140,373,21,467
2025-08-04,SKU-FUR-078,36,96,7,120
2025-08-04,SKU-FUR-079,829,0,21,691
2025-08-04,SKU-FUR-080,1864,0,21,466
2025-08-04,SKU-DEC-081,585,0,28,488
2025-08-04,SKU-DEC-082,41,111,7,139
2025-08-04,SKU-DEC-083,549,0,28,458
2025-08-04,SKU-DEC-084,121,0,7,101
2025-08-04,SKU-DEC-085,662,0,21,552
2025-08-04,SKU-DEC-086,324,371,28,464
2025-08-04,SKU-DEC-087,394,450,21,563
2025-08-04,SKU-DEC-088,1068,0,28,890
2025-08-04,SKU-DEC-089,249,285,14,357
2025-08-04,SKU-DEC-090,28,76,7,95
2025-08-04,SKU-DEC-091,448,0,14,374
2025-08-04,SKU-DEC-092,1312,0,21,328
2025-08-04,SKU-DEC-093,340,388,21,486
2025-08-04,SKU-DEC-094,686,0,21,572
2025-08-04,SKU-DEC-095,815,0,14,326
2025-08-04,SKU-DEC-096,546,0,14,455
2025-08-04,SKU-DEC-097,3244,0,28,811
2025-08-04,SKU-DEC-098,1804,0,28,451
2025-08-04,SKU-DEC-099,592,0,28,494
2025-08-04,SKU-DEC-100,68,181,14,227
2025-08-04,SKU-DEC-101,1817,0,28,727
2025-08-04,SKU-DEC-102,201,0,14,168
2025-08-04,SKU-DEC-103,1128,0,28,282
2025-08-04,SKU-DEC-104,259,0,21,216
2025-08-04,SKU-DEC-105,100,268,21,336
2025-08-04,SKU-DEC-106,199,531,21,664
2025-08-04,SKU-DEC-107,204,0,7,170
2025-08-04,SKU-DEC-108,3028,0,28,757
2025-08-04,SKU-DEC-109,200,0,7,80
2025-08-04,SKU-DEC-110,156,0,14,130
2025-08-04,SKU-DEC-111,1772,0,28,443
2025-08-04,SKU-DEC-112,100,114,7,143
2025-08-04,SKU-DEC-113,300,0,7,120
2025-08-04,SKU-DEC-114,270,720,28,900
2025-08-04,SKU-DEC-115,63,168,14,210
2025-08-04,SKU-DEC-116,3324,0,28,831
2025-08-04,SKU-DEC-117,196,0,14,164
2025-08-04,SKU-DEC-118,44,117,14,147
2025-08-04,SKU-DEC-119,1164,0,14,291
2025-08-04,SKU-DEC-120,1916,0,21,479
2025-08-04,SKU-LIG-121,2852,0,28,713
2025-08-04,SKU-LIG-122,318,0,21,265
2025-08-04,SKU-LIG-123,1492,0,21,597
2025-08-04,SKU-LIG-124,200,533,21,667
2025-08-04,SKU-LIG-125,192,0,7,77
2025-08-04,SKU-LIG-126,501,0,28,418
2025-08-04,SKU-LIG-127,188,501,28,627
2025-08-04,SKU-LIG-128,119,318,21,398
2025-08-04,SKU-LIG-129,391,0,14,326
2025-08-04,SKU-LIG-130,49,132,7,166
2025-08-04,SKU-LIG-131,1932,0,28,773
2025-08-04,SKU-LIG-132,950,0,21,380
2025-08-04,SKU-LIG-133,193,516,21,646
2025-08-04,SKU-LIG-134,562,0,14,225
2025-08-04,SKU-LIG-135,582,0,21,485
2025-08-04,SKU-LIG-136,81,216,14,270
2025-08-04,SKU-LIG-137,2536,0,28,634
2025-08-04,SKU-LIG-138,65,175,21,219
2025-08-04,SKU-LIG-139,2688,0,21,672
2025-08-04,SKU-LIG-140,222,254,28,318
2025-08-04,SKU-LIG-141,1432,0,21,573
2025-08-04,SKU-LIG-142,235,268,14,336
2025-08-04,SKU-LIG-143,225,257,21,322
2025-08-04,SKU-LIG-144,91,0,7,76
2025-08-04,SKU-LIG-145,1032,0,28,413
2025-08-04,SKU-LIG-146,186,497,28,622
2025-08-04,SKU-LIG-147,106,0,7,89
2025-08-04,SKU-LIG-148,157,0,7,131
2025-08-04,SKU-LIG-149,1428,0,14,357
2025-08-04,SKU-LIG-150,2268,0,28,567
2025-08-04,SKU-LIG-151,61,164,21,205
2025-08-04,SKU-LIG-152,835,0,21,334
2025-08-04,SKU-LIG-153,231,264,21,331
2025-08-04,SKU-LIG-154,289,331,14,414
2025-08-04,SKU-LIG-155,896,0,21,224
2025-08-04,SKU-LIG-156,489,0,28,408
2025-08-04,SKU-LIG-157,74,85,7,107
2025-08-04,SKU-LIG-158,234,0,7,195
2025-08-04,SKU-LIG-159,777,0,28,648
2025-08-04,SKU-LIG-160,178,475,21,594
2025-08-04,SKU-SMA-161,460,0,28,384
2025-08-04,SKU-SMA-162,410,0,14,164
2025-08-04,SKU-SMA-163,502,0,14,201
2025-08-04,SKU-SMA-164,1408,0,28,352
2025-08-04,SKU-SMA-165,96,257,21,322
2025-08-04,SKU-SMA-166,432,0,14,173
2025-08-04,SKU-SMA-167,1168,0,28,292
2025-08-04,SKU-SMA-168,490,0,7,196
2025-08-04,SKU-SMA-169,2604,0,28,651
2025-08-04,SKU-SMA-170,60,160,7,201
2025-08-04,SKU-SMA-171,65,173,7,217
2025-08-04,SKU-SMA-172,163,0,7,136
2025-08-04,SKU-SMA-173,707,0,14,283
2025-08-04,SKU-SMA-174,855,0,21,342
2025-08-04,SKU-SMA-175,1564,0,21,391
2025-08-04,SKU-SMA-176,391,0,21,326
2025-08-04,SKU-SMA-177,184,491,28,614
2025-08-04,SKU-SMA-178,40,108,7,136
2025-08-04,SKU-SMA-179,1304,0,14,326
2025-08-04,SKU-SMA-180,508,0,14,424
2025-08-04,SKU-SMA-181,111,297,14,372
2025-08-04,SKU-SMA-182,114,131,7,164
2025-08-04,SKU-SMA-183,808,0,21,202
2025-08-04,SKU-SMA-184,283,324,28,405
2025-08-04,SKU-SMA-185,52,140,7,176
2025-08-04,SKU-SMA-186,2075,0,28,830
2025-08-04,SKU-SMA-187,96,258,14,323
2025-08-04,SKU-SMA-188,139,159,21,199
2025-08-04,SKU-SMA-189,477,0,7,191
2025-08-04,SKU-SMA-190,800,0,7,200
2025-08-04,SKU-SMA-191,574,0,21,479
2025-08-04,SKU-SMA-192,764,0,7,191
2025-08-04,SKU-SMA-193,110,295,28,369
2025-08-04,SKU-SMA-194,600,0,7,150
2025-08-04,SKU-SMA-195,493,0,21,411
2025-08-04,SKU-SMA-196,547,0,14,219
2025-08-04,SKU-SMA-197,276,736,28,921
2025-08-04,SKU-SMA-198,489,0,21,408
2025-08-04,SKU-SMA-199,796,0,7,199
2025-08-04,SKU-SMA-200,812,0,21,677
2025-08-11,SKU-BED-001,2247,0,28,899
2025-08-11,SKU-BED-002,385,440,21,551
2025-08-11,SKU-BED-003,270,309,14,387
2025-08-11,SKU-BED-004,1084,0,21,271
2025-08-11,SKU-BED-005,138,0,7,115
2025-08-11,SKU-BED-006,800,0,14,320
2025-08-11,SKU-BED-007,525,0,14,438
2025-08-11,SKU-BED-008,1595,0,28,638
2025-08-11,SKU-BED-009,452,516,21,646
2025-08-11,SKU-BED-010,352,403,28,504
2025-08-11,SKU-BED-011,66,176,7,221
2025-08-11,SKU-BED-012,240,0,7,96
2025-08-11,SKU-BED-013,48,129,7,162
2025-08-11,SKU-BED-014,121,324,14,405
2025-08-11,SKU-BED-015,257,0,7,103
2025-08-11,SKU-BED-016,450,0,7,180
2025-08-11,SKU-BED-017,102,272,21,340
2025-08-11,SKU-BED-018,887,0,14,355
2025-08-11,SKU-BED-019,118,316,14,396
2025-08-11,SKU-BED-020,236,629,28,787
2025-08-11,SKU-BED-021,790,0,14,316
2025-08-11,SKU-BED-022,97,111,14,139
2025-08-11,SKU-BED-023,732,0,28,610
2025-08-11,SKU-BED-024,365,417,21,522
2025-08-11,SKU-BED-025,178,0,14,149
2025-08-11,SKU-BED-026,857,0,14,343
2025-08-11,SKU-BED-027,325,0,14,130
2025-08-11,SKU-BED-028,120,320,21,400
2025-08-11,SKU-BED-029,523,0,21,436
2025-08-11,SKU-BED-030,1357,0,28,543
2025-08-11,SKU-BED-031,172,197,14,247
2025-08-11,SKU-BED-032,254,0,7,212
2025-08-11,SKU-BED-033,294,336,21,420
2025-08-11,SKU-BED-034,352,0,7,88
2025-08-11,SKU-BED-035,692,0,21,277
2025-08-11,SKU-BED-036,722,0,28,602
2025-08-11,SKU-BED-037,619,0,21,516
2025-08-11,SKU-BED-038,1662,0,28,665
2025-08-11,SKU-BED-039,456,521,21,652
2025-08-11,SKU-BED-040,926,0,28,772
2025-08-11,SKU-FUR-041,169,451,28,564
2025-08-11,SKU-FUR-042,483,0,14,403
2025-08-11,SKU-FUR-043,195,520,28,650
2025-08-11,SKU-FUR-044,585,0,14,234
2025-08-11,SKU-FUR-045,260,0,7,104
2025-08-11,SKU-FUR-046,550,0,7,220
2025-08-11,SKU-FUR-047,822,0,21,329
2025-08-11,SKU-FUR-048,1385,0,28,554
2025-08-11,SKU-FUR-049,1890,0,28,756
2025-08-11,SKU-FUR-050,333,380,21,476
2025-08-11,SKU-FUR-051,157,420,21,525
2025-08-11,SKU-FUR-052,286,0,14,239
2025-08-11,SKU-FUR-053,1752,0,21,438
2025-08-11,SKU-FUR-054,587,0,14,235
2025-08-11,SKU-FUR-055,346,0,14,289
2025-08-11,SKU-FUR-056,85,97,7,122
2025-08-11,SKU-FUR-057,1062,0,28,425
2025-08-11,SKU-FUR-058,876,0,14,219
2025-08-11,SKU-FUR-059,407,0,7,163
2025-08-11,SKU-FUR-060,252,0,7,210
2025-08-11,SKU-FUR-061,374,0,14,312
2025-08-11,SKU-FUR-062,1497,0,28,599
2025-08-11,SKU-FUR-063,28,76,7,95
2025-08-11,SKU-FUR-064,1656,0,28,414
2025-08-11,SKU-FUR-065,78,209,14,262
2025-08-11,SKU-FUR-066,1248,0,14,312
2025-08-11,SKU-FUR-067,372,0,21,310
2025-08-11,SKU-FUR-068,85,228,14,285
2025-08-11,SKU-FUR-069,382,437,21,547
2025-08-11,SKU-FUR-070,552,0,7,138
2025-08-11,SKU-FUR-071,39,104,14,131
2025-08-11,SKU-FUR-072,156,179,14,224
2025-08-11,SKU-FUR-073,91,104,7,130
2025-08-11,SKU-FUR-074,93,248,21,311
2025-08-11,SKU-FUR-075,366,418,21,523
2025-08-11,SKU-FUR-076,622,0,14,249
2025-08-11,SKU-FUR-077,373,0,14,311
2025-08-11,SKU-FUR-078,253,289,21,362
2025-08-11,SKU-FUR-079,2764,0,21,691
2025-08-11,SKU-FUR-080,434,496,28,621
2025-08-11,SKU-DEC-081,488,0,7,122
2025-08-11,SKU-DEC-082,1390,0,28,556
2025-08-11,SKU-DEC-083,1372,0,21,343
2025-08-11,SKU-DEC-084,121,0,7,101
2025-08-11,SKU-DEC-085,2208,0,21,552
2025-08-11,SKU-DEC-086,162,185,14,232
2025-08-11,SKU-DEC-087,262,300,14,375
2025-08-11,SKU-DEC-088,155,177,7,222
2025-08-11,SKU-DEC-089,124,142,7,178
2025-08-11,SKU-DEC-090,456,0,28,380
2025-08-11,SKU-DEC-091,897,0,28,748
2025-08-11,SKU-DEC-092,76,87,7,109
2025-08-11,SKU-DEC-093,194,0,7,162
2025-08-11,SKU-DEC-094,914,0,28,762
2025-08-11,SKU-DEC-095,1304,0,14,326
2025-08-11,SKU-DEC-096,273,728,28,910
2025-08-11,SKU-DEC-097,121,324,14,405
2025-08-11,SKU-DEC-098,562,0,14,225
2025-08-11,SKU-DEC-099,988,0,14,247
2025-08-11,SKU-DEC-100,452,0,7,113
2025-08-11,SKU-DEC-101,907,0,14,363
2025-08-11,SKU-DEC-102,100,0,7,84
2025-08-11,SKU-DEC-103,63,168,21,211
2025-08-11,SKU-DEC-104,288,0,7,72
2025-08-11,SKU-DEC-105,268,0,14,224
2025-08-11,SKU-DEC-106,884,0,7,221
2025-08-11,SKU-DEC-107,153,408,21,510
2025-08-11,SKU-DEC-108,56,151,7,189
2025-08-11,SKU-DEC-109,800,0,28,320
2025-08-11,SKU-DEC-110,260,0,7,65
2025-08-11,SKU-DEC-111,1772,0,28,443
2025-08-11,SKU-DEC-112,715,0,14,286
2025-08-11,SKU-DEC-113,576,0,28,480
2025-08-11,SKU-DEC-114,315,360,14,450
2025-08-11,SKU-DEC-115,1264,0,21,316
2025-08-11,SKU-DEC-116,249,664,28,831
2025-08-11,SKU-DEC-117,205,0,7,82
2025-08-11,SKU-DEC-118,176,0,14,147
2025-08-11,SKU-DEC-119,1090,0,21,436
2025-08-11,SKU-DEC-120,47,127,7,159
2025-08-11,SKU-LIG-121,855,0,28,713
2025-08-11,SKU-LIG-122,105,282,28,353
2025-08-11,SKU-LIG-123,995,0,14,398
2025-08-11,SKU-LIG-124,1066,0,28,889
2025-08-11,SKU-LIG-125,308,0,7,77
2025-08-11,SKU-LIG-126,376,0,21,314
2025-08-11,SKU-LIG-127,329,376,21,470
2025-08-11,SKU-LIG-128,92,105,7,132
2025-08-11,SKU-LIG-129,407,0,7,163
2025-08-11,SKU-LIG-130,2668,0,28,667
2025-08-11,SKU-LIG-131,541,618,28,773
2025-08-11,SKU-LIG-132,950,0,21,380
2025-08-11,SKU-LIG-133,150,172,7,215
2025-08-11,SKU-LIG-134,134,0,7,112
2025-08-11,SKU-LIG-135,194,517,28,647
2025-08-11,SKU-LIG-136,94,108,7,135
2025-08-11,SKU-LIG-137,189,0,7,158
2025-08-11,SKU-LIG-138,365,0,14,146
2025-08-11,SKU-LIG-139,470,537,21,672
2025-08-11,SKU-LIG-140,167,191,21,239
2025-08-11,SKU-LIG-141,3056,0,28,764
2025-08-11,SKU-LIG-142,100,268,14,336
2025-08-11,SKU-LIG-143,386,0,21,322
2025-08-11,SKU-LIG-144,214,244,28,306
2025-08-11,SKU-LIG-145,495,0,28,413
2025-08-11,SKU-LIG-146,435,497,28,622
2025-08-11,SKU-LIG-147,124,142,14,178
2025-08-11,SKU-LIG-148,472,0,21,394
2025-08-11,SKU-LIG-149,213,0,7,178
2025-08-11,SKU-LIG-150,84,226,14,283
2025-08-11,SKU-LIG-151,47,54,7,68
2025-08-11,SKU-LIG-152,534,0,28,445
2025-08-11,SKU-LIG-153,1764,0,28,441
2025-08-11,SKU-LIG-154,186,497,21,622
2025-08-11,SKU-LIG-155,89,239,28,299
2025-08-11,SKU-LIG-156,244,0,14,204
2025-08-11,SKU-LIG-157,514,0,28,429
2025-08-11,SKU-LIG-158,487,0,7,195
2025-08-11,SKU-LIG-159,113,129,7,162
2025-08-11,SKU-LIG-160,415,475,21,594
2025-08-11,SKU-SMA-161,1152,0,21,288
2025-08-11,SKU-SMA-162,73,196,21,246
2025-08-11,SKU-SMA-163,30,80,7,100
2025-08-11,SKU-SMA-164,352,0,7,88
2025-08-11,SKU-SMA-165,96,257,21,322
2025-08-11,SKU-SMA-166,78,208,21,260
2025-08-11,SKU-SMA-167,65,175,21,219
2025-08-11,SKU-SMA-168,137,156,7,196
2025-08-11,SKU-SMA-169,113,129,7,162
2025-08-11,SKU-SMA-170,281,321,14,402
2025-08-11,SKU-SMA-171,1632,0,21,653
2025-08-11,SKU-SMA-172,682,0,14,273
2025-08-11,SKU-SMA-173,169,0,7,141
2025-08-11,SKU-SMA-174,855,0,21,342
2025-08-11,SKU-SMA-175,1564,0,21,391
2025-08-11,SKU-SMA-176,65,173,14,217
2025-08-11,SKU-SMA-177,1844,0,21,461
2025-08-11,SKU-SMA-178,1365,0,28,546
2025-08-11,SKU-SMA-179,1225,0,21,490
2025-08-11,SKU-SMA-180,254,679,28,849
2025-08-11,SKU-SMA-181,930,0,14,372
2025-08-11,SKU-SMA-182,98,262,14,328
2025-08-11,SKU-SMA-183,536,0,14,134
2025-08-11,SKU-SMA-184,121,324,28,405
2025-08-11,SKU-SMA-185,633,0,21,528
2025-08-11,SKU-SMA-186,124,332,14,415
2025-08-11,SKU-SMA-187,338,387,21,484
2025-08-11,SKU-SMA-188,39,105,14,132
2025-08-11,SKU-SMA-189,267,305,14,382
2025-08-11,SKU-SMA-190,240,642,28,803
2025-08-11,SKU-SMA-191,95,255,14,319
2025-08-11,SKU-SMA-192,534,611,28,764
2025-08-11,SKU-SMA-193,230,0,7,92
2025-08-11,SKU-SMA-194,375,0,7,150
2025-08-11,SKU-SMA-195,164,0,7,137
2025-08-11,SKU-SMA-196,98,263,21,329
2025-08-11,SKU-SMA-197,322,368,14,460
2025-08-11,SKU-SMA-198,652,0,28,544
2025-08-11,SKU-SMA-199,59,159,7,199
2025-08-11,SKU-SMA-200,203,541,21,677
2025-08-18,SKU-BED-001,2247,0,28,899
2025-08-18,SKU-BED-002,732,0,7,183
2025-08-18,SKU-BED-003,967,0,14,387
2025-08-18,SKU-BED-004,905,0,28,362
2025-08-18,SKU-BED-005,575,0,14,230
2025-08-18,SKU-BED-006,1200,0,21,480
2025-08-18,SKU-BED-007,876,0,7,219
2025-08-18,SKU-BED-008,47,127,7,159
2025-08-18,SKU-BED-009,193,516,21,646
2025-08-18,SKU-BED-010,113,302,21,378
2025-08-18,SKU-BED-011,265,0,7,221
2025-08-18,SKU-BED-012,1152,0,21,288
2025-08-18,SKU-BED-013,194,0,7,162
2025-08-18,SKU-BED-014,505,0,7,202
2025-08-18,SKU-BED-015,777,0,21,311
2025-08-18,SKU-BED-016,720,0,7,180
2025-08-18,SKU-BED-017,272,0,14,227
2025-08-18,SKU-BED-018,248,284,14,355
2025-08-18,SKU-BED-019,277,316,14,396
2025-08-18,SKU-BED-020,137,156,7,196
2025-08-18,SKU-BED-021,221,252,14,316
2025-08-18,SKU-BED-022,522,0,21,209
2025-08-18,SKU-BED-023,366,0,14,305
2025-08-18,SKU-BED-024,435,0,7,174
2025-08-18,SKU-BED-025,185,0,7,74
2025-08-18,SKU-BED-026,411,0,14,343
2025-08-18,SKU-BED-027,182,208,28,260
2025-08-18,SKU-BED-028,640,0,28,534
2025-08-18,SKU-BED-029,1160,0,14,290
2025-08-18,SKU-BED-030,1357,0,28,543
2025-08-18,SKU-BED-031,1484,0,21,371
2025-08-18,SKU-BED-032,1062,0,14,425
2025-08-18,SKU-BED-033,504,0,21,420
2025-08-18,SKU-BED-034,53,141,14,177
2025-08-18,SKU-BED-035,27,73,7,92
2025-08-18,SKU-BED-036,180,0,7,150
2025-08-18,SKU-BED-037,1376,0,14,344
2025-08-18,SKU-BED-038,232,265,14,332
2025-08-18,SKU-BED-039,2608,0,21,652
2025-08-18,SKU-BED-040,1930,0,28,772
2025-08-18,SKU-FUR-041,564,0,7,141
2025-08-18,SKU-FUR-042,140,160,7,201
2025-08-18,SKU-FUR-043,48,129,7,162
2025-08-18,SKU-FUR-044,35,93,7,117
2025-08-18,SKU-FUR-045,499,0,28,416
2025-08-18,SKU-FUR-046,880,0,7,220
2025-08-18,SKU-FUR-047,262,0,14,219
2025-08-18,SKU-FUR-048,1108,0,14,277
2025-08-18,SKU-FUR-049,529,604,28,756
2025-08-18,SKU-FUR-050,792,0,14,317
2025-08-18,SKU-FUR-051,2804,0,28,701
2025-08-18,SKU-FUR-052,1195,0,28,478
2025-08-18,SKU-FUR-053,1460,0,28,584
2025-08-18,SKU-FUR-054,164,188,14,235
2025-08-18,SKU-FUR-055,130,347,21,434
2025-08-18,SKU-FUR-056,171,196,14,245
2025-08-18,SKU-FUR-057,848,0,14,212
2025-08-18,SKU-FUR-058,262,0,14,219
2025-08-18,SKU-FUR-059,342,391,21,489
2025-08-18,SKU-FUR-060,590,674,28,843
2025-08-18,SKU-FUR-061,187,0,7,156
2025-08-18,SKU-FUR-062,179,479,28,599
2025-08-18,SKU-FUR-063,1140,0,21,285
2025-08-18,SKU-FUR-064,1240,0,21,310
2025-08-18,SKU-FUR-065,471,0,21,393
2025-08-18,SKU-FUR-066,390,0,7,156
2025-08-18,SKU-FUR-067,824,0,14,206
2025-08-18,SKU-FUR-068,1427,0,28,571
2025-08-18,SKU-FUR-069,127,145,7,182
2025-08-18,SKU-FUR-070,289,331,21,414
2025-08-18,SKU-FUR-071,78,210,28,263
2025-08-18,SKU-FUR-072,314,359,28,449
2025-08-18,SKU-FUR-073,627,0,28,523
2025-08-18,SKU-FUR-074,248,0,14,207
2025-08-18,SKU-FUR-075,52,139,7,174
2025-08-18,SKU-FUR-076,310,0,7,124
2025-08-18,SKU-FUR-077,387,0,7,155
2025-08-18,SKU-FUR-078,289,0,14,241
2025-08-18,SKU-FUR-079,276,736,28,921
2025-08-18,SKU-FUR-080,186,496,28,621
2025-08-18,SKU-DEC-081,1952,0,28,488
2025-08-18,SKU-DEC-082,166,0,7,139
2025-08-18,SKU-DEC-083,160,183,14,229
2025-08-18,SKU-DEC-084,60,162,14,203
2025-08-18,SKU-DEC-085,386,441,21,552
2025-08-18,SKU-DEC-086,243,278,21,348
2025-08-18,SKU-DEC-087,525,600,28,751
2025-08-18,SKU-DEC-088,467,534,21,668
2025-08-18,SKU-DEC-089,1340,0,21,536
2025-08-18,SKU-DEC-090,228,0,14,190
2025-08-18,SKU-DEC-091,2244,0,21,561
2025-08-18,SKU-DEC-092,1312,0,21,328
2025-08-18,SKU-DEC-093,1296,0,14,324
2025-08-18,SKU-DEC-094,760,0,7,190
2025-08-18,SKU-DEC-095,228,260,14,326
2025-08-18,SKU-DEC-096,1092,0,28,910
2025-08-18,SKU-DEC-097,486,0,14,405
2025-08-18,SKU-DEC-098,135,360,28,451
2025-08-18,SKU-DEC-099,86,98,7,123
2025-08-18,SKU-DEC-100,136,364,28,455
2025-08-18,SKU-DEC-101,126,144,7,181
2025-08-18,SKU-DEC-102,25,67,7,84
2025-08-18,SKU-DEC-103,63,168,21,211
2025-08-18,SKU-DEC-104,43,115,14,144
2025-08-18,SKU-DEC-105,268,0,14,224
2025-08-18,SKU-DEC-106,66,176,7,221
2025-08-18,SKU-DEC-107,850,0,14,340
2025-08-18,SKU-DEC-108,945,0,14,378
2025-08-18,SKU-DEC-109,24,64,7,80
2025-08-18,SKU-DEC-110,156,0,14,130
2025-08-18,SKU-DEC-111,132,0,7,110
2025-08-18,SKU-DEC-112,401,458,28,573
2025-08-18,SKU-DEC-113,432,0,21,360
2025-08-18,SKU-DEC-114,1800,0,14,450
2025-08-18,SKU-DEC-115,840,0,14,210
2025-08-18,SKU-DEC-116,2077,0,28,831
2025-08-18,SKU-DEC-117,24,65,7,82
2025-08-18,SKU-DEC-118,265,0,21,221
2025-08-18,SKU-DEC-119,174,465,28,582
2025-08-18,SKU-DEC-120,111,127,7,159
2025-08-18,SKU-LIG-121,213,0,7,178
2025-08-18,SKU-LIG-122,123,140,14,176
2025-08-18,SKU-LIG-123,716,0,21,597
2025-08-18,SKU-LIG-124,266,0,7,222
2025-08-18,SKU-LIG-125,23,61,7,77
2025-08-18,SKU-LIG-126,219,251,21,314
2025-08-18,SKU-LIG-127,752,0,28,627
2025-08-18,SKU-LIG-128,637,0,28,531
2025-08-18,SKU-LIG-129,1956,0,21,489
2025-08-18,SKU-LIG-130,199,0,7,166
2025-08-18,SKU-LIG-131,231,0,7,193
2025-08-18,SKU-LIG-132,1012,0,14,253
2025-08-18,SKU-LIG-133,452,516,21,646
2025-08-18,SKU-LIG-134,101,270,21,338
2025-08-18,SKU-LIG-135,1292,0,14,323
2025-08-18,SKU-LIG-136,1012,0,21,405
2025-08-18,SKU-LIG-137,332,380,21,475
2025-08-18,SKU-LIG-138,87,233,28,292
2025-08-18,SKU-LIG-139,470,537,21,672
2025-08-18,SKU-LIG-140,795,0,28,318
2025-08-18,SKU-LIG-141,458,0,14,382
2025-08-18,SKU-LIG-142,352,403,21,504
2025-08-18,SKU-LIG-143,128,0,7,107
2025-08-18,SKU-LIG-144,382,0,14,153
2025-08-18,SKU-LIG-145,289,330,28,413
2025-08-18,SKU-LIG-146,326,373,21,467
2025-08-18,SKU-LIG-147,107,285,28,357
2025-08-18,SKU-LIG-148,368,420,28,526
2025-08-18,SKU-LIG-149,428,0,14,357
2025-08-18,SKU-LIG-150,42,112,7,141
2025-08-18,SKU-LIG-151,170,0,7,68
2025-08-18,SKU-LIG-152,77,88,7,111
2025-08-18,SKU-LIG-153,66,176,14,220
2025-08-18,SKU-LIG-154,496,0,14,414
2025-08-18,SKU-LIG-155,372,0,14,149
2025-08-18,SKU-LIG-156,30,81,7,102
2025-08-18,SKU-LIG-157,225,257,21,322
2025-08-18,SKU-LIG-158,117,312,14,391
2025-08-18,SKU-LIG-159,97,259,14,324
2025-08-18,SKU-LIG-160,138,158,7,198
2025-08-18,SKU-SMA-161,268,307,28,384
2025-08-18,SKU-SMA-162,328,0,7,82
2025-08-18,SKU-SMA-163,140,160,14,201
2025-08-18,SKU-SMA-164,660,0,21,264
2025-08-18,SKU-SMA-165,258,0,14,215
2025-08-18,SKU-SMA-166,416,0,28,347
2025-08-18,SKU-SMA-167,87,0,7,73
2025-08-18,SKU-SMA-168,137,156,7,196
2025-08-18,SKU-SMA-169,1300,0,14,325
2025-08-18,SKU-SMA-170,966,0,28,805
2025-08-18,SKU-SMA-171,151,173,7,217
2025-08-18,SKU-SMA-172,340,0,7,136
2025-08-18,SKU-SMA-173,1700,0,21,425
2025-08-18,SKU-SMA-174,855,0,21,342
2025-08-18,SKU-SMA-175,313,0,14,261
2025-08-18,SKU-SMA-176,1736,0,28,434
2025-08-18,SKU-SMA-177,214,245,14,307
2025-08-18,SKU-SMA-178,163,0,7,136
2025-08-18,SKU-SMA-179,48,130,7,163
2025-08-18,SKU-SMA-180,764,0,21,637
2025-08-18,SKU-SMA-181,465,0,7,186
2025-08-18,SKU-SMA-182,49,131,7,164
2025-08-18,SKU-SMA-183,322,0,28,269
2025-08-18,SKU-SMA-184,1216,0,21,304
2025-08-18,SKU-SMA-185,2820,0,28,705
2025-08-18,SKU-SMA-186,249,664,28,830
2025-08-18,SKU-SMA-187,193,0,7,161
2025-08-18,SKU-SMA-188,46,52,7,66
2025-08-18,SKU-SMA-189,1912,0,28,765
2025-08-18,SKU-SMA-190,481,0,14,401
2025-08-18,SKU-SMA-191,397,0,7,159
2025-08-18,SKU-SMA-192,229,611,28,764
2025-08-18,SKU-SMA-193,692,0,21,277
2025-08-18,SKU-SMA-194,420,480,28,600
2025-08-18,SKU-SMA-195,41,109,7,137
2025-08-18,SKU-SMA-196,822,0,21,329
2025-08-18,SKU-SMA-197,276,736,28,921
2025-08-18,SKU-SMA-198,190,217,14,272
2025-08-18,SKU-SMA-199,796,0,7,199
2025-08-18,SKU-SMA-200,315,360,14,451
2025-08-25,SKU-BED-001,808,0,21,674
2025-08-25,SKU-BED-002,880,0,28,734
2025-08-25,SKU-BED-003,232,619,28,774
2025-08-25,SKU-BED-004,325,0,21,271
2025-08-25,SKU-BED-005,241,276,21,345
2025-08-25,SKU-BED-006,192,512,28,640
2025-08-25,SKU-BED-007,876,0,7,219
2025-08-25,SKU-BED-008,111,127,7,159
2025-08-25,SKU-BED-009,860,0,7,215
2025-08-25,SKU-BED-010,352,403,28,504
2025-08-25,SKU-BED-011,1768,0,14,442
2025-08-25,SKU-BED-012,462,0,28,385
2025-08-25,SKU-BED-013,113,129,7,162
2025-08-25,SKU-BED-014,2428,0,21,607
2025-08-25,SKU-BED-015,93,248,21,311
2025-08-25,SKU-BED-016,216,0,7,180
2025-08-25,SKU-BED-017,1360,0,21,340
2025-08-25,SKU-BED-018,53,141,7,177
2025-08-25,SKU-BED-019,277,316,14,396
2025-08-25,SKU-BED-020,2360,0,21,590
2025-08-25,SKU-BED-021,221,252,14,316
2025-08-25,SKU-BED-022,195,223,28,279
2025-08-25,SKU-BED-023,1828,0,21,457
2025-08-25,SKU-BED-024,1305,0,21,522
2025-08-25,SKU-BED-025,104,119,14,149
2025-08-25,SKU-BED-026,427,0,7,171
2025-08-25,SKU-BED-027,136,156,21,195
2025-08-25,SKU-BED-028,160,427,28,534
2025-08-25,SKU-BED-029,362,0,7,145
2025-08-25,SKU-BED-030,122,325,21,407
2025-08-25,SKU-BED-031,617,0,14,247
2025-08-25,SKU-BED-032,2127,0,28,851
2025-08-25,SKU-BED-033,560,0,7,140
2025-08-25,SKU-BED-034,26,70,7,88
2025-08-25,SKU-BED-035,129,148,14,185
2025-08-25,SKU-BED-036,315,360,21,451
2025-08-25,SKU-BED-037,51,137,7,172
2025-08-25,SKU-BED-038,798,0,28,665
2025-08-25,SKU-BED-039,2172,0,28,869
2025-08-25,SKU-BED-040,2316,0,21,579
2025-08-25,SKU-FUR-041,169,0,7,141
2025-08-25,SKU-FUR-042,1512,0,21,605
2025-08-25,SKU-FUR-043,390,0,14,325
2025-08-25,SKU-FUR-044,1170,0,28,468
2025-08-25,SKU-FUR-045,832,0,14,208
2025-08-25,SKU-FUR-046,1650,0,21,660
2025-08-25,SKU-FUR-047,1756,0,28,439
2025-08-25,SKU-FUR-048,193,221,14,277
2025-08-25,SKU-FUR-049,529,604,28,756
2025-08-25,SKU-FUR-050,760,0,28,634
2025-08-25,SKU-FUR-051,367,420,21,525
2025-08-25,SKU-FUR-052,297,0,7,119
2025-08-25,SKU-FUR-053,365,0,7,146
2025-08-25,SKU-FUR-054,292,0,7,117
2025-08-25,SKU-FUR-055,172,0,7,144
2025-08-25,SKU-FUR-056,305,0,7,122
2025-08-25,SKU-FUR-057,31,84,7,106
2025-08-25,SKU-FUR-058,98,263,21,329
2025-08-25,SKU-FUR-059,195,0,7,163
2025-08-25,SKU-FUR-060,63,168,7,210
2025-08-25,SKU-FUR-061,140,375,21,469
2025-08-25,SKU-FUR-062,718,0,28,599
2025-08-25,SKU-FUR-063,1140,0,21,285
2025-08-25,SKU-FUR-064,257,0,7,103
2025-08-25,SKU-FUR-065,117,314,21,393
2025-08-25,SKU-FUR-066,390,0,7,156
2025-08-25,SKU-FUR-067,495,0,28,413
2025-08-25,SKU-FUR-068,299,342,21,428
2025-08-25,SKU-FUR-069,2920,0,28,730
2025-08-25,SKU-FUR-070,1035,0,21,414
2025-08-25,SKU-FUR-071,657,0,28,263
2025-08-25,SKU-FUR-072,448,0,7,112
2025-08-25,SKU-FUR-073,520,0,7,130
2025-08-25,SKU-FUR-074,517,0,14,207
2025-08-25,SKU-FUR-075,872,0,14,349
2025-08-25,SKU-FUR-076,349,399,28,499
2025-08-25,SKU-FUR-077,326,373,21,467
2025-08-25,SKU-FUR-078,1932,0,28,483
2025-08-25,SKU-FUR-079,644,736,28,921
2025-08-25,SKU-FUR-080,620,0,7,155
2025-08-25,SKU-DEC-081,36,97,7,122
2025-08-25,SKU-DEC-082,347,0,7,139
2025-08-25,SKU-DEC-083,549,0,28,458
2025-08-25,SKU-DEC-084,812,0,14,203
2025-08-25,SKU-DEC-085,257,294,14,368
2025-08-25,SKU-DEC-086,162,185,14,232
2025-08-25,SKU-DEC-087,1407,0,21,563
2025-08-25,SKU-DEC-088,200,534,21,668
2025-08-25,SKU-DEC-089,2144,0,21,536
2025-08-25,SKU-DEC-090,133,152,14,190
2025-08-25,SKU-DEC-091,130,149,7,187
2025-08-25,SKU-DEC-092,98,262,21,328
2025-08-25,SKU-DEC-093,583,0,21,486
2025-08-25,SKU-DEC-094,171,457,21,572
2025-08-25,SKU-DEC-095,457,522,28,653
2025-08-25,SKU-DEC-096,819,0,21,683
2025-08-25,SKU-DEC-097,60,161,7,202
2025-08-25,SKU-DEC-098,67,180,14,225
2025-08-25,SKU-DEC-099,148,395,28,494
2025-08-25,SKU-DEC-100,1364,0,21,341
2025-08-25,SKU-DEC-101,435,0,14,363
2025-08-25,SKU-DEC-102,201,0,14,168
2025-08-25,SKU-DEC-103,84,0,7,70
2025-08-25,SKU-DEC-104,180,0,7,72
2025-08-25,SKU-DEC-105,403,0,21,336
2025-08-25,SKU-DEC-106,154,176,7,221
2025-08-25,SKU-DEC-107,204,0,7,170
2025-08-25,SKU-DEC-108,170,454,21,568
2025-08-25,SKU-DEC-109,640,0,14,160
2025-08-25,SKU-DEC-110,780,0,21,195
2025-08-25,SKU-DEC-111,66,176,14,221
2025-08-25,SKU-DEC-112,687,0,28,573
2025-08-25,SKU-DEC-113,1200,0,28,480
2025-08-25,SKU-DEC-114,2700,0,21,675
2025-08-25,SKU-DEC-115,262,0,7,105
2025-08-25,SKU-DEC-116,124,332,14,415
2025-08-25,SKU-DEC-117,410,0,14,164
2025-08-25,SKU-DEC-118,102,117,14,147
2025-08-25,SKU-DEC-119,203,232,14,291
2025-08-25,SKU-DEC-120,223,255,14,319
2025-08-25,SKU-LIG-121,427,0,14,356
2025-08-25,SKU-LIG-122,26,70,7,88
2025-08-25,SKU-LIG-123,417,477,21,597
2025-08-25,SKU-LIG-124,66,177,7,222
2025-08-25,SKU-LIG-125,23,61,7,77
2025-08-25,SKU-LIG-126,416,0,7,104
2025-08-25,SKU-LIG-127,375,0,14,313
2025-08-25,SKU-LIG-128,119,318,21,398
2025-08-25,SKU-LIG-129,146,391,21,489
2025-08-25,SKU-LIG-130,2668,0,28,667
2025-08-25,SKU-LIG-131,463,0,14,386
2025-08-25,SKU-LIG-132,151,0,7,126
2025-08-25,SKU-LIG-133,517,0,14,431
2025-08-25,SKU-LIG-134,900,0,14,225
2025-08-25,SKU-LIG-135,582,0,21,485
2025-08-25,SKU-LIG-136,162,432,28,540
2025-08-25,SKU-LIG-137,380,0,14,317
2025-08-25,SKU-LIG-138,350,0,28,292
2025-08-25,SKU-LIG-139,1680,0,21,672
2025-08-25,SKU-LIG-140,397,0,14,159
2025-08-25,SKU-LIG-141,133,152,7,191
2025-08-25,SKU-LIG-142,403,0,14,336
2025-08-25,SKU-LIG-143,1716,0,28,429
2025-08-25,SKU-LIG-144,107,122,14,153
2025-08-25,SKU-LIG-145,247,0,14,206
2025-08-25,SKU-LIG-146,326,373,21,467
2025-08-25,SKU-LIG-147,80,213,21,267
2025-08-25,SKU-LIG-148,275,315,21,394
2025-08-25,SKU-LIG-149,428,0,14,357
2025-08-25,SKU-LIG-150,297,340,21,425
2025-08-25,SKU-LIG-151,163,0,14,136
2025-08-25,SKU-LIG-152,277,0,7,111
2025-08-25,SKU-LIG-153,1324,0,21,331
2025-08-25,SKU-LIG-154,746,0,21,622
2025-08-25,SKU-LIG-155,22,59,7,74
2025-08-25,SKU-LIG-156,510,0,14,204
2025-08-25,SKU-LIG-157,267,0,7,107
2025-08-25,SKU-LIG-158,58,156,7,195
2025-08-25,SKU-LIG-159,1296,0,14,324
2025-08-25,SKU-LIG-160,1980,0,28,792
2025-08-25,SKU-SMA-161,1152,0,21,288
2025-08-25,SKU-SMA-162,205,0,7,82
2025-08-25,SKU-SMA-163,282,322,28,403
2025-08-25,SKU-SMA-164,105,281,28,352
2025-08-25,SKU-SMA-165,428,0,7,107
2025-08-25,SKU-SMA-166,182,208,21,260
2025-08-25,SKU-SMA-167,102,116,14,146
2025-08-25,SKU-SMA-168,980,0,14,392
2025-08-25,SKU-SMA-169,405,0,7,162
2025-08-25,SKU-SMA-170,563,644,28,805
2025-08-25,SKU-SMA-171,1045,0,28,871
2025-08-25,SKU-SMA-172,340,0,7,136
2025-08-25,SKU-SMA-173,169,452,28,566
2025-08-25,SKU-SMA-174,1368,0,21,342
2025-08-25,SKU-SMA-175,78,208,14,261
2025-08-25,SKU-SMA-176,542,0,14,217
2025-08-25,SKU-SMA-177,1535,0,28,614
2025-08-25,SKU-SMA-178,191,218,14,273
2025-08-25,SKU-SMA-179,815,0,14,326
2025-08-25,SKU-SMA-180,764,0,21,637
2025-08-25,SKU-SMA-181,1488,0,14,372
2025-08-25,SKU-SMA-182,345,394,21,493
2025-08-25,SKU-SMA-183,160,0,14,134
2025-08-25,SKU-SMA-184,30,80,7,101
2025-08-25,SKU-SMA-185,633,0,21,528
2025-08-25,SKU-SMA-186,435,497,21,622
2025-08-25,SKU-SMA-187,387,0,14,323
2025-08-25,SKU-SMA-188,158,0,14,132
2025-08-25,SKU-SMA-189,229,612,28,765
2025-08-25,SKU-SMA-190,2408,0,21,602
2025-08-25,SKU-SMA-191,382,0,14,319
2025-08-25,SKU-SMA-192,401,458,21,573
2025-08-25,SKU-SMA-193,922,0,28,369
2025-08-25,SKU-SMA-194,105,120,7,150
2025-08-25,SKU-SMA-195,82,219,14,274
2025-08-25,SKU-SMA-196,436,0,7,109
2025-08-25,SKU-SMA-197,1840,0,14,460
2025-08-25,SKU-SMA-198,1360,0,28,544
2025-08-25,SKU-SMA-199,59,159,7,199
2025-08-25,SKU-SMA-200,632,722,28,903
2025-09-01,SKU-BED-001,471,539,21,674
2025-09-01,SKU-BED-002,457,0,7,183
2025-09-01,SKU-BED-003,174,464,21,581
2025-09-01,SKU-BED-004,677,0,21,271
2025-09-01,SKU-BED-005,241,276,21,345
2025-09-01,SKU-BED-006,1200,0,21,480
2025-09-01,SKU-BED-007,1752,0,14,438
2025-09-01,SKU-BED-008,397,0,7,159
2025-09-01,SKU-BED-009,603,689,28,862
2025-09-01,SKU-BED-010,176,201,14,252
2025-09-01,SKU-BED-011,265,0,7,221
2025-09-01,SKU-BED-012,720,0,21,288
2025-09-01,SKU-BED-013,1217,0,21,487
2025-09-01,SKU-BED-014,728,0,21,607
2025-09-01,SKU-BED-015,123,0,7,103
2025-09-01,SKU-BED-016,432,0,14,360
2025-09-01,SKU-BED-017,158,181,14,227
2025-09-01,SKU-BED-018,442,0,7,177
2025-09-01,SKU-BED-019,59,158,7,198
2025-09-01,SKU-BED-020,3148,0,28,787
2025-09-01,SKU-BED-021,94,252,14,316
2025-09-01,SKU-BED-022,195,223,28,279
2025-09-01,SKU-BED-023,106,121,7,152
2025-09-01,SKU-BED-024,417,0,14,348
2025-09-01,SKU-BED-025,156,178,21,223
2025-09-01,SKU-BED-026,1717,0,28,687
2025-09-01,SKU-BED-027,156,0,14,130
2025-09-01,SKU-BED-028,120,320,21,400
2025-09-01,SKU-BED-029,697,0,28,581
2025-09-01,SKU-BED-030,2172,0,28,543
2025-09-01,SKU-BED-031,594,0,28,495
2025-09-01,SKU-BED-032,2552,0,21,638
2025-09-01,SKU-BED-033,98,112,7,140
2025-09-01,SKU-BED-034,79,212,21,266
2025-09-01,SKU-BED-035,444,0,28,370
2025-09-01,SKU-BED-036,315,360,21,451
2025-09-01,SKU-BED-037,2064,0,21,516
2025-09-01,SKU-BED-038,398,0,14,332
2025-09-01,SKU-BED-039,520,0,14,434
2025-09-01,SKU-BED-040,965,0,14,386
2025-09-01,SKU-FUR-041,338,0,14,282
2025-09-01,SKU-FUR-042,726,0,21,605
2025-09-01,SKU-FUR-043,146,389,21,487
2025-09-01,SKU-FUR-044,1404,0,21,351
2025-09-01,SKU-FUR-045,72,83,7,104
2025-09-01,SKU-FUR-046,528,0,14,440
2025-09-01,SKU-FUR-047,262,0,14,219
2025-09-01,SKU-FUR-048,165,0,7,138
2025-09-01,SKU-FUR-049,226,0,7,189
2025-09-01,SKU-FUR-050,1585,0,28,634
2025-09-01,SKU-FUR-051,420,0,14,350
2025-09-01,SKU-FUR-052,476,0,7,119
2025-09-01,SKU-FUR-053,1168,0,14,292
2025-09-01,SKU-FUR-054,329,376,28,470
2025-09-01,SKU-FUR-055,1085,0,21,434
2025-09-01,SKU-FUR-056,146,0,7,122
2025-09-01,SKU-FUR-057,127,340,28,425
2025-09-01,SKU-FUR-058,272,0,7,109
2025-09-01,SKU-FUR-059,1304,0,14,326
2025-09-01,SKU-FUR-060,126,336,14,421
2025-09-01,SKU-FUR-061,390,0,7,156
2025-09-01,SKU-FUR-062,134,359,21,449
2025-09-01,SKU-FUR-063,85,228,21,285
2025-09-01,SKU-FUR-064,412,0,7,103
2025-09-01,SKU-FUR-065,524,0,7,131
2025-09-01,SKU-FUR-066,1170,0,21,468
2025-09-01,SKU-FUR-067,824,0,14,206
2025-09-01,SKU-FUR-068,99,113,7,142
2025-09-01,SKU-FUR-069,382,437,21,547
2025-09-01,SKU-FUR-070,289,331,21,414
2025-09-01,SKU-FUR-071,39,104,14,131
2025-09-01,SKU-FUR-072,1348,0,21,337
2025-09-01,SKU-FUR-073,980,0,21,392
2025-09-01,SKU-FUR-074,498,0,28,415
2025-09-01,SKU-FUR-075,366,418,21,523
2025-09-01,SKU-FUR-076,598,0,28,499
2025-09-01,SKU-FUR-077,46,124,7,155
2025-09-01,SKU-FUR-078,253,289,21,362
2025-09-01,SKU-FUR-079,69,184,7,230
2025-09-01,SKU-FUR-080,217,248,14,310
2025-09-01,SKU-DEC-081,976,0,14,244
2025-09-01,SKU-DEC-082,166,0,7,139
2025-09-01,SKU-DEC-083,137,366,28,458
2025-09-01,SKU-DEC-084,70,80,7,101
2025-09-01,SKU-DEC-085,128,147,7,184
2025-09-01,SKU-DEC-086,1160,0,28,464
2025-09-01,SKU-DEC-087,224,0,7,187
2025-09-01,SKU-DEC-088,133,356,14,445
2025-09-01,SKU-DEC-089,892,0,14,357
2025-09-01,SKU-DEC-090,28,76,7,95
2025-09-01,SKU-DEC-091,56,149,7,187
2025-09-01,SKU-DEC-092,65,174,14,218
2025-09-01,SKU-DEC-093,810,0,14,324
2025-09-01,SKU-DEC-094,475,0,7,190
2025-09-01,SKU-DEC-095,146,391,21,489
2025-09-01,SKU-DEC-096,272,0,7,227
2025-09-01,SKU-DEC-097,2027,0,28,811
2025-09-01,SKU-DEC-098,78,89,7,112
2025-09-01,SKU-DEC-099,617,0,14,247
2025-09-01,SKU-DEC-100,546,0,28,455
2025-09-01,SKU-DEC-101,381,436,21,545
2025-09-01,SKU-DEC-102,1008,0,21,252
2025-09-01,SKU-DEC-103,84,225,28,282
2025-09-01,SKU-DEC-104,50,57,7,72
2025-09-01,SKU-DEC-105,100,268,21,336
2025-09-01,SKU-DEC-106,154,176,7,221
2025-09-01,SKU-DEC-107,612,0,21,510
2025-09-01,SKU-DEC-108,472,0,7,189
2025-09-01,SKU-DEC-109,24,64,7,80
2025-09-01,SKU-DEC-110,162,0,7,65
2025-09-01,SKU-DEC-111,398,0,21,332
2025-09-01,SKU-DEC-112,129,344,21,430
2025-09-01,SKU-DEC-113,1920,0,28,480
2025-09-01,SKU-DEC-114,810,0,21,675
2025-09-01,SKU-DEC-115,379,0,21,316
2025-09-01,SKU-DEC-116,997,0,28,831
2025-09-01,SKU-DEC-117,656,0,14,164
2025-09-01,SKU-DEC-118,884,0,21,221
2025-09-01,SKU-DEC-119,1744,0,21,436
2025-09-01,SKU-DEC-120,1597,0,28,639
2025-09-01,SKU-LIG-121,890,0,14,356
2025-09-01,SKU-LIG-122,211,0,14,176
2025-09-01,SKU-LIG-123,497,0,7,199
2025-09-01,SKU-LIG-124,133,355,14,444
2025-09-01,SKU-LIG-125,924,0,21,231
2025-09-01,SKU-LIG-126,146,167,14,209
2025-09-01,SKU-LIG-127,187,0,7,156
2025-09-01,SKU-LIG-128,1592,0,21,398
2025-09-01,SKU-LIG-129,1630,0,28,652
2025-09-01,SKU-LIG-130,350,400,21,500
2025-09-01,SKU-LIG-131,2316,0,21,579
2025-09-01,SKU-LIG-132,456,0,21,380
2025-09-01,SKU-LIG-133,1034,0,28,862
2025-09-01,SKU-LIG-134,67,180,14,225
2025-09-01,SKU-LIG-135,807,0,14,323
2025-09-01,SKU-LIG-136,1350,0,28,540
2025-09-01,SKU-LIG-137,760,0,28,634
2025-09-01,SKU-LIG-138,102,116,14,146
2025-09-01,SKU-LIG-139,269,717,28,897
2025-09-01,SKU-LIG-140,94,0,7,79
2025-09-01,SKU-LIG-141,57,152,7,191
2025-09-01,SKU-LIG-142,100,268,14,336
2025-09-01,SKU-LIG-143,1716,0,28,429
2025-09-01,SKU-LIG-144,1224,0,28,306
2025-09-01,SKU-LIG-145,61,164,14,206
2025-09-01,SKU-LIG-146,93,248,14,311
2025-09-01,SKU-LIG-147,249,285,28,357
2025-09-01,SKU-LIG-148,327,0,7,131
2025-09-01,SKU-LIG-149,213,0,7,178
2025-09-01,SKU-LIG-150,297,340,21,425
2025-09-01,SKU-LIG-151,191,218,28,273
2025-09-01,SKU-LIG-152,66,177,14,222
2025-09-01,SKU-LIG-153,33,88,7,110
2025-09-01,SKU-LIG-154,1555,0,21,622
2025-09-01,SKU-LIG-155,747,0,28,299
2025-09-01,SKU-LIG-156,489,0,28,408
2025-09-01,SKU-LIG-157,514,0,28,429
2025-09-01,SKU-LIG-158,487,0,7,195
2025-09-01,SKU-LIG-159,226,259,14,324
2025-09-01,SKU-LIG-160,554,633,28,792
2025-09-01,SKU-SMA-161,384,0,7,96
2025-09-01,SKU-SMA-162,98,0,7,82
2025-09-01,SKU-SMA-163,60,160,14,201
2025-09-01,SKU-SMA-164,1408,0,28,352
2025-09-01,SKU-SMA-165,516,0,28,430
2025-09-01,SKU-SMA-166,416,0,28,347
2025-09-01,SKU-SMA-167,182,0,7,73
2025-09-01,SKU-SMA-168,940,0,28,784
2025-09-01,SKU-SMA-169,1220,0,21,488
2025-09-01,SKU-SMA-170,120,321,14,402
2025-09-01,SKU-SMA-171,304,348,14,435
2025-09-01,SKU-SMA-172,1367,0,28,547
2025-09-01,SKU-SMA-173,98,112,7,141
2025-09-01,SKU-SMA-174,285,0,7,114
2025-09-01,SKU-SMA-175,39,104,7,130
2025-09-01,SKU-SMA-176,97,260,21,326
2025-09-01,SKU-SMA-177,107,122,7,153
2025-09-01,SKU-SMA-178,286,327,21,409
2025-09-01,SKU-SMA-179,652,0,7,163
2025-09-01,SKU-SMA-180,530,0,7,212
2025-09-01,SKU-SMA-181,167,447,21,559
2025-09-01,SKU-SMA-182,1232,0,21,493
2025-09-01,SKU-SMA-183,20,53,7,67
2025-09-01,SKU-SMA-184,60,161,14,202
2025-09-01,SKU-SMA-185,123,140,7,176
2025-09-01,SKU-SMA-186,2488,0,21,622
2025-09-01,SKU-SMA-187,96,258,14,323
2025-09-01,SKU-SMA-188,92,105,14,132
2025-09-01,SKU-SMA-189,764,0,7,191
2025-09-01,SKU-SMA-190,3212,0,28,803
2025-09-01,SKU-SMA-191,2556,0,28,639
2025-09-01,SKU-SMA-192,458,0,14,382
2025-09-01,SKU-SMA-193,230,0,7,92
2025-09-01,SKU-SMA-194,1800,0,21,450
2025-09-01,SKU-SMA-195,342,0,7,137
2025-09-01,SKU-SMA-196,262,0,14,219
2025-09-01,SKU-SMA-197,322,368,14,460
2025-09-01,SKU-SMA-198,1088,0,14,272
2025-09-01,SKU-SMA-199,2396,0,21,599
2025-09-01,SKU-SMA-200,1804,0,14,451
2025-09-08,SKU-BED-001,2696,0,21,674
2025-09-08,SKU-BED-002,165,440,21,551
2025-09-08,SKU-BED-003,232,619,28,774
2025-09-08,SKU-BED-004,225,0,7,90
2025-09-08,SKU-BED-005,1844,0,28,461
2025-09-08,SKU-BED-006,144,384,21,480
2025-09-08,SKU-BED-007,131,350,14,438
2025-09-08,SKU-BED-008,382,0,14,319
2025-09-08,SKU-BED-009,775,0,21,646
2025-09-08,SKU-BED-010,37,100,7,126
2025-09-08,SKU-BED-011,132,353,14,442
2025-09-08,SKU-BED-012,115,0,7,96
2025-09-08,SKU-BED-013,340,389,21,487
2025-09-08,SKU-BED-014,3240,0,28,810
2025-09-08,SKU-BED-015,93,248,21,311
2025-09-08,SKU-BED-016,648,0,21,540
2025-09-08,SKU-BED-017,282,0,7,113
2025-09-08,SKU-BED-018,708,0,7,177
2025-09-08,SKU-BED-019,1584,0,14,396
2025-09-08,SKU-BED-020,137,156,7,196
2025-09-08,SKU-BED-021,221,252,14,316
2025-09-08,SKU-BED-022,334,0,28,279
2025-09-08,SKU-BED-023,380,0,7,152
2025-09-08,SKU-BED-024,835,0,28,696
2025-09-08,SKU-BED-025,66,178,21,223
2025-09-08,SKU-BED-026,119,136,7,171
2025-09-08,SKU-BED-027,520,0,14,130
2025-09-08,SKU-BED-028,640,0,28,534
2025-09-08,SKU-BED-029,725,0,14,290
2025-09-08,SKU-BED-030,284,325,21,407
2025-09-08,SKU-BED-031,594,0,28,495
2025-09-08,SKU-BED-032,1595,0,21,638
2025-09-08,SKU-BED-033,196,224,14,280
2025-09-08,SKU-BED-034,212,0,14,177
2025-09-08,SKU-BED-035,1108,0,21,277
2025-09-08,SKU-BED-036,600,0,7,150
2025-09-08,SKU-BED-037,206,0,7,172
2025-09-08,SKU-BED-038,232,265,14,332
2025-09-08,SKU-BED-039,260,695,28,869
2025-09-08,SKU-BED-040,1447,0,21,579
2025-09-08,SKU-FUR-041,676,0,28,564
2025-09-08,SKU-FUR-042,2015,0,28,806
2025-09-08,SKU-FUR-043,390,0,14,325
2025-09-08,SKU-FUR-044,421,0,21,351
2025-09-08,SKU-FUR-045,249,0,14,208
2025-09-08,SKU-FUR-046,66,176,7,220
2025-09-08,SKU-FUR-047,876,0,14,219
2025-09-08,SKU-FUR-048,291,332,21,416
2025-09-08,SKU-FUR-049,396,453,21,567
2025-09-08,SKU-FUR-050,571,0,21,476
2025-09-08,SKU-FUR-051,420,0,14,350
2025-09-08,SKU-FUR-052,573,0,28,478
2025-09-08,SKU-FUR-053,1095,0,21,438
2025-09-08,SKU-FUR-054,564,0,28,470
2025-09-08,SKU-FUR-055,1736,0,21,434
2025-09-08,SKU-FUR-056,588,0,28,490
2025-09-08,SKU-FUR-057,31,84,7,106
2025-09-08,SKU-FUR-058,307,351,28,439
2025-09-08,SKU-FUR-059,1222,0,21,489
2025-09-08,SKU-FUR-060,2528,0,21,632
2025-09-08,SKU-FUR-061,328,375,21,469
2025-09-08,SKU-FUR-062,538,0,21,449
2025-09-08,SKU-FUR-063,380,0,7,95
2025-09-08,SKU-FUR-064,124,331,28,414
2025-09-08,SKU-FUR-065,39,104,7,131
2025-09-08,SKU-FUR-066,109,124,7,156
2025-09-08,SKU-FUR-067,123,0,7,103
2025-09-08,SKU-FUR-068,85,228,14,285
2025-09-08,SKU-FUR-069,255,292,14,365
2025-09-08,SKU-FUR-070,82,220,14,276
2025-09-08,SKU-FUR-071,137,157,21,197
2025-09-08,SKU-FUR-072,280,0,7,112
2025-09-08,SKU-FUR-073,652,0,14,261
2025-09-08,SKU-FUR-074,1244,0,21,311
2025-09-08,SKU-FUR-075,1745,0,28,698
2025-09-08,SKU-FUR-076,935,0,21,374
2025-09-08,SKU-FUR-077,373,0,14,311
2025-09-08,SKU-FUR-078,300,0,7,120
2025-09-08,SKU-FUR-079,644,736,28,921
2025-09-08,SKU-FUR-080,186,0,7,155
2025-09-08,SKU-DEC-081,488,0,7,122
2025-09-08,SKU-DEC-082,389,444,28,556
2025-09-08,SKU-DEC-083,916,0,14,229
2025-09-08,SKU-DEC-084,213,244,21,305
2025-09-08,SKU-DEC-085,1472,0,14,368
2025-09-08,SKU-DEC-086,81,92,7,116
2025-09-08,SKU-DEC-087,394,450,21,563
2025-09-08,SKU-DEC-088,200,534,21,668
2025-09-08,SKU-DEC-089,249,285,14,357
2025-09-08,SKU-DEC-090,456,0,28,380
2025-09-08,SKU-DEC-091,467,0,7,187
2025-09-08,SKU-DEC-092,1748,0,28,437
2025-09-08,SKU-DEC-093,388,0,14,324
2025-09-08,SKU-DEC-094,1524,0,14,381
2025-09-08,SKU-DEC-095,228,260,14,326
2025-09-08,SKU-DEC-096,2275,0,28,910
2025-09-08,SKU-DEC-097,486,0,14,405
2025-09-08,SKU-DEC-098,270,0,14,225
2025-09-08,SKU-DEC-099,307,0,7,123
2025-09-08,SKU-DEC-100,135,0,7,113
2025-09-08,SKU-DEC-101,452,0,7,181
2025-09-08,SKU-DEC-102,404,0,28,337
2025-09-08,SKU-DEC-103,253,0,21,211
2025-09-08,SKU-DEC-104,259,0,21,216
2025-09-08,SKU-DEC-105,537,0,28,448
2025-09-08,SKU-DEC-106,265,0,7,221
2025-09-08,SKU-DEC-107,102,272,14,340
2025-09-08,SKU-DEC-108,1512,0,14,378
2025-09-08,SKU-DEC-109,400,0,14,160
2025-09-08,SKU-DEC-110,1040,0,28,260
2025-09-08,SKU-DEC-111,1328,0,21,332
2025-09-08,SKU-DEC-112,171,0,7,143
2025-09-08,SKU-DEC-113,1920,0,28,480
2025-09-08,SKU-DEC-114,270,0,7,225
2025-09-08,SKU-DEC-115,420,0,7,105
2025-09-08,SKU-DEC-116,436,498,21,623
2025-09-08,SKU-DEC-117,172,196,21,246
2025-09-08,SKU-DEC-118,182,0,7,73
2025-09-08,SKU-DEC-119,130,348,21,436
2025-09-08,SKU-DEC-120,95,255,14,319
2025-09-08,SKU-LIG-121,1782,0,28,713
2025-09-08,SKU-LIG-122,61,70,7,88
2025-09-08,SKU-LIG-123,238,0,7,199
2025-09-08,SKU-LIG-124,1667,0,21,667
2025-09-08,SKU-LIG-125,107,123,14,154
2025-09-08,SKU-LIG-126,501,0,28,418
2025-09-08,SKU-LIG-127,782,0,14,313
2025-09-08,SKU-LIG-128,1060,0,14,265
2025-09-08,SKU-LIG-129,586,0,21,489
2025-09-08,SKU-LIG-130,200,533,28,667
2025-09-08,SKU-LIG-131,1447,0,21,579
2025-09-08,SKU-LIG-132,88,100,7,126
2025-09-08,SKU-LIG-133,1077,0,14,431
2025-09-08,SKU-LIG-134,280,0,7,112
2025-09-08,SKU-LIG-135,145,388,21,485
2025-09-08,SKU-LIG-136,162,0,7,135
2025-09-08,SKU-LIG-137,221,253,14,317
2025-09-08,SKU-LIG-138,547,0,21,219
2025-09-08,SKU-LIG-139,627,717,28,897
2025-09-08,SKU-LIG-140,94,0,7,79
2025-09-08,SKU-LIG-141,171,458,21,573
2025-09-08,SKU-LIG-142,2016,0,21,504
2025-09-08,SKU-LIG-143,856,0,14,214
2025-09-08,SKU-LIG-144,190,0,7,76
2025-09-08,SKU-LIG-145,123,330,28,413
2025-09-08,SKU-LIG-146,186,497,28,622
2025-09-08,SKU-LIG-147,249,285,28,357
2025-09-08,SKU-LIG-148,157,420,28,526
2025-09-08,SKU-LIG-149,892,0,14,357
2025-09-08,SKU-LIG-150,98,112,7,141
2025-09-08,SKU-LIG-151,340,0,14,136
2025-09-08,SKU-LIG-152,888,0,14,222
2025-09-08,SKU-LIG-153,440,0,7,110
2025-09-08,SKU-LIG-154,2488,0,21,622
2025-09-08,SKU-LIG-155,104,119,14,149
2025-09-08,SKU-LIG-156,61,163,14,204
2025-09-08,SKU-LIG-157,149,171,14,214
2025-09-08,SKU-LIG-158,487,0,7,195
2025-09-08,SKU-LIG-159,340,388,21,486
2025-09-08,SKU-LIG-160,277,316,14,396
2025-09-08,SKU-SMA-161,230,0,14,192
2025-09-08,SKU-SMA-162,98,0,7,82
2025-09-08,SKU-SMA-163,502,0,14,201
2025-09-08,SKU-SMA-164,105,0,7,88
2025-09-08,SKU-SMA-165,805,0,21,322
2025-09-08,SKU-SMA-166,1388,0,28,347
2025-09-08,SKU-SMA-167,182,0,7,73
2025-09-08,SKU-SMA-168,137,156,7,196
2025-09-08,SKU-SMA-169,405,0,7,162
2025-09-08,SKU-SMA-170,1510,0,21,604
2025-09-08,SKU-SMA-171,1087,0,14,435
2025-09-08,SKU-SMA-172,340,0,7,136
2025-09-08,SKU-SMA-173,1062,0,21,425
2025-09-08,SKU-SMA-174,285,0,7,114
2025-09-08,SKU-SMA-175,469,0,21,391
2025-09-08,SKU-SMA-176,303,347,28,434
2025-09-08,SKU-SMA-177,184,491,28,614
2025-09-08,SKU-SMA-178,1636,0,21,409
2025-09-08,SKU-SMA-179,588,0,21,490
2025-09-08,SKU-SMA-180,1696,0,14,424
2025-09-08,SKU-SMA-181,55,148,7,186
2025-09-08,SKU-SMA-182,459,525,28,657
2025-09-08,SKU-SMA-183,80,215,28,269
2025-09-08,SKU-SMA-184,60,161,14,202
2025-09-08,SKU-SMA-185,493,564,28,705
2025-09-08,SKU-SMA-186,517,0,7,207
2025-09-08,SKU-SMA-187,402,0,7,161
2025-09-08,SKU-SMA-188,79,212,28,265
2025-09-08,SKU-SMA-189,764,0,7,191
2025-09-08,SKU-SMA-190,120,320,14,401
2025-09-08,SKU-SMA-191,335,383,21,479
2025-09-08,SKU-SMA-192,267,305,14,382
2025-09-08,SKU-SMA-193,220,0,14,184
2025-09-08,SKU-SMA-194,90,240,14,300
2025-09-08,SKU-SMA-195,658,0,28,549
2025-09-08,SKU-SMA-196,272,0,7,109
2025-09-08,SKU-SMA-197,207,552,21,691
2025-09-08,SKU-SMA-198,1360,0,28,544
2025-09-08,SKU-SMA-199,3196,0,28,799
2025-09-08,SKU-SMA-200,541,0,14,451
2025-09-15,SKU-BED-001,1078,0,28,899
2025-09-15,SKU-BED-002,661,0,21,551
2025-09-15,SKU-BED-003,1935,0,28,774
2025-09-15,SKU-BED-004,217,0,14,181
2025-09-15,SKU-BED-005,276,0,14,230
2025-09-15,SKU-BED-006,576,0,21,480
2025-09-15,SKU-BED-007,525,0,14,438
2025-09-15,SKU-BED-008,797,0,14,319
2025-09-15,SKU-BED-009,2155,0,28,862
2025-09-15,SKU-BED-010,1260,0,28,504
2025-09-15,SKU-BED-011,1768,0,14,442
2025-09-15,SKU-BED-012,134,153,14,192
2025-09-15,SKU-BED-013,146,389,21,487
2025-09-15,SKU-BED-014,2428,0,21,607
2025-09-15,SKU-BED-015,30,82,7,103
2025-09-15,SKU-BED-016,1350,0,21,540
2025-09-15,SKU-BED-017,452,0,7,113
2025-09-15,SKU-BED-018,1777,0,28,711
2025-09-15,SKU-BED-019,415,475,21,594
2025-09-15,SKU-BED-020,3148,0,28,787
2025-09-15,SKU-BED-021,1580,0,28,632
2025-09-15,SKU-BED-022,48,55,7,69
2025-09-15,SKU-BED-023,427,488,28,610
2025-09-15,SKU-BED-024,104,278,14,348
2025-09-15,SKU-BED-025,357,0,28,298
2025-09-15,SKU-BED-026,824,0,28,687
2025-09-15,SKU-BED-027,234,0,21,195
2025-09-15,SKU-BED-028,1600,0,21,400
2025-09-15,SKU-BED-029,87,232,14,290
2025-09-15,SKU-BED-030,162,434,28,543
2025-09-15,SKU-BED-031,148,396,28,495
2025-09-15,SKU-BED-032,1595,0,21,638
2025-09-15,SKU-BED-033,350,0,7,140
2025-09-15,SKU-BED-034,61,70,7,88
2025-09-15,SKU-BED-035,55,148,14,185
2025-09-15,SKU-BED-036,1204,0,14,301
2025-09-15,SKU-BED-037,51,137,7,172
2025-09-15,SKU-BED-038,199,0,7,166
2025-09-15,SKU-BED-039,520,0,14,434
2025-09-15,SKU-BED-040,115,308,14,386
2025-09-15,SKU-FUR-041,126,338,21,423
2025-09-15,SKU-FUR-042,726,0,21,605
2025-09-15,SKU-FUR-043,584,0,21,487
2025-09-15,SKU-FUR-044,292,0,7,117
2025-09-15,SKU-FUR-045,291,332,28,416
2025-09-15,SKU-FUR-046,308,352,14,440
2025-09-15,SKU-FUR-047,32,87,7,109
2025-09-15,SKU-FUR-048,387,443,28,554
2025-09-15,SKU-FUR-049,472,0,7,189
2025-09-15,SKU-FUR-050,110,126,7,158
2025-09-15,SKU-FUR-051,875,0,14,350
2025-09-15,SKU-FUR-052,107,286,21,358
2025-09-15,SKU-FUR-053,730,0,14,292
2025-09-15,SKU-FUR-054,140,0,7,117
2025-09-15,SKU-FUR-055,130,347,21,434
2025-09-15,SKU-FUR-056,612,0,14,245
2025-09-15,SKU-FUR-057,848,0,14,212
2025-09-15,SKU-FUR-058,876,0,14,219
2025-09-15,SKU-FUR-059,146,391,21,489
2025-09-15,SKU-FUR-060,505,0,14,421
2025-09-15,SKU-FUR-061,187,500,28,625
2025-09-15,SKU-FUR-062,1796,0,21,449
2025-09-15,SKU-FUR-063,266,304,28,380
2025-09-15,SKU-FUR-064,1240,0,21,310
2025-09-15,SKU-FUR-065,471,0,21,393
2025-09-15,SKU-FUR-066,218,249,14,312
2025-09-15,SKU-FUR-067,1032,0,28,413
2025-09-15,SKU-FUR-068,513,0,21,428
2025-09-15,SKU-FUR-069,728,0,7,182
2025-09-15,SKU-FUR-070,165,442,28,553
2025-09-15,SKU-FUR-071,162,0,7,65
2025-09-15,SKU-FUR-072,134,0,7,112
2025-09-15,SKU-FUR-073,156,0,7,130
2025-09-15,SKU-FUR-074,124,332,28,415
2025-09-15,SKU-FUR-075,2092,0,21,523
2025-09-15,SKU-FUR-076,74,199,14,249
2025-09-15,SKU-FUR-077,93,248,14,311
2025-09-15,SKU-FUR-078,289,0,14,241
2025-09-15,SKU-FUR-079,276,736,28,921
2025-09-15,SKU-FUR-080,434,496,28,621
2025-09-15,SKU-DEC-081,85,97,7,122
2025-09-15,SKU-DEC-082,125,333,21,417
2025-09-15,SKU-DEC-083,549,0,28,458
2025-09-15,SKU-DEC-084,91,244,21,305
2025-09-15,SKU-DEC-085,220,0,7,184
2025-09-15,SKU-DEC-086,464,0,7,116
2025-09-15,SKU-DEC-087,748,0,7,187
2025-09-15,SKU-DEC-088,1670,0,21,668
2025-09-15,SKU-DEC-089,249,285,14,357
2025-09-15,SKU-DEC-090,1140,0,21,285
2025-09-15,SKU-DEC-091,748,0,7,187
2025-09-15,SKU-DEC-092,1748,0,28,437
2025-09-15,SKU-DEC-093,340,388,21,486
2025-09-15,SKU-DEC-094,114,304,14,381
2025-09-15,SKU-DEC-095,457,522,28,653
2025-09-15,SKU-DEC-096,158,181,7,227
2025-09-15,SKU-DEC-097,60,161,7,202
2025-09-15,SKU-DEC-098,33,89,7,112
2025-09-15,SKU-DEC-099,444,0,21,370
2025-09-15,SKU-DEC-100,282,0,7,113
2025-09-15,SKU-DEC-101,163,436,21,545
2025-09-15,SKU-DEC-102,672,0,14,168
2025-09-15,SKU-DEC-103,98,112,14,141
2025-09-15,SKU-DEC-104,864,0,21,216
2025-09-15,SKU-DEC-105,134,358,28,448
2025-09-15,SKU-DEC-106,1772,0,14,443
2025-09-15,SKU-DEC-107,1360,0,14,340
2025-09-15,SKU-DEC-108,56,151,7,189
2025-09-15,SKU-DEC-109,200,0,7,80
2025-09-15,SKU-DEC-110,312,0,28,260
2025-09-15,SKU-DEC-111,310,354,28,443
2025-09-15,SKU-DEC-112,343,0,14,286
2025-09-15,SKU-DEC-113,1440,0,21,360
2025-09-15,SKU-DEC-114,270,0,7,225
2025-09-15,SKU-DEC-115,1684,0,28,421
2025-09-15,SKU-DEC-116,997,0,28,831
2025-09-15,SKU-DEC-117,295,0,21,246
2025-09-15,SKU-DEC-118,66,176,21,221
2025-09-15,SKU-DEC-119,174,0,7,145
2025-09-15,SKU-DEC-120,191,511,28,639
2025-09-15,SKU-LIG-121,53,142,7,178
2025-09-15,SKU-LIG-122,105,282,28,353
2025-09-15,SKU-LIG-123,1592,0,14,398
2025-09-15,SKU-LIG-124,888,0,7,222
2025-09-15,SKU-LIG-125,92,247,28,309
2025-09-15,SKU-LIG-126,72,83,7,104
2025-09-15,SKU-LIG-127,219,250,14,313
2025-09-15,SKU-LIG-128,330,0,7,132
2025-09-15,SKU-LIG-129,228,260,14,326
2025-09-15,SKU-LIG-130,664,0,7,166
2025-09-15,SKU-LIG-131,694,0,21,579
2025-09-15,SKU-LIG-132,1520,0,21,380
2025-09-15,SKU-LIG-133,775,0,21,646
2025-09-15,SKU-LIG-134,280,0,7,112
2025-09-15,SKU-LIG-135,96,258,14,323
2025-09-15,SKU-LIG-136,81,216,14,270
2025-09-15,SKU-LIG-137,142,380,21,475
2025-09-15,SKU-LIG-138,584,0,14,146
2025-09-15,SKU-LIG-139,313,358,14,448
2025-09-15,SKU-LIG-140,111,127,14,159
2025-09-15,SKU-LIG-141,534,611,28,764
2025-09-15,SKU-LIG-142,201,0,7,168
2025-09-15,SKU-LIG-143,514,0,28,429
2025-09-15,SKU-LIG-144,765,0,28,306
2025-09-15,SKU-LIG-145,257,0,7,103
2025-09-15,SKU-LIG-146,217,248,14,311
2025-09-15,SKU-LIG-147,249,285,28,357
2025-09-15,SKU-LIG-148,91,104,7,131
2025-09-15,SKU-LIG-149,1428,0,14,357
2025-09-15,SKU-LIG-150,42,112,7,141
2025-09-15,SKU-LIG-151,20,54,7,68
2025-09-15,SKU-LIG-152,233,267,21,334
2025-09-15,SKU-LIG-153,231,264,21,331
2025-09-15,SKU-LIG-154,248,663,28,829
2025-09-15,SKU-LIG-155,89,239,28,299
2025-09-15,SKU-LIG-156,244,0,14,204
2025-09-15,SKU-LIG-157,256,0,14,214
2025-09-15,SKU-LIG-158,234,0,7,195
2025-09-15,SKU-LIG-159,1620,0,28,648
2025-09-15,SKU-LIG-160,59,158,7,198
2025-09-15,SKU-SMA-161,240,0,7,96
2025-09-15,SKU-SMA-162,822,0,28,329
2025-09-15,SKU-SMA-163,250,0,7,100
2025-09-15,SKU-SMA-164,52,140,14,176
2025-09-15,SKU-SMA-165,386,0,21,322
2025-09-15,SKU-SMA-166,25,68,7,86
2025-09-15,SKU-SMA-167,292,0,7,73
2025-09-15,SKU-SMA-168,1470,0,21,588
2025-09-15,SKU-SMA-169,390,0,14,325
2025-09-15,SKU-SMA-170,482,0,14,402
2025-09-15,SKU-SMA-171,260,0,7,217
2025-09-15,SKU-SMA-172,1092,0,14,273
2025-09-15,SKU-SMA-173,339,0,14,283
2025-09-15,SKU-SMA-174,239,273,21,342
2025-09-15,SKU-SMA-175,2088,0,28,522
2025-09-15,SKU-SMA-176,1085,0,28,434
2025-09-15,SKU-SMA-177,368,0,14,307
2025-09-15,SKU-SMA-178,682,0,14,273
2025-09-15,SKU-SMA-179,1960,0,21,490
2025-09-15,SKU-SMA-180,1696,0,14,424
2025-09-15,SKU-SMA-181,744,0,7,186
2025-09-15,SKU-SMA-182,393,0,14,328
2025-09-15,SKU-SMA-183,672,0,28,269
2025-09-15,SKU-SMA-184,252,0,7,101
2025-09-15,SKU-SMA-185,158,422,21,528
2025-09-15,SKU-SMA-186,996,0,28,830
2025-09-15,SKU-SMA-187,48,128,7,161
2025-09-15,SKU-SMA-188,39,105,14,132
2025-09-15,SKU-SMA-189,918,0,28,765
2025-09-15,SKU-SMA-190,963,0,28,803
2025-09-15,SKU-SMA-191,143,383,21,479
2025-09-15,SKU-SMA-192,401,458,21,573
2025-09-15,SKU-SMA-193,27,73,7,92
2025-09-15,SKU-SMA-194,750,0,14,300
2025-09-15,SKU-SMA-195,1027,0,21,411
2025-09-15,SKU-SMA-196,153,175,14,219
2025-09-15,SKU-SMA-197,483,552,21,691
2025-09-15,SKU-SMA-198,190,217,14,272
2025-09-15,SKU-SMA-199,279,319,14,399
2025-09-15,SKU-SMA-200,2708,0,21,677
2025-09-22,SKU-BED-001,134,359,14,449
2025-09-22,SKU-BED-002,1377,0,21,551
2025-09-22,SKU-BED-003,232,619,28,774
2025-09-22,SKU-BED-004,126,144,14,181
2025-09-22,SKU-BED-005,241,276,21,345
2025-09-22,SKU-BED-006,1280,0,14,320
2025-09-22,SKU-BED-007,262,700,28,876
2025-09-22,SKU-BED-008,191,510,28,638
2025-09-22,SKU-BED-009,1724,0,14,431
2025-09-22,SKU-BED-010,75,201,14,252
2025-09-22,SKU-BED-011,265,707,28,884
2025-09-22,SKU-BED-012,768,0,14,192
2025-09-22,SKU-BED-013,1622,0,28,649
2025-09-22,SKU-BED-014,121,324,14,405
2025-09-22,SKU-BED-015,257,0,7,103
2025-09-22,SKU-BED-016,648,0,21,540
2025-09-22,SKU-BED-017,102,272,21,340
2025-09-22,SKU-BED-018,159,426,21,533
2025-09-22,SKU-BED-019,118,316,14,396
2025-09-22,SKU-BED-020,944,0,28,787
2025-09-22,SKU-BED-021,142,379,21,474
2025-09-22,SKU-BED-022,97,111,14,139
2025-09-22,SKU-BED-023,45,121,7,152
2025-09-22,SKU-BED-024,2784,0,28,696
2025-09-22,SKU-BED-025,372,0,14,149
2025-09-22,SKU-BED-026,205,0,7,171
2025-09-22,SKU-BED-027,91,104,14,130
2025-09-22,SKU-BED-028,93,106,7,133
2025-09-22,SKU-BED-029,1090,0,21,436
2025-09-22,SKU-BED-030,325,0,14,271
2025-09-22,SKU-BED-031,617,0,14,247
2025-09-22,SKU-BED-032,1062,0,14,425
2025-09-22,SKU-BED-033,168,0,7,140
2025-09-22,SKU-BED-034,123,141,14,177
2025-09-22,SKU-BED-035,462,0,14,185
2025-09-22,SKU-BED-036,105,120,7,150
2025-09-22,SKU-BED-037,826,0,28,689
2025-09-22,SKU-BED-038,2660,0,28,665
2025-09-22,SKU-BED-039,868,0,7,217
2025-09-22,SKU-BED-040,270,308,14,386
2025-09-22,SKU-FUR-041,564,0,7,141
2025-09-22,SKU-FUR-042,241,0,7,201
2025-09-22,SKU-FUR-043,113,129,7,162
2025-09-22,SKU-FUR-044,280,0,14,234
2025-09-22,SKU-FUR-045,780,0,21,312
2025-09-22,SKU-FUR-046,528,0,14,440
2025-09-22,SKU-FUR-047,272,0,7,109
2025-09-22,SKU-FUR-048,332,0,14,277
2025-09-22,SKU-FUR-049,472,0,7,189
2025-09-22,SKU-FUR-050,190,507,28,634
2025-09-22,SKU-FUR-051,841,0,28,701
2025-09-22,SKU-FUR-052,476,0,7,119
2025-09-22,SKU-FUR-053,175,467,28,584
2025-09-22,SKU-FUR-054,282,0,14,235
2025-09-22,SKU-FUR-055,2316,0,28,579
2025-09-22,SKU-FUR-056,147,392,28,490
2025-09-22,SKU-FUR-057,797,0,21,319
2025-09-22,SKU-FUR-058,1756,0,28,439
2025-09-22,SKU-FUR-059,815,0,14,326
2025-09-22,SKU-FUR-060,3372,0,28,843
2025-09-22,SKU-FUR-061,624,0,7,156
2025-09-22,SKU-FUR-062,596,0,7,149
2025-09-22,SKU-FUR-063,114,304,28,380
2025-09-22,SKU-FUR-064,30,82,7,103
2025-09-22,SKU-FUR-065,39,104,7,131
2025-09-22,SKU-FUR-066,109,124,7,156
2025-09-22,SKU-FUR-067,61,164,14,206
2025-09-22,SKU-FUR-068,199,228,14,285
2025-09-22,SKU-FUR-069,109,292,14,365
2025-09-22,SKU-FUR-070,1382,0,28,553
2025-09-22,SKU-FUR-071,45,52,7,65
2025-09-22,SKU-FUR-072,560,0,14,224
2025-09-22,SKU-FUR-073,313,0,14,261
2025-09-22,SKU-FUR-074,777,0,21,311
2025-09-22,SKU-FUR-075,104,279,14,349
2025-09-22,SKU-FUR-076,1496,0,21,374
2025-09-22,SKU-FUR-077,140,373,21,467
2025-09-22,SKU-FUR-078,84,96,7,120
2025-09-22,SKU-FUR-079,2764,0,21,691
2025-09-22,SKU-FUR-080,1552,0,28,621
2025-09-22,SKU-DEC-081,36,97,7,122
2025-09-22,SKU-DEC-082,556,0,7,139
2025-09-22,SKU-DEC-083,320,366,28,458
2025-09-22,SKU-DEC-084,60,162,14,203
2025-09-22,SKU-DEC-085,1380,0,21,552
2025-09-22,SKU-DEC-086,69,185,14,232
2025-09-22,SKU-DEC-087,937,0,14,375
2025-09-22,SKU-DEC-088,888,0,7,222
2025-09-22,SKU-DEC-089,214,572,28,715
2025-09-22,SKU-DEC-090,85,228,21,285
2025-09-22,SKU-DEC-091,523,598,28,748
2025-09-22,SKU-DEC-092,98,262,21,328
2025-09-22,SKU-DEC-093,1944,0,21,486
2025-09-22,SKU-DEC-094,57,152,7,190
2025-09-22,SKU-DEC-095,97,260,14,326
2025-09-22,SKU-DEC-096,1707,0,21,683
2025-09-22,SKU-DEC-097,505,0,7,202
2025-09-22,SKU-DEC-098,78,89,7,112
2025-09-22,SKU-DEC-099,1235,0,28,494
2025-09-22,SKU-DEC-100,318,364,28,455
2025-09-22,SKU-DEC-101,1452,0,14,363
2025-09-22,SKU-DEC-102,101,269,28,337
2025-09-22,SKU-DEC-103,705,0,28,282
2025-09-22,SKU-DEC-104,360,0,14,144
2025-09-22,SKU-DEC-105,235,268,21,336
2025-09-22,SKU-DEC-106,3544,0,28,886
2025-09-22,SKU-DEC-107,102,272,14,340
2025-09-22,SKU-DEC-108,453,0,14,378
2025-09-22,SKU-DEC-109,168,192,21,240
2025-09-22,SKU-DEC-110,487,0,21,195
2025-09-22,SKU-DEC-111,552,0,14,221
2025-09-22,SKU-DEC-112,129,344,21,430
2025-09-22,SKU-DEC-113,36,96,7,120
2025-09-22,SKU-DEC-114,315,360,14,450
2025-09-22,SKU-DEC-115,147,168,14,210
2025-09-22,SKU-DEC-116,248,0,7,207
2025-09-22,SKU-DEC-117,615,0,21,246
2025-09-22,SKU-DEC-118,884,0,21,221
2025-09-22,SKU-DEC-119,1455,0,28,582
2025-09-22,SKU-DEC-120,1916,0,21,479
2025-09-22,SKU-LIG-121,2136,0,21,534
2025-09-22,SKU-LIG-122,185,212,21,265
2025-09-22,SKU-LIG-123,417,477,21,597
2025-09-22,SKU-LIG-124,1110,0,14,444
2025-09-22,SKU-LIG-125,308,0,7,77
2025-09-22,SKU-LIG-126,785,0,21,314
2025-09-22,SKU-LIG-127,624,0,7,156
2025-09-22,SKU-LIG-128,1060,0,14,265
2025-09-22,SKU-LIG-129,586,0,21,489
2025-09-22,SKU-LIG-130,350,400,21,500
2025-09-22,SKU-LIG-131,135,154,7,193
2025-09-22,SKU-LIG-132,88,100,7,126
2025-09-22,SKU-LIG-133,1034,0,28,862
2025-09-22,SKU-LIG-134,67,180,14,225
2025-09-22,SKU-LIG-135,48,128,7,161
2025-09-22,SKU-LIG-136,1350,0,28,540
2025-09-22,SKU-LIG-137,792,0,14,317
2025-09-22,SKU-LIG-138,87,0,7,73
2025-09-22,SKU-LIG-139,537,0,14,448
2025-09-22,SKU-LIG-140,55,63,7,79
2025-09-22,SKU-LIG-141,916,0,28,764
2025-09-22,SKU-LIG-142,1680,0,28,672
2025-09-22,SKU-LIG-143,1288,0,21,322
2025-09-22,SKU-LIG-144,45,122,14,153
2025-09-22,SKU-LIG-145,123,0,7,103
2025-09-22,SKU-LIG-146,387,0,7,155
2025-09-22,SKU-LIG-147,213,0,14,178
2025-09-22,SKU-LIG-148,157,0,7,131
2025-09-22,SKU-LIG-149,1428,0,14,357
2025-09-22,SKU-LIG-150,1062,0,21,425
2025-09-22,SKU-LIG-151,512,0,21,205
2025-09-22,SKU-LIG-152,835,0,21,334
2025-09-22,SKU-LIG-153,529,0,28,441
2025-09-22,SKU-LIG-154,1656,0,14,414
2025-09-22,SKU-LIG-155,67,179,21,224
2025-09-22,SKU-LIG-156,122,0,7,102
2025-09-22,SKU-LIG-157,149,171,14,214
2025-09-22,SKU-LIG-158,117,312,14,391
2025-09-22,SKU-LIG-159,777,0,28,648
2025-09-22,SKU-LIG-160,118,316,14,396
2025-09-22,SKU-SMA-161,240,0,7,96
2025-09-22,SKU-SMA-162,984,0,21,246
2025-09-22,SKU-SMA-163,1007,0,28,403
2025-09-22,SKU-SMA-164,61,70,7,88
2025-09-22,SKU-SMA-165,96,257,21,322
2025-09-22,SKU-SMA-166,416,0,28,347
2025-09-22,SKU-SMA-167,153,175,21,219
2025-09-22,SKU-SMA-168,784,0,7,196
2025-09-22,SKU-SMA-169,455,520,28,651
2025-09-22,SKU-SMA-170,241,0,7,201
2025-09-22,SKU-SMA-171,1087,0,14,435
2025-09-22,SKU-SMA-172,164,437,28,547
2025-09-22,SKU-SMA-173,42,112,7,141
2025-09-22,SKU-SMA-174,1824,0,28,456
2025-09-22,SKU-SMA-175,117,312,21,391
2025-09-22,SKU-SMA-176,432,0,7,108
2025-09-22,SKU-SMA-177,322,368,21,461
2025-09-22,SKU-SMA-178,81,218,14,273
2025-09-22,SKU-SMA-179,114,130,7,163
2025-09-22,SKU-SMA-180,1060,0,14,424
2025-09-22,SKU-SMA-181,111,297,14,372
2025-09-22,SKU-SMA-182,196,0,7,164
2025-09-22,SKU-SMA-183,322,0,28,269
2025-09-22,SKU-SMA-184,1012,0,28,405
2025-09-22,SKU-SMA-185,211,0,7,176
2025-09-22,SKU-SMA-186,3320,0,28,830
2025-09-22,SKU-SMA-187,145,387,21,484
2025-09-22,SKU-SMA-188,19,52,7,66
2025-09-22,SKU-SMA-189,3060,0,28,765
2025-09-22,SKU-SMA-190,60,160,7,200
2025-09-22,SKU-SMA-191,1276,0,14,319
2025-09-22,SKU-SMA-192,955,0,14,382
2025-09-22,SKU-SMA-193,128,147,14,184
2025-09-22,SKU-SMA-194,180,0,7,150
2025-09-22,SKU-SMA-195,191,219,14,274
2025-09-22,SKU-SMA-196,76,87,7,109
2025-09-22,SKU-SMA-197,1150,0,14,460
2025-09-22,SKU-SMA-198,1020,0,21,408
2025-09-22,SKU-SMA-199,2396,0,21,599
2025-09-22,SKU-SMA-200,632,722,28,903
2025-09-29,SKU-BED-001,202,539,21,674
2025-09-29,SKU-BED-002,1468,0,14,367
2025-09-29,SKU-BED-003,135,154,7,193
2025-09-29,SKU-BED-004,217,0,14,181
2025-09-29,SKU-BED-005,575,0,14,230
2025-09-29,SKU-BED-006,768,0,28,640
2025-09-29,SKU-BED-007,613,700,28,876
2025-09-29,SKU-BED-008,574,0,21,479
2025-09-29,SKU-BED-009,258,689,28,862
2025-09-29,SKU-BED-010,352,403,28,504
2025-09-29,SKU-BED-011,618,707,28,884
2025-09-29,SKU-BED-012,86,230,21,288
2025-09-29,SKU-BED-013,97,259,14,324
2025-09-29,SKU-BED-014,182,485,21,607
2025-09-29,SKU-BED-015,30,82,7,103
2025-09-29,SKU-BED-016,864,0,28,720
2025-09-29,SKU-BED-017,135,0,7,113
2025-09-29,SKU-BED-018,248,284,14,355
2025-09-29,SKU-BED-019,555,634,28,793
2025-09-29,SKU-BED-020,471,0,14,393
2025-09-29,SKU-BED-021,379,0,14,316
2025-09-29,SKU-BED-022,97,111,14,139
2025-09-29,SKU-BED-023,427,488,28,610
2025-09-29,SKU-BED-024,156,417,21,522
2025-09-29,SKU-BED-025,66,178,21,223
2025-09-29,SKU-BED-026,154,412,21,515
2025-09-29,SKU-BED-027,91,104,14,130
2025-09-29,SKU-BED-028,480,0,21,400
2025-09-29,SKU-BED-029,174,0,7,145
2025-09-29,SKU-BED-030,162,434,28,543
2025-09-29,SKU-BED-031,172,197,14,247
2025-09-29,SKU-BED-032,765,0,21,638
2025-09-29,SKU-BED-033,168,0,7,140
2025-09-29,SKU-BED-034,352,0,7,88
2025-09-29,SKU-BED-035,462,0,14,185
2025-09-29,SKU-BED-036,1804,0,21,451
2025-09-29,SKU-BED-037,1376,0,14,344
2025-09-29,SKU-BED-038,1247,0,21,499
2025-09-29,SKU-BED-039,520,0,14,434
2025-09-29,SKU-BED-040,2316,0,21,579
2025-09-29,SKU-FUR-041,169,451,28,564
2025-09-29,SKU-FUR-042,241,0,7,201
2025-09-29,SKU-FUR-043,648,0,7,162
2025-09-29,SKU-FUR-044,585,0,14,234
2025-09-29,SKU-FUR-045,93,249,21,312
2025-09-29,SKU-FUR-046,132,352,14,440
2025-09-29,SKU-FUR-047,153,175,14,219
2025-09-29,SKU-FUR-048,124,332,21,416
2025-09-29,SKU-FUR-049,453,0,14,378
2025-09-29,SKU-FUR-050,190,507,28,634
2025-09-29,SKU-FUR-051,1752,0,28,701
2025-09-29,SKU-FUR-052,1912,0,28,478
2025-09-29,SKU-FUR-053,175,467,28,584
2025-09-29,SKU-FUR-054,880,0,21,352
2025-09-29,SKU-FUR-055,130,347,21,434
2025-09-29,SKU-FUR-056,146,0,7,122
2025-09-29,SKU-FUR-057,74,84,7,106
2025-09-29,SKU-FUR-058,272,0,7,109
2025-09-29,SKU-FUR-059,456,521,28,652
2025-09-29,SKU-FUR-060,1052,0,14,421
2025-09-29,SKU-FUR-061,1172,0,21,469
2025-09-29,SKU-FUR-062,1497,0,28,599
2025-09-29,SKU-FUR-063,199,228,21,285
2025-09-29,SKU-FUR-064,257,0,7,103
2025-09-29,SKU-FUR-065,655,0,14,262
2025-09-29,SKU-FUR-066,390,0,7,156
2025-09-29,SKU-FUR-067,775,0,21,310
2025-09-29,SKU-FUR-068,712,0,14,285
2025-09-29,SKU-FUR-069,109,292,14,365
2025-09-29,SKU-FUR-070,690,0,14,276
2025-09-29,SKU-FUR-071,327,0,14,131
2025-09-29,SKU-FUR-072,538,0,28,449
2025-09-29,SKU-FUR-073,117,313,21,392
2025-09-29,SKU-FUR-074,1660,0,28,415
2025-09-29,SKU-FUR-075,696,0,7,174
2025-09-29,SKU-FUR-076,149,399,28,499
2025-09-29,SKU-FUR-077,620,0,7,155
2025-09-29,SKU-FUR-078,144,386,28,483
2025-09-29,SKU-FUR-079,829,0,21,691
2025-09-29,SKU-FUR-080,108,124,7,155
2025-09-29,SKU-DEC-081,256,292,21,366
2025-09-29,SKU-DEC-082,166,0,7,139
2025-09-29,SKU-DEC-083,1832,0,28,458
2025-09-29,SKU-DEC-084,213,244,21,305
2025-09-29,SKU-DEC-085,165,441,21,552
2025-09-29,SKU-DEC-086,928,0,14,232
2025-09-29,SKU-DEC-087,56,149,7,187
2025-09-29,SKU-DEC-088,623,712,28,890
2025-09-29,SKU-DEC-089,892,0,14,357
2025-09-29,SKU-DEC-090,456,0,28,380
2025-09-29,SKU-DEC-091,112,299,14,374
2025-09-29,SKU-DEC-092,131,349,28,437
2025-09-29,SKU-DEC-093,388,0,14,324
2025-09-29,SKU-DEC-094,133,152,7,190
2025-09-29,SKU-DEC-095,1222,0,21,489
2025-09-29,SKU-DEC-096,318,364,14,455
2025-09-29,SKU-DEC-097,243,648,28,811
2025-09-29,SKU-DEC-098,157,180,14,225
2025-09-29,SKU-DEC-099,111,296,21,370
2025-09-29,SKU-DEC-100,908,0,14,227
2025-09-29,SKU-DEC-101,108,290,14,363
2025-09-29,SKU-DEC-102,235,269,28,337
2025-09-29,SKU-DEC-103,253,0,21,211
2025-09-29,SKU-DEC-104,201,230,28,288
2025-09-29,SKU-DEC-105,403,0,21,336
2025-09-29,SKU-DEC-106,132,354,14,443
2025-09-29,SKU-DEC-107,408,0,14,340
2025-09-29,SKU-DEC-108,529,605,28,757
2025-09-29,SKU-DEC-109,400,0,14,160
2025-09-29,SKU-DEC-110,234,0,21,195
2025-09-29,SKU-DEC-111,132,0,7,110
2025-09-29,SKU-DEC-112,516,0,21,430
2025-09-29,SKU-DEC-113,600,0,14,240
2025-09-29,SKU-DEC-114,1080,0,28,900
2025-09-29,SKU-DEC-115,379,0,21,316
2025-09-29,SKU-DEC-116,2077,0,28,831
2025-09-29,SKU-DEC-117,98,0,7,82
2025-09-29,SKU-DEC-118,588,0,14,147
2025-09-29,SKU-DEC-119,43,116,7,145
2025-09-29,SKU-DEC-120,766,0,28,639
2025-09-29,SKU-LIG-121,712,0,7,178
2025-09-29,SKU-LIG-122,123,140,14,176
2025-09-29,SKU-LIG-123,119,318,14,398
2025-09-29,SKU-LIG-124,532,0,14,444
2025-09-29,SKU-LIG-125,924,0,21,231
2025-09-29,SKU-LIG-126,124,0,7,104
2025-09-29,SKU-LIG-127,564,0,21,470
2025-09-29,SKU-LIG-128,1592,0,21,398
2025-09-29,SKU-LIG-129,652,0,7,163
2025-09-29,SKU-LIG-130,116,132,7,166
2025-09-29,SKU-LIG-131,927,0,28,773
2025-09-29,SKU-LIG-132,266,304,21,380
2025-09-29,SKU-LIG-133,3448,0,28,862
2025-09-29,SKU-LIG-134,33,89,7,112
2025-09-29,SKU-LIG-135,1940,0,21,485
2025-09-29,SKU-LIG-136,378,432,28,540
2025-09-29,SKU-LIG-137,95,253,14,317
2025-09-29,SKU-LIG-138,65,175,21,219
2025-09-29,SKU-LIG-139,1680,0,21,672
2025-09-29,SKU-LIG-140,1272,0,28,318
2025-09-29,SKU-LIG-141,229,0,7,191
2025-09-29,SKU-LIG-142,2016,0,21,504
2025-09-29,SKU-LIG-143,1072,0,28,429
2025-09-29,SKU-LIG-144,1224,0,28,306
2025-09-29,SKU-LIG-145,412,0,7,103
2025-09-29,SKU-LIG-146,1167,0,21,467
2025-09-29,SKU-LIG-147,1068,0,21,267
2025-09-29,SKU-LIG-148,315,0,14,263
2025-09-29,SKU-LIG-149,445,0,7,178
2025-09-29,SKU-LIG-150,564,0,7,141
2025-09-29,SKU-LIG-151,327,0,28,273
2025-09-29,SKU-LIG-152,266,0,14,222
2025-09-29,SKU-LIG-153,275,0,7,110
2025-09-29,SKU-LIG-154,828,0,7,207
2025-09-29,SKU-LIG-155,44,119,14,149
2025-09-29,SKU-LIG-156,122,0,7,102
2025-09-29,SKU-LIG-157,535,0,14,214
2025-09-29,SKU-LIG-158,234,626,28,783
2025-09-29,SKU-LIG-159,48,129,7,162
2025-09-29,SKU-LIG-160,792,0,7,198
2025-09-29,SKU-SMA-161,115,0,7,96
2025-09-29,SKU-SMA-162,24,65,7,82
2025-09-29,SKU-SMA-163,30,80,7,100
2025-09-29,SKU-SMA-164,440,0,14,176
2025-09-29,SKU-SMA-165,1075,0,28,430
2025-09-29,SKU-SMA-166,121,138,14,173
2025-09-29,SKU-SMA-167,292,0,7,73
2025-09-29,SKU-SMA-168,705,0,21,588
2025-09-29,SKU-SMA-169,195,520,28,651
2025-09-29,SKU-SMA-170,804,0,7,201
2025-09-29,SKU-SMA-171,130,348,14,435
2025-09-29,SKU-SMA-172,2188,0,28,547
2025-09-29,SKU-SMA-173,297,340,21,425
2025-09-29,SKU-SMA-174,547,0,28,456
2025-09-29,SKU-SMA-175,273,312,21,391
2025-09-29,SKU-SMA-176,542,0,14,217
2025-09-29,SKU-SMA-177,382,0,7,153
2025-09-29,SKU-SMA-178,122,327,21,409
2025-09-29,SKU-SMA-179,457,522,28,653
2025-09-29,SKU-SMA-180,63,169,7,212
2025-09-29,SKU-SMA-181,223,0,7,186
2025-09-29,SKU-SMA-182,2628,0,28,657
2025-09-29,SKU-SMA-183,808,0,21,202
2025-09-29,SKU-SMA-184,70,80,7,101
2025-09-29,SKU-SMA-185,704,0,7,176
2025-09-29,SKU-SMA-186,1037,0,14,415
2025-09-29,SKU-SMA-187,1292,0,14,323
2025-09-29,SKU-SMA-188,318,0,28,265
2025-09-29,SKU-SMA-189,267,305,14,382
2025-09-29,SKU-SMA-190,140,160,7,200
2025-09-29,SKU-SMA-191,447,511,28,639
2025-09-29,SKU-SMA-192,57,152,7,191
2025-09-29,SKU-SMA-193,27,73,7,92
2025-09-29,SKU-SMA-194,45,120,7,150
2025-09-29,SKU-SMA-195,493,0,21,411
2025-09-29,SKU-SMA-196,272,0,7,109
2025-09-29,SKU-SMA-197,829,0,21,691
2025-09-29,SKU-SMA-198,1632,0,21,408
2025-09-29,SKU-SMA-199,239,639,28,799
2025-09-29,SKU-SMA-200,2257,0,28,903
2025-10-06,SKU-BED-001,3596,0,28,899
2025-10-06,SKU-BED-002,219,0,7,183
2025-10-06,SKU-BED-003,406,464,21,581
2025-10-06,SKU-BED-004,677,0,21,271
2025-10-06,SKU-BED-005,138,0,7,115
2025-10-06,SKU-BED-006,2560,0,28,640
2025-10-06,SKU-BED-007,2628,0,21,657
2025-10-06,SKU-BED-008,95,255,14,319
2025-10-06,SKU-BED-009,2155,0,28,862
2025-10-06,SKU-BED-010,151,0,7,126
2025-10-06,SKU-BED-011,66,176,7,221
2025-10-06,SKU-BED-012,345,0,21,288
2025-10-06,SKU-BED-013,340,389,21,487
2025-10-06,SKU-BED-014,141,161,7,202
2025-10-06,SKU-BED-015,1244,0,21,311
2025-10-06,SKU-BED-016,432,0,14,360
2025-10-06,SKU-BED-017,136,363,28,454
2025-10-06,SKU-BED-018,123,141,7,177
2025-10-06,SKU-BED-019,138,158,7,198
2025-10-06,SKU-BED-020,1572,0,14,393
2025-10-06,SKU-BED-021,2528,0,28,632
2025-10-06,SKU-BED-022,195,223,28,279
2025-10-06,SKU-BED-023,1142,0,21,457
2025-10-06,SKU-BED-024,696,0,7,174
2025-10-06,SKU-BED-025,185,0,7,74
2025-10-06,SKU-BED-026,206,549,28,687
2025-10-06,SKU-BED-027,520,0,14,130
2025-10-06,SKU-BED-028,1068,0,14,267
2025-10-06,SKU-BED-029,348,0,14,290
2025-10-06,SKU-BED-030,284,325,21,407
2025-10-06,SKU-BED-031,1484,0,21,371
2025-10-06,SKU-BED-032,1700,0,14,425
2025-10-06,SKU-BED-033,42,112,7,140
2025-10-06,SKU-BED-034,319,0,21,266
2025-10-06,SKU-BED-035,925,0,28,370
2025-10-06,SKU-BED-036,90,240,14,301
2025-10-06,SKU-BED-037,2064,0,21,516
2025-10-06,SKU-BED-038,349,399,21,499
2025-10-06,SKU-BED-039,868,0,7,217
2025-10-06,SKU-BED-040,694,0,21,579
2025-10-06,SKU-FUR-041,1692,0,21,423
2025-10-06,SKU-FUR-042,3224,0,28,806
2025-10-06,SKU-FUR-043,1625,0,28,650
2025-10-06,SKU-FUR-044,81,93,7,117
2025-10-06,SKU-FUR-045,832,0,14,208
2025-10-06,SKU-FUR-046,308,352,14,440
2025-10-06,SKU-FUR-047,822,0,21,329
2025-10-06,SKU-FUR-048,166,443,28,554
2025-10-06,SKU-FUR-049,945,0,14,378
2025-10-06,SKU-FUR-050,1190,0,21,476
2025-10-06,SKU-FUR-051,630,0,21,525
2025-10-06,SKU-FUR-052,167,191,14,239
2025-10-06,SKU-FUR-053,2336,0,28,584
2025-10-06,SKU-FUR-054,282,0,14,235
2025-10-06,SKU-FUR-055,405,463,28,579
2025-10-06,SKU-FUR-056,440,0,21,367
2025-10-06,SKU-FUR-057,297,340,28,425
2025-10-06,SKU-FUR-058,1316,0,21,329
2025-10-06,SKU-FUR-059,456,521,28,652
2025-10-06,SKU-FUR-060,126,336,14,421
2025-10-06,SKU-FUR-061,1172,0,21,469
2025-10-06,SKU-FUR-062,209,239,14,299
2025-10-06,SKU-FUR-063,266,304,28,380
2025-10-06,SKU-FUR-064,775,0,21,310
2025-10-06,SKU-FUR-065,655,0,14,262
2025-10-06,SKU-FUR-066,437,500,28,625
2025-10-06,SKU-FUR-067,30,82,7,103
2025-10-06,SKU-FUR-068,2284,0,28,571
2025-10-06,SKU-FUR-069,438,0,14,365
2025-10-06,SKU-FUR-070,387,442,28,553
2025-10-06,SKU-FUR-071,184,210,28,263
2025-10-06,SKU-FUR-072,134,359,28,449
2025-10-06,SKU-FUR-073,627,0,28,523
2025-10-06,SKU-FUR-074,412,0,7,103
2025-10-06,SKU-FUR-075,418,0,14,349
2025-10-06,SKU-FUR-076,622,0,14,249
2025-10-06,SKU-FUR-077,108,124,7,155
2025-10-06,SKU-FUR-078,144,0,7,120
2025-10-06,SKU-FUR-079,276,736,28,921
2025-10-06,SKU-FUR-080,217,248,14,310
2025-10-06,SKU-DEC-081,305,0,7,122
2025-10-06,SKU-DEC-082,556,0,7,139
2025-10-06,SKU-DEC-083,68,183,14,229
2025-10-06,SKU-DEC-084,366,0,21,305
2025-10-06,SKU-DEC-085,220,0,7,184
2025-10-06,SKU-DEC-086,278,0,14,232
2025-10-06,SKU-DEC-087,1877,0,28,751
2025-10-06,SKU-DEC-088,200,534,21,668
2025-10-06,SKU-DEC-089,2860,0,28,715
2025-10-06,SKU-DEC-090,712,0,21,285
2025-10-06,SKU-DEC-091,448,0,14,374
2025-10-06,SKU-DEC-092,545,0,14,218
2025-10-06,SKU-DEC-093,648,0,7,162
2025-10-06,SKU-DEC-094,686,0,21,572
2025-10-06,SKU-DEC-095,783,0,28,653
2025-10-06,SKU-DEC-096,68,181,7,227
2025-10-06,SKU-DEC-097,60,161,7,202
2025-10-06,SKU-DEC-098,405,0,21,338
2025-10-06,SKU-DEC-099,345,395,28,494
2025-10-06,SKU-DEC-100,79,90,7,113
2025-10-06,SKU-DEC-101,452,0,7,181
2025-10-06,SKU-DEC-102,404,0,28,337
2025-10-06,SKU-DEC-103,63,168,21,211
2025-10-06,SKU-DEC-104,259,0,21,216
2025-10-06,SKU-DEC-105,100,268,21,336
2025-10-06,SKU-DEC-106,2215,0,28,886
2025-10-06,SKU-DEC-107,102,272,14,340
2025-10-06,SKU-DEC-108,908,0,28,757
2025-10-06,SKU-DEC-109,600,0,21,240
2025-10-06,SKU-DEC-110,58,156,21,195
2025-10-06,SKU-DEC-111,1107,0,28,443
2025-10-06,SKU-DEC-112,200,228,14,286
2025-10-06,SKU-DEC-113,480,0,7,120
2025-10-06,SKU-DEC-114,540,0,14,450
2025-10-06,SKU-DEC-115,63,168,14,210
2025-10-06,SKU-DEC-116,249,664,28,831
2025-10-06,SKU-DEC-117,57,65,7,82
2025-10-06,SKU-DEC-118,66,176,21,221
2025-10-06,SKU-DEC-119,1455,0,28,582
2025-10-06,SKU-DEC-120,397,0,7,159
2025-10-06,SKU-LIG-121,499,570,28,713
2025-10-06,SKU-LIG-122,352,0,7,88
2025-10-06,SKU-LIG-123,238,0,7,199
2025-10-06,SKU-LIG-124,1776,0,14,444
2025-10-06,SKU-LIG-125,577,0,21,231
2025-10-06,SKU-LIG-126,124,0,7,104
2025-10-06,SKU-LIG-127,564,0,21,470
2025-10-06,SKU-LIG-128,158,0,7,132
2025-10-06,SKU-LIG-129,146,391,21,489
2025-10-06,SKU-LIG-130,415,0,7,166
2025-10-06,SKU-LIG-131,3092,0,28,773
2025-10-06,SKU-LIG-132,1267,0,28,507
2025-10-06,SKU-LIG-133,193,516,21,646
2025-10-06,SKU-LIG-134,448,0,7,112
2025-10-06,SKU-LIG-135,387,0,14,323
2025-10-06,SKU-LIG-136,1350,0,28,540
2025-10-06,SKU-LIG-137,570,0,21,475
2025-10-06,SKU-LIG-138,43,116,14,146
2025-10-06,SKU-LIG-139,269,717,28,897
2025-10-06,SKU-LIG-140,222,254,28,318
2025-10-06,SKU-LIG-141,267,305,14,382
2025-10-06,SKU-LIG-142,151,403,21,504
2025-10-06,SKU-LIG-143,256,0,14,214
2025-10-06,SKU-LIG-144,214,244,28,306
2025-10-06,SKU-LIG-145,216,247,21,309
2025-10-06,SKU-LIG-146,186,497,28,622
2025-10-06,SKU-LIG-147,667,0,21,267
2025-10-06,SKU-LIG-148,275,315,21,394
2025-10-06,SKU-LIG-149,375,428,21,536
2025-10-06,SKU-LIG-150,1132,0,14,283
2025-10-06,SKU-LIG-151,95,108,14,136
2025-10-06,SKU-LIG-152,277,0,7,111
2025-10-06,SKU-LIG-153,827,0,21,331
2025-10-06,SKU-LIG-154,1555,0,21,622
2025-10-06,SKU-LIG-155,358,0,28,299
2025-10-06,SKU-LIG-156,244,0,14,204
2025-10-06,SKU-LIG-157,267,0,7,107
2025-10-06,SKU-LIG-158,1467,0,21,587
2025-10-06,SKU-LIG-159,340,388,21,486
2025-10-06,SKU-LIG-160,554,633,28,792
2025-10-06,SKU-SMA-161,230,0,14,192
2025-10-06,SKU-SMA-162,394,0,28,329
2025-10-06,SKU-SMA-163,400,0,7,100
2025-10-06,SKU-SMA-164,316,0,21,264
2025-10-06,SKU-SMA-165,128,0,7,107
2025-10-06,SKU-SMA-166,78,208,21,260
2025-10-06,SKU-SMA-167,204,233,28,292
2025-10-06,SKU-SMA-168,274,313,14,392
2025-10-06,SKU-SMA-169,1220,0,21,488
2025-10-06,SKU-SMA-170,120,321,14,402
2025-10-06,SKU-SMA-171,2177,0,28,871
2025-10-06,SKU-SMA-172,682,0,14,273
2025-10-06,SKU-SMA-173,127,340,21,425
2025-10-06,SKU-SMA-174,239,273,21,342
2025-10-06,SKU-SMA-175,2088,0,28,522
2025-10-06,SKU-SMA-176,815,0,21,326
2025-10-06,SKU-SMA-177,553,0,21,461
2025-10-06,SKU-SMA-178,81,218,14,273
2025-10-06,SKU-SMA-179,783,0,28,653
2025-10-06,SKU-SMA-180,127,339,14,424
2025-10-06,SKU-SMA-181,465,0,7,186
2025-10-06,SKU-SMA-182,98,262,14,328
2025-10-06,SKU-SMA-183,268,0,7,67
2025-10-06,SKU-SMA-184,91,243,21,304
2025-10-06,SKU-SMA-185,846,0,28,705
2025-10-06,SKU-SMA-186,186,497,21,622
2025-10-06,SKU-SMA-187,193,516,28,646
2025-10-06,SKU-SMA-188,528,0,14,132
2025-10-06,SKU-SMA-189,229,0,7,191
2025-10-06,SKU-SMA-190,2007,0,28,803
2025-10-06,SKU-SMA-191,574,0,21,479
2025-10-06,SKU-SMA-192,534,611,28,764
2025-10-06,SKU-SMA-193,736,0,14,184
2025-10-06,SKU-SMA-194,420,480,28,600
2025-10-06,SKU-SMA-195,548,0,7,137
2025-10-06,SKU-SMA-196,32,87,7,109
2025-10-06,SKU-SMA-197,1840,0,14,460
2025-10-06,SKU-SMA-198,489,0,21,408
2025-10-06,SKU-SMA-199,796,0,7,199
2025-10-06,SKU-SMA-200,270,722,28,903
2025-10-13,SKU-BED-001,471,539,21,674
2025-10-13,SKU-BED-002,219,0,7,183
2025-10-13,SKU-BED-003,772,0,7,193
2025-10-13,SKU-BED-004,62,72,7,90
2025-10-13,SKU-BED-005,34,92,7,115
2025-10-13,SKU-BED-006,1280,0,14,320
2025-10-13,SKU-BED-007,262,700,28,876
2025-10-13,SKU-BED-008,47,127,7,159
2025-10-13,SKU-BED-009,2584,0,21,646
2025-10-13,SKU-BED-010,504,0,7,126
2025-10-13,SKU-BED-011,884,0,7,221
2025-10-13,SKU-BED-012,240,0,7,96
2025-10-13,SKU-BED-013,340,389,21,487
2025-10-13,SKU-BED-014,283,324,14,405
2025-10-13,SKU-BED-015,517,0,14,207
2025-10-13,SKU-BED-016,216,0,7,180
2025-10-13,SKU-BED-017,1360,0,21,340
2025-10-13,SKU-BED-018,497,568,28,711
2025-10-13,SKU-BED-019,495,0,7,198
2025-10-13,SKU-BED-020,3148,0,28,787
2025-10-13,SKU-BED-021,1896,0,21,474
2025-10-13,SKU-BED-022,62,167,21,209
2025-10-13,SKU-BED-023,106,121,7,152
2025-10-13,SKU-BED-024,1740,0,28,696
2025-10-13,SKU-BED-025,44,119,14,149
2025-10-13,SKU-BED-026,1717,0,28,687
2025-10-13,SKU-BED-027,312,0,28,260
2025-10-13,SKU-BED-028,332,0,7,133
2025-10-13,SKU-BED-029,43,116,7,145
2025-10-13,SKU-BED-030,651,0,28,543
2025-10-13,SKU-BED-031,307,0,7,123
2025-10-13,SKU-BED-032,254,0,7,212
2025-10-13,SKU-BED-033,700,0,14,280
2025-10-13,SKU-BED-034,79,212,21,266
2025-10-13,SKU-BED-035,1108,0,21,277
2025-10-13,SKU-BED-036,375,0,7,150
2025-10-13,SKU-BED-037,688,0,7,172
2025-10-13,SKU-BED-038,664,0,7,166
2025-10-13,SKU-BED-039,195,521,21,652
2025-10-13,SKU-BED-040,1930,0,28,772
2025-10-13,SKU-FUR-041,126,338,21,423
2025-10-13,SKU-FUR-042,140,160,7,201
2025-10-13,SKU-FUR-043,1217,0,21,487
2025-10-13,SKU-FUR-044,70,187,14,234
2025-10-13,SKU-FUR-045,249,0,14,208
2025-10-13,SKU-FUR-046,1100,0,14,440
2025-10-13,SKU-FUR-047,76,87,7,109
2025-10-13,SKU-FUR-048,692,0,14,277
2025-10-13,SKU-FUR-049,226,0,7,189
2025-10-13,SKU-FUR-050,571,0,21,476
2025-10-13,SKU-FUR-051,2804,0,28,701
2025-10-13,SKU-FUR-052,334,382,28,478
2025-10-13,SKU-FUR-053,365,0,7,146
2025-10-13,SKU-FUR-054,1175,0,28,470
2025-10-13,SKU-FUR-055,202,231,14,289
2025-10-13,SKU-FUR-056,171,196,14,245
2025-10-13,SKU-FUR-057,31,84,7,106
2025-10-13,SKU-FUR-058,1097,0,28,439
2025-10-13,SKU-FUR-059,146,391,21,489
2025-10-13,SKU-FUR-060,1580,0,21,632
2025-10-13,SKU-FUR-061,140,375,21,469
2025-10-13,SKU-FUR-062,179,479,28,599
2025-10-13,SKU-FUR-063,237,0,7,95
2025-10-13,SKU-FUR-064,248,0,14,207
2025-10-13,SKU-FUR-065,1048,0,14,262
2025-10-13,SKU-FUR-066,218,249,14,312
2025-10-13,SKU-FUR-067,123,330,28,413
2025-10-13,SKU-FUR-068,513,0,21,428
2025-10-13,SKU-FUR-069,2920,0,28,730
2025-10-13,SKU-FUR-070,387,442,28,553
2025-10-13,SKU-FUR-071,19,52,7,65
2025-10-13,SKU-FUR-072,101,269,21,337
2025-10-13,SKU-FUR-073,470,0,21,392
2025-10-13,SKU-FUR-074,517,0,14,207
2025-10-13,SKU-FUR-075,104,279,14,349
2025-10-13,SKU-FUR-076,496,0,7,124
2025-10-13,SKU-FUR-077,108,124,7,155
2025-10-13,SKU-FUR-078,253,289,21,362
2025-10-13,SKU-FUR-079,483,552,21,691
2025-10-13,SKU-FUR-080,775,0,14,310
2025-10-13,SKU-DEC-081,146,390,28,488
2025-10-13,SKU-DEC-082,291,333,21,417
2025-10-13,SKU-DEC-083,274,0,14,229
2025-10-13,SKU-DEC-084,91,244,21,305
2025-10-13,SKU-DEC-085,920,0,14,368
2025-10-13,SKU-DEC-086,34,92,7,116
2025-10-13,SKU-DEC-087,394,450,21,563
2025-10-13,SKU-DEC-088,467,534,21,668
2025-10-13,SKU-DEC-089,53,142,7,178
2025-10-13,SKU-DEC-090,1520,0,28,380
2025-10-13,SKU-DEC-091,56,149,7,187
2025-10-13,SKU-DEC-092,436,0,7,109
2025-10-13,SKU-DEC-093,113,129,7,162
2025-10-13,SKU-DEC-094,2288,0,21,572
2025-10-13,SKU-DEC-095,1632,0,28,653
2025-10-13,SKU-DEC-096,318,364,14,455
2025-10-13,SKU-DEC-097,729,0,21,608
2025-10-13,SKU-DEC-098,562,0,14,225
2025-10-13,SKU-DEC-099,307,0,7,123
2025-10-13,SKU-DEC-100,79,90,7,113
2025-10-13,SKU-DEC-101,1817,0,28,727
2025-10-13,SKU-DEC-102,58,67,7,84
2025-10-13,SKU-DEC-103,98,112,14,141
2025-10-13,SKU-DEC-104,86,0,7,72
2025-10-13,SKU-DEC-105,1792,0,28,448
2025-10-13,SKU-DEC-106,464,531,21,664
2025-10-13,SKU-DEC-107,2040,0,21,510
2025-10-13,SKU-DEC-108,264,302,14,378
2025-10-13,SKU-DEC-109,24,64,7,80
2025-10-13,SKU-DEC-110,19,52,7,65
2025-10-13,SKU-DEC-111,275,0,7,110
2025-10-13,SKU-DEC-112,85,228,14,286
2025-10-13,SKU-DEC-113,251,288,21,360
2025-10-13,SKU-DEC-114,562,0,7,225
2025-10-13,SKU-DEC-115,1684,0,28,421
2025-10-13,SKU-DEC-116,997,0,28,831
2025-10-13,SKU-DEC-117,196,0,14,164
2025-10-13,SKU-DEC-118,88,236,28,295
2025-10-13,SKU-DEC-119,698,0,28,582
2025-10-13,SKU-DEC-120,223,255,14,319
2025-10-13,SKU-LIG-121,1782,0,28,713
2025-10-13,SKU-LIG-122,105,0,7,88
2025-10-13,SKU-LIG-123,239,637,28,797
2025-10-13,SKU-LIG-124,155,177,7,222
2025-10-13,SKU-LIG-125,277,0,21,231
2025-10-13,SKU-LIG-126,836,0,14,209
2025-10-13,SKU-LIG-127,93,250,14,313
2025-10-13,SKU-LIG-128,995,0,21,398
2025-10-13,SKU-LIG-129,1630,0,28,652
2025-10-13,SKU-LIG-130,233,266,14,333
2025-10-13,SKU-LIG-131,965,0,14,386
2025-10-13,SKU-LIG-132,177,202,14,253
2025-10-13,SKU-LIG-133,2155,0,28,862
2025-10-13,SKU-LIG-134,405,0,21,338
2025-10-13,SKU-LIG-135,776,0,28,647
2025-10-13,SKU-LIG-136,1620,0,21,405
2025-10-13,SKU-LIG-137,95,253,14,317
2025-10-13,SKU-LIG-138,204,233,28,292
2025-10-13,SKU-LIG-139,560,0,7,224
2025-10-13,SKU-LIG-140,956,0,21,239
2025-10-13,SKU-LIG-141,229,611,28,764
2025-10-13,SKU-LIG-142,201,0,7,168
2025-10-13,SKU-LIG-143,128,0,7,107
2025-10-13,SKU-LIG-144,91,0,7,76
2025-10-13,SKU-LIG-145,772,0,21,309
2025-10-13,SKU-LIG-146,108,124,7,155
2025-10-13,SKU-LIG-147,712,0,14,178
2025-10-13,SKU-LIG-148,157,420,28,526
2025-10-13,SKU-LIG-149,643,0,21,536
2025-10-13,SKU-LIG-150,707,0,14,283
2025-10-13,SKU-LIG-151,81,218,28,273
2025-10-13,SKU-LIG-152,66,177,14,222
2025-10-13,SKU-LIG-153,275,0,7,110
2025-10-13,SKU-LIG-154,144,165,7,207
2025-10-13,SKU-LIG-155,896,0,21,224
2025-10-13,SKU-LIG-156,510,0,14,204
2025-10-13,SKU-LIG-157,428,0,7,107
2025-10-13,SKU-LIG-158,1467,0,21,587
2025-10-13,SKU-LIG-159,1215,0,21,486
2025-10-13,SKU-LIG-160,277,316,14,396
2025-10-13,SKU-SMA-161,67,76,7,96
2025-10-13,SKU-SMA-162,196,0,14,164
2025-10-13,SKU-SMA-163,120,322,28,403
2025-10-13,SKU-SMA-164,316,0,21,264
2025-10-13,SKU-SMA-165,150,172,14,215
2025-10-13,SKU-SMA-166,51,138,14,173
2025-10-13,SKU-SMA-167,87,0,7,73
2025-10-13,SKU-SMA-168,58,156,7,196
2025-10-13,SKU-SMA-169,1220,0,21,488
2025-10-13,SKU-SMA-170,60,160,7,201
2025-10-13,SKU-SMA-171,609,696,28,871
2025-10-13,SKU-SMA-172,191,218,14,273
2025-10-13,SKU-SMA-173,1700,0,21,425
2025-10-13,SKU-SMA-174,912,0,14,228
2025-10-13,SKU-SMA-175,1564,0,21,391
2025-10-13,SKU-SMA-176,270,0,7,108
2025-10-13,SKU-SMA-177,214,245,14,307
2025-10-13,SKU-SMA-178,544,0,7,136
2025-10-13,SKU-SMA-179,195,0,7,163
2025-10-13,SKU-SMA-180,764,0,21,637
2025-10-13,SKU-SMA-181,521,596,28,745
2025-10-13,SKU-SMA-182,591,0,21,493
2025-10-13,SKU-SMA-183,188,215,28,269
2025-10-13,SKU-SMA-184,212,243,21,304
2025-10-13,SKU-SMA-185,704,0,7,176
2025-10-13,SKU-SMA-186,2075,0,28,830
2025-10-13,SKU-SMA-187,402,0,7,161
2025-10-13,SKU-SMA-188,238,0,21,199
2025-10-13,SKU-SMA-189,114,305,14,382
2025-10-13,SKU-SMA-190,481,0,14,401
2025-10-13,SKU-SMA-191,223,255,14,319
2025-10-13,SKU-SMA-192,57,152,7,191
2025-10-13,SKU-SMA-193,128,147,14,184
2025-10-13,SKU-SMA-194,1200,0,14,300
2025-10-13,SKU-SMA-195,95,109,7,137
2025-10-13,SKU-SMA-196,1316,0,21,329
2025-10-13,SKU-SMA-197,575,0,7,230
2025-10-13,SKU-SMA-198,326,0,14,272
2025-10-13,SKU-SMA-199,179,479,21,599
2025-10-13,SKU-SMA-200,2708,0,21,677
2025-10-20,SKU-BED-001,1685,0,21,674
2025-10-20,SKU-BED-002,2204,0,21,551
2025-10-20,SKU-BED-003,967,0,14,387
2025-10-20,SKU-BED-004,62,72,7,90
2025-10-20,SKU-BED-005,103,276,21,345
2025-10-20,SKU-BED-006,336,384,21,480
2025-10-20,SKU-BED-007,306,350,14,438
2025-10-20,SKU-BED-008,335,383,21,479
2025-10-20,SKU-BED-009,2155,0,28,862
2025-10-20,SKU-BED-010,2016,0,28,504
2025-10-20,SKU-BED-011,154,176,7,221
2025-10-20,SKU-BED-012,115,308,28,385
2025-10-20,SKU-BED-013,1622,0,28,649
2025-10-20,SKU-BED-014,808,0,7,202
2025-10-20,SKU-BED-015,62,165,14,207
2025-10-20,SKU-BED-016,216,0,7,180
2025-10-20,SKU-BED-017,1360,0,21,340
2025-10-20,SKU-BED-018,212,0,7,177
2025-10-20,SKU-BED-019,555,634,28,793
2025-10-20,SKU-BED-020,982,0,14,393
2025-10-20,SKU-BED-021,1264,0,14,316
2025-10-20,SKU-BED-022,82,0,7,69
2025-10-20,SKU-BED-023,91,244,14,305
2025-10-20,SKU-BED-024,156,417,21,522
2025-10-20,SKU-BED-025,88,0,7,74
2025-10-20,SKU-BED-026,102,274,14,343
2025-10-20,SKU-BED-027,312,0,28,260
2025-10-20,SKU-BED-028,280,320,21,400
2025-10-20,SKU-BED-029,1744,0,21,436
2025-10-20,SKU-BED-030,380,434,28,543
2025-10-20,SKU-BED-031,617,0,14,247
2025-10-20,SKU-BED-032,848,0,7,212
2025-10-20,SKU-BED-033,84,224,14,280
2025-10-20,SKU-BED-034,1064,0,21,266
2025-10-20,SKU-BED-035,230,0,7,92
2025-10-20,SKU-BED-036,2408,0,28,602
2025-10-20,SKU-BED-037,120,137,7,172
2025-10-20,SKU-BED-038,1247,0,21,499
2025-10-20,SKU-BED-039,65,173,7,217
2025-10-20,SKU-BED-040,2316,0,21,579
2025-10-20,SKU-FUR-041,352,0,7,141
2025-10-20,SKU-FUR-042,483,0,14,403
2025-10-20,SKU-FUR-043,48,129,7,162
2025-10-20,SKU-FUR-044,877,0,21,351
2025-10-20,SKU-FUR-045,249,0,14,208
2025-10-20,SKU-FUR-046,461,528,21,660
2025-10-20,SKU-FUR-047,822,0,21,329
2025-10-20,SKU-FUR-048,664,0,28,554
2025-10-20,SKU-FUR-049,472,0,7,189
2025-10-20,SKU-FUR-050,395,0,7,158
2025-10-20,SKU-FUR-051,244,280,14,350
2025-10-20,SKU-FUR-052,895,0,21,358
2025-10-20,SKU-FUR-053,365,0,7,146
2025-10-20,SKU-FUR-054,282,0,14,235
2025-10-20,SKU-FUR-055,360,0,7,144
2025-10-20,SKU-FUR-056,980,0,14,245
2025-10-20,SKU-FUR-057,510,0,28,425
2025-10-20,SKU-FUR-058,876,0,14,219
2025-10-20,SKU-FUR-059,2608,0,28,652
2025-10-20,SKU-FUR-060,126,336,14,421
2025-10-20,SKU-FUR-061,374,0,14,312
2025-10-20,SKU-FUR-062,538,0,21,449
2025-10-20,SKU-FUR-063,114,0,7,95
2025-10-20,SKU-FUR-064,62,165,14,207
2025-10-20,SKU-FUR-065,1048,0,14,262
2025-10-20,SKU-FUR-066,374,0,14,312
2025-10-20,SKU-FUR-067,824,0,14,206
2025-10-20,SKU-FUR-068,342,0,14,285
2025-10-20,SKU-FUR-069,54,145,7,182
2025-10-20,SKU-FUR-070,124,331,21,414
2025-10-20,SKU-FUR-071,45,52,7,65
2025-10-20,SKU-FUR-072,280,0,7,112
2025-10-20,SKU-FUR-073,313,0,14,261
2025-10-20,SKU-FUR-074,1244,0,21,311
2025-10-20,SKU-FUR-075,696,0,7,174
2025-10-20,SKU-FUR-076,261,299,21,374
2025-10-20,SKU-FUR-077,140,373,21,467
2025-10-20,SKU-FUR-078,72,192,14,241
2025-10-20,SKU-FUR-079,69,184,7,230
2025-10-20,SKU-FUR-080,620,0,7,155
2025-10-20,SKU-DEC-081,109,292,21,366
2025-10-20,SKU-DEC-082,166,444,28,556
2025-10-20,SKU-DEC-083,549,0,28,458
2025-10-20,SKU-DEC-084,142,162,14,203
2025-10-20,SKU-DEC-085,920,0,14,368
2025-10-20,SKU-DEC-086,139,371,28,464
2025-10-20,SKU-DEC-087,112,300,14,375
2025-10-20,SKU-DEC-088,66,177,7,222
2025-10-20,SKU-DEC-089,643,0,21,536
2025-10-20,SKU-DEC-090,57,152,14,190
2025-10-20,SKU-DEC-091,1870,0,28,748
2025-10-20,SKU-DEC-092,229,262,21,328
2025-10-20,SKU-DEC-093,48,129,7,162
2025-10-20,SKU-DEC-094,457,0,14,381
2025-10-20,SKU-DEC-095,1956,0,21,489
2025-10-20,SKU-DEC-096,1137,0,14,455
2025-10-20,SKU-DEC-097,2027,0,28,811
2025-10-20,SKU-DEC-098,157,180,14,225
2025-10-20,SKU-DEC-099,1480,0,21,370
2025-10-20,SKU-DEC-100,1820,0,28,455
2025-10-20,SKU-DEC-101,654,0,21,545
2025-10-20,SKU-DEC-102,235,269,28,337
2025-10-20,SKU-DEC-103,175,0,7,70
2025-10-20,SKU-DEC-104,360,0,14,144
2025-10-20,SKU-DEC-105,134,358,28,448
2025-10-20,SKU-DEC-106,66,176,7,221
2025-10-20,SKU-DEC-107,118,136,7,170
2025-10-20,SKU-DEC-108,945,0,14,378
2025-10-20,SKU-DEC-109,600,0,21,240
2025-10-20,SKU-DEC-110,58,156,21,195
2025-10-20,SKU-DEC-111,830,0,21,332
2025-10-20,SKU-DEC-112,301,344,21,430
2025-10-20,SKU-DEC-113,36,96,7,120
2025-10-20,SKU-DEC-114,562,0,7,225
2025-10-20,SKU-DEC-115,1052,0,28,421
2025-10-20,SKU-DEC-116,290,332,14,415
2025-10-20,SKU-DEC-117,98,0,7,82
2025-10-20,SKU-DEC-118,367,0,14,147
2025-10-20,SKU-DEC-119,130,348,21,436
2025-10-20,SKU-DEC-120,47,127,7,159
2025-10-20,SKU-LIG-121,213,0,7,178
2025-10-20,SKU-LIG-122,704,0,14,176
2025-10-20,SKU-LIG-123,278,318,14,398
2025-10-20,SKU-LIG-124,466,533,21,667
2025-10-20,SKU-LIG-125,308,0,7,77
2025-10-20,SKU-LIG-126,31,83,7,104
2025-10-20,SKU-LIG-127,1252,0,14,313
2025-10-20,SKU-LIG-128,1592,0,21,398
2025-10-20,SKU-LIG-129,815,0,14,326
2025-10-20,SKU-LIG-130,2668,0,28,667
2025-10-20,SKU-LIG-131,482,0,7,193
2025-10-20,SKU-LIG-132,315,0,7,126
2025-10-20,SKU-LIG-133,452,516,21,646
2025-10-20,SKU-LIG-134,405,0,21,338
2025-10-20,SKU-LIG-135,2588,0,28,647
2025-10-20,SKU-LIG-136,1080,0,14,270
2025-10-20,SKU-LIG-137,760,0,28,634
2025-10-20,SKU-LIG-138,1168,0,28,292
2025-10-20,SKU-LIG-139,896,0,7,224
2025-10-20,SKU-LIG-140,222,254,28,318
2025-10-20,SKU-LIG-141,1432,0,21,573
2025-10-20,SKU-LIG-142,352,403,21,504
2025-10-20,SKU-LIG-143,514,0,28,429
2025-10-20,SKU-LIG-144,68,183,21,229
2025-10-20,SKU-LIG-145,1236,0,21,309
2025-10-20,SKU-LIG-146,1868,0,21,467
2025-10-20,SKU-LIG-147,26,71,7,89
2025-10-20,SKU-LIG-148,657,0,14,263
2025-10-20,SKU-LIG-149,53,142,7,178
2025-10-20,SKU-LIG-150,564,0,7,141
2025-10-20,SKU-LIG-151,95,108,14,136
2025-10-20,SKU-LIG-152,400,0,21,334
2025-10-20,SKU-LIG-153,231,264,21,331
2025-10-20,SKU-LIG-154,248,663,28,829
2025-10-20,SKU-LIG-155,747,0,28,299
2025-10-20,SKU-LIG-156,510,0,14,204
2025-10-20,SKU-LIG-157,96,257,21,322
2025-10-20,SKU-LIG-158,234,626,28,783
2025-10-20,SKU-LIG-159,194,0,7,162
2025-10-20,SKU-LIG-160,1584,0,14,396
2025-10-20,SKU-SMA-161,240,0,7,96
2025-10-20,SKU-SMA-162,98,263,28,329
2025-10-20,SKU-SMA-163,1612,0,28,403
2025-10-20,SKU-SMA-164,246,281,28,352
2025-10-20,SKU-SMA-165,32,85,7,107
2025-10-20,SKU-SMA-166,103,0,7,86
2025-10-20,SKU-SMA-167,65,175,21,219
2025-10-20,SKU-SMA-168,784,0,7,196
2025-10-20,SKU-SMA-169,194,0,7,162
2025-10-20,SKU-SMA-170,422,483,21,604
2025-10-20,SKU-SMA-171,261,696,28,871
2025-10-20,SKU-SMA-172,81,218,14,273
2025-10-20,SKU-SMA-173,1132,0,14,283
2025-10-20,SKU-SMA-174,273,0,14,228
2025-10-20,SKU-SMA-175,313,0,14,261
2025-10-20,SKU-SMA-176,130,347,28,434
2025-10-20,SKU-SMA-177,382,0,7,153
2025-10-20,SKU-SMA-178,1636,0,21,409
2025-10-20,SKU-SMA-179,1960,0,21,490
2025-10-20,SKU-SMA-180,127,339,14,424
2025-10-20,SKU-SMA-181,1397,0,21,559
2025-10-20,SKU-SMA-182,1232,0,21,493
2025-10-20,SKU-SMA-183,80,0,7,67
2025-10-20,SKU-SMA-184,404,0,7,101
2025-10-20,SKU-SMA-185,2112,0,21,528
2025-10-20,SKU-SMA-186,517,0,7,207
2025-10-20,SKU-SMA-187,145,387,21,484
2025-10-20,SKU-SMA-188,79,0,7,66
2025-10-20,SKU-SMA-189,229,0,7,191
2025-10-20,SKU-SMA-190,280,320,14,401
2025-10-20,SKU-SMA-191,111,127,7,159
2025-10-20,SKU-SMA-192,955,0,14,382
2025-10-20,SKU-SMA-193,442,0,28,369
2025-10-20,SKU-SMA-194,420,480,28,600
2025-10-20,SKU-SMA-195,384,439,28,549
2025-10-20,SKU-SMA-196,1752,0,28,438
2025-10-20,SKU-SMA-197,920,0,7,230
2025-10-20,SKU-SMA-198,340,0,7,136
2025-10-20,SKU-SMA-199,478,0,14,399
2025-10-20,SKU-SMA-200,67,180,7,225
2025-10-27,SKU-BED-001,314,359,14,449
2025-10-27,SKU-BED-002,165,440,21,551
2025-10-27,SKU-BED-003,270,309,14,387
2025-10-27,SKU-BED-004,452,0,14,181
2025-10-27,SKU-BED-005,287,0,7,115
2025-10-27,SKU-BED-006,192,512,28,640
2025-10-27,SKU-BED-007,1095,0,14,438
2025-10-27,SKU-BED-008,382,0,14,319
2025-10-27,SKU-BED-009,258,689,28,862
2025-10-27,SKU-BED-010,151,0,7,126
2025-10-27,SKU-BED-011,1060,0,28,884
2025-10-27,SKU-BED-012,201,230,21,288
2025-10-27,SKU-BED-013,810,0,14,324
2025-10-27,SKU-BED-014,972,0,28,810
2025-10-27,SKU-BED-015,248,0,14,207
2025-10-27,SKU-BED-016,216,0,7,180
2025-10-27,SKU-BED-017,452,0,7,113
2025-10-27,SKU-BED-018,887,0,14,355
2025-10-27,SKU-BED-019,555,634,28,793
2025-10-27,SKU-BED-020,117,314,14,393
2025-10-27,SKU-BED-021,94,252,14,316
2025-10-27,SKU-BED-022,522,0,21,209
2025-10-27,SKU-BED-023,608,0,7,152
2025-10-27,SKU-BED-024,696,0,7,174
2025-10-27,SKU-BED-025,66,178,21,223
2025-10-27,SKU-BED-026,154,412,21,515
2025-10-27,SKU-BED-027,162,0,7,65
2025-10-27,SKU-BED-028,667,0,14,267
2025-10-27,SKU-BED-029,697,0,28,581
2025-10-27,SKU-BED-030,162,434,28,543
2025-10-27,SKU-BED-031,988,0,14,247
2025-10-27,SKU-BED-032,1595,0,21,638
2025-10-27,SKU-BED-033,126,336,21,420
2025-10-27,SKU-BED-034,708,0,14,177
2025-10-27,SKU-BED-035,83,221,21,277
2025-10-27,SKU-BED-036,315,360,21,451
2025-10-27,SKU-BED-037,688,0,7,172
2025-10-27,SKU-BED-038,49,132,7,166
2025-10-27,SKU-BED-039,1042,0,28,869
2025-10-27,SKU-BED-040,1447,0,21,579
2025-10-27,SKU-FUR-041,169,0,7,141
2025-10-27,SKU-FUR-042,241,644,28,806
2025-10-27,SKU-FUR-043,1948,0,21,487
2025-10-27,SKU-FUR-044,280,0,14,234
2025-10-27,SKU-FUR-045,1664,0,28,416
2025-10-27,SKU-FUR-046,2200,0,28,880
2025-10-27,SKU-FUR-047,1316,0,21,329
2025-10-27,SKU-FUR-048,83,221,14,277
2025-10-27,SKU-FUR-049,170,453,21,567
2025-10-27,SKU-FUR-050,760,0,28,634
2025-10-27,SKU-FUR-051,875,0,14,350
2025-10-27,SKU-FUR-052,71,191,14,239
2025-10-27,SKU-FUR-053,175,0,7,146
2025-10-27,SKU-FUR-054,282,0,14,235
2025-10-27,SKU-FUR-055,130,347,21,434
2025-10-27,SKU-FUR-056,1960,0,28,490
2025-10-27,SKU-FUR-057,424,0,7,106
2025-10-27,SKU-FUR-058,436,0,7,109
2025-10-27,SKU-FUR-059,456,521,28,652
2025-10-27,SKU-FUR-060,1052,0,14,421
2025-10-27,SKU-FUR-061,374,0,14,312
2025-10-27,SKU-FUR-062,1796,0,21,449
2025-10-27,SKU-FUR-063,28,76,7,95
2025-10-27,SKU-FUR-064,372,0,21,310
2025-10-27,SKU-FUR-065,524,0,7,131
2025-10-27,SKU-FUR-066,437,500,28,625
2025-10-27,SKU-FUR-067,123,330,28,413
2025-10-27,SKU-FUR-068,355,0,7,142
2025-10-27,SKU-FUR-069,438,0,14,365
2025-10-27,SKU-FUR-070,2212,0,28,553
2025-10-27,SKU-FUR-071,78,210,28,263
2025-10-27,SKU-FUR-072,404,0,21,337
2025-10-27,SKU-FUR-073,366,418,28,523
2025-10-27,SKU-FUR-074,123,0,7,103
2025-10-27,SKU-FUR-075,366,418,21,523
2025-10-27,SKU-FUR-076,174,199,14,249
2025-10-27,SKU-FUR-077,1244,0,14,311
2025-10-27,SKU-FUR-078,1207,0,28,483
2025-10-27,SKU-FUR-079,575,0,7,230
2025-10-27,SKU-FUR-080,387,0,7,155
2025-10-27,SKU-DEC-081,36,97,7,122
2025-10-27,SKU-DEC-082,667,0,28,556
2025-10-27,SKU-DEC-083,320,366,28,458
2025-10-27,SKU-DEC-084,762,0,21,305
2025-10-27,SKU-DEC-085,883,0,28,736
2025-10-27,SKU-DEC-086,1160,0,28,464
2025-10-27,SKU-DEC-087,525,600,28,751
2025-10-27,SKU-DEC-088,1112,0,14,445
2025-10-27,SKU-DEC-089,214,572,28,715
2025-10-27,SKU-DEC-090,228,0,14,190
2025-10-27,SKU-DEC-091,1402,0,21,561
2025-10-27,SKU-DEC-092,1092,0,28,437
2025-10-27,SKU-DEC-093,97,259,14,324
2025-10-27,SKU-DEC-094,914,0,28,762
2025-10-27,SKU-DEC-095,391,0,14,326
2025-10-27,SKU-DEC-096,819,0,21,683
2025-10-27,SKU-DEC-097,486,0,14,405
2025-10-27,SKU-DEC-098,78,89,7,112
2025-10-27,SKU-DEC-099,988,0,14,247
2025-10-27,SKU-DEC-100,546,0,28,455
2025-10-27,SKU-DEC-101,435,0,14,363
2025-10-27,SKU-DEC-102,201,0,14,168
2025-10-27,SKU-DEC-103,84,0,7,70
2025-10-27,SKU-DEC-104,50,57,7,72
2025-10-27,SKU-DEC-105,134,0,7,112
2025-10-27,SKU-DEC-106,531,0,14,443
2025-10-27,SKU-DEC-107,1700,0,28,680
2025-10-27,SKU-DEC-108,681,0,21,568
2025-10-27,SKU-DEC-109,48,128,14,160
2025-10-27,SKU-DEC-110,156,0,14,130
2025-10-27,SKU-DEC-111,1772,0,28,443
2025-10-27,SKU-DEC-112,129,344,21,430
2025-10-27,SKU-DEC-113,432,0,21,360
2025-10-27,SKU-DEC-114,810,0,21,675
2025-10-27,SKU-DEC-115,126,0,7,105
2025-10-27,SKU-DEC-116,2077,0,28,831
2025-10-27,SKU-DEC-117,49,131,14,164
2025-10-27,SKU-DEC-118,182,0,7,73
2025-10-27,SKU-DEC-119,523,0,21,436
2025-10-27,SKU-DEC-120,1597,0,28,639
2025-10-27,SKU-LIG-121,855,0,28,713
2025-10-27,SKU-LIG-122,882,0,28,353
2025-10-27,SKU-LIG-123,1592,0,14,398
2025-10-27,SKU-LIG-124,466,533,21,667
2025-10-27,SKU-LIG-125,216,247,28,309
2025-10-27,SKU-LIG-126,94,251,21,314
2025-10-27,SKU-LIG-127,188,501,28,627
2025-10-27,SKU-LIG-128,159,424,28,531
2025-10-27,SKU-LIG-129,114,130,7,163
2025-10-27,SKU-LIG-130,1332,0,14,333
2025-10-27,SKU-LIG-131,2316,0,21,579
2025-10-27,SKU-LIG-132,632,0,14,253
2025-10-27,SKU-LIG-133,1724,0,14,431
2025-10-27,SKU-LIG-134,845,0,21,338
2025-10-27,SKU-LIG-135,387,0,14,323
2025-10-27,SKU-LIG-136,337,0,7,135
2025-10-27,SKU-LIG-137,1585,0,28,634
2025-10-27,SKU-LIG-138,204,233,28,292
2025-10-27,SKU-LIG-139,2242,0,28,897
2025-10-27,SKU-LIG-140,23,63,7,79
2025-10-27,SKU-LIG-141,916,0,28,764
2025-10-27,SKU-LIG-142,403,0,14,336
2025-10-27,SKU-LIG-143,128,0,7,107
2025-10-27,SKU-LIG-144,190,0,7,76
2025-10-27,SKU-LIG-145,61,164,14,206
2025-10-27,SKU-LIG-146,1244,0,14,311
2025-10-27,SKU-LIG-147,667,0,21,267
2025-10-27,SKU-LIG-148,327,0,7,131
2025-10-27,SKU-LIG-149,2860,0,28,715
2025-10-27,SKU-LIG-150,198,226,14,283
2025-10-27,SKU-LIG-151,81,218,28,273
2025-10-27,SKU-LIG-152,1112,0,28,445
2025-10-27,SKU-LIG-153,1102,0,28,441
2025-10-27,SKU-LIG-154,517,0,7,207
2025-10-27,SKU-LIG-155,44,119,14,149
2025-10-27,SKU-LIG-156,61,163,14,204
2025-10-27,SKU-LIG-157,856,0,14,214
2025-10-27,SKU-LIG-158,1957,0,28,783
2025-10-27,SKU-LIG-159,583,0,21,486
2025-10-27,SKU-LIG-160,792,0,7,198
2025-10-27,SKU-SMA-161,460,0,28,384
2025-10-27,SKU-SMA-162,172,196,21,246
2025-10-27,SKU-SMA-163,1612,0,28,403
2025-10-27,SKU-SMA-164,184,211,21,264
2025-10-27,SKU-SMA-165,516,0,28,430
2025-10-27,SKU-SMA-166,103,0,7,86
2025-10-27,SKU-SMA-167,365,0,14,146
2025-10-27,SKU-SMA-168,490,0,7,196
2025-10-27,SKU-SMA-169,585,0,21,488
2025-10-27,SKU-SMA-170,140,160,7,201
2025-10-27,SKU-SMA-171,3484,0,28,871
2025-10-27,SKU-SMA-172,191,218,14,273
2025-10-27,SKU-SMA-173,42,112,7,141
2025-10-27,SKU-SMA-174,285,0,7,114
2025-10-27,SKU-SMA-175,977,0,21,391
2025-10-27,SKU-SMA-176,1304,0,21,326
2025-10-27,SKU-SMA-177,429,491,28,614
2025-10-27,SKU-SMA-178,1092,0,14,273
2025-10-27,SKU-SMA-179,1960,0,21,490
2025-10-27,SKU-SMA-180,530,0,7,212
2025-10-27,SKU-SMA-181,130,148,7,186
2025-10-27,SKU-SMA-182,788,0,28,657
2025-10-27,SKU-SMA-183,60,161,21,202
2025-10-27,SKU-SMA-184,283,324,28,405
2025-10-27,SKU-SMA-185,440,0,7,176
2025-10-27,SKU-SMA-186,828,0,7,207
2025-10-27,SKU-SMA-187,193,516,28,646
2025-10-27,SKU-SMA-188,46,52,7,66
2025-10-27,SKU-SMA-189,535,612,28,765
2025-10-27,SKU-SMA-190,1604,0,14,401
2025-10-27,SKU-SMA-191,574,0,21,479
2025-10-27,SKU-SMA-192,401,458,21,573
2025-10-27,SKU-SMA-193,83,221,21,277
2025-10-27,SKU-SMA-194,180,480,28,600
2025-10-27,SKU-SMA-195,1372,0,28,549
2025-10-27,SKU-SMA-196,822,0,21,329
2025-10-27,SKU-SMA-197,483,552,21,691
2025-10-27,SKU-SMA-198,163,435,28,544
2025-10-27,SKU-SMA-199,139,159,7,199
2025-10-27,SKU-SMA-200,135,360,14,451
2025-11-03,SKU-BED-001,67,179,7,224
2025-11-03,SKU-BED-002,110,293,14,367
2025-11-03,SKU-BED-003,1548,0,14,387
2025-11-03,SKU-BED-004,189,216,21,271
2025-11-03,SKU-BED-005,161,184,14,230
2025-11-03,SKU-BED-006,1280,0,14,320
2025-11-03,SKU-BED-007,1642,0,21,657
2025-11-03,SKU-BED-008,95,255,14,319
2025-11-03,SKU-BED-009,452,516,21,646
2025-11-03,SKU-BED-010,151,403,28,504
2025-11-03,SKU-BED-011,132,353,14,442
2025-11-03,SKU-BED-012,1152,0,21,288
2025-11-03,SKU-BED-013,340,389,21,487
2025-11-03,SKU-BED-014,1012,0,14,405
2025-11-03,SKU-BED-015,498,0,28,415
2025-11-03,SKU-BED-016,1440,0,14,360
2025-11-03,SKU-BED-017,79,90,7,113
2025-11-03,SKU-BED-018,1420,0,14,355
2025-11-03,SKU-BED-019,2376,0,21,594
2025-11-03,SKU-BED-020,117,314,14,393
2025-11-03,SKU-BED-021,1580,0,28,632
2025-11-03,SKU-BED-022,347,0,14,139
2025-11-03,SKU-BED-023,608,0,7,152
2025-11-03,SKU-BED-024,2088,0,21,522
2025-11-03,SKU-BED-025,104,119,14,149
2025-11-03,SKU-BED-026,205,0,7,171
2025-11-03,SKU-BED-027,182,208,28,260
2025-11-03,SKU-BED-028,1335,0,28,534
2025-11-03,SKU-BED-029,203,232,14,290
2025-11-03,SKU-BED-030,40,108,7,135
2025-11-03,SKU-BED-031,1237,0,28,495
2025-11-03,SKU-BED-032,191,510,21,638
2025-11-03,SKU-BED-033,560,0,7,140
2025-11-03,SKU-BED-034,665,0,21,266
2025-11-03,SKU-BED-035,368,0,7,92
2025-11-03,SKU-BED-036,600,0,7,150
2025-11-03,SKU-BED-037,1376,0,14,344
2025-11-03,SKU-BED-038,149,399,21,499
2025-11-03,SKU-BED-039,195,521,21,652
2025-11-03,SKU-BED-040,173,463,21,579
2025-11-03,SKU-FUR-041,169,0,7,141
2025-11-03,SKU-FUR-042,140,160,7,201
2025-11-03,SKU-FUR-043,405,0,7,162
2025-11-03,SKU-FUR-044,877,0,21,351
2025-11-03,SKU-FUR-045,291,332,28,416
2025-11-03,SKU-FUR-046,264,704,28,880
2025-11-03,SKU-FUR-047,230,263,21,329
2025-11-03,SKU-FUR-048,1664,0,21,416
2025-11-03,SKU-FUR-049,680,0,21,567
2025-11-03,SKU-FUR-050,47,126,7,158
2025-11-03,SKU-FUR-051,875,0,14,350
2025-11-03,SKU-FUR-052,250,286,21,358
2025-11-03,SKU-FUR-053,1168,0,14,292
2025-11-03,SKU-FUR-054,329,376,28,470
2025-11-03,SKU-FUR-055,1156,0,14,289
2025-11-03,SKU-FUR-056,256,293,21,367
2025-11-03,SKU-FUR-057,95,255,21,319
2025-11-03,SKU-FUR-058,1316,0,21,329
2025-11-03,SKU-FUR-059,1956,0,21,489
2025-11-03,SKU-FUR-060,1011,0,28,843
2025-11-03,SKU-FUR-061,187,500,28,625
2025-11-03,SKU-FUR-062,179,479,28,599
2025-11-03,SKU-FUR-063,85,228,21,285
2025-11-03,SKU-FUR-064,72,82,7,103
2025-11-03,SKU-FUR-065,91,104,7,131
2025-11-03,SKU-FUR-066,109,124,7,156
2025-11-03,SKU-FUR-067,372,0,21,310
2025-11-03,SKU-FUR-068,355,0,7,142
2025-11-03,SKU-FUR-069,455,0,7,182
2025-11-03,SKU-FUR-070,82,220,14,276
2025-11-03,SKU-FUR-071,236,0,21,197
2025-11-03,SKU-FUR-072,896,0,14,224
2025-11-03,SKU-FUR-073,182,208,14,261
2025-11-03,SKU-FUR-074,144,165,14,207
2025-11-03,SKU-FUR-075,1396,0,14,349
2025-11-03,SKU-FUR-076,1996,0,28,499
2025-11-03,SKU-FUR-077,1244,0,14,311
2025-11-03,SKU-FUR-078,108,289,21,362
2025-11-03,SKU-FUR-079,1840,0,14,460
2025-11-03,SKU-FUR-080,46,124,7,155
2025-11-03,SKU-DEC-081,73,195,14,244
2025-11-03,SKU-DEC-082,333,0,14,278
2025-11-03,SKU-DEC-083,160,183,14,229
2025-11-03,SKU-DEC-084,404,0,7,101
2025-11-03,SKU-DEC-085,460,0,7,184
2025-11-03,SKU-DEC-086,870,0,21,348
2025-11-03,SKU-DEC-087,112,300,14,375
2025-11-03,SKU-DEC-088,1068,0,28,890
2025-11-03,SKU-DEC-089,428,0,14,357
2025-11-03,SKU-DEC-090,1520,0,28,380
2025-11-03,SKU-DEC-091,523,598,28,748
2025-11-03,SKU-DEC-092,76,87,7,109
2025-11-03,SKU-DEC-093,1620,0,28,648
2025-11-03,SKU-DEC-094,475,0,7,190
2025-11-03,SKU-DEC-095,195,522,28,653
2025-11-03,SKU-DEC-096,2732,0,21,683
2025-11-03,SKU-DEC-097,283,324,14,405
2025-11-03,SKU-DEC-098,67,180,14,225
2025-11-03,SKU-DEC-099,1976,0,28,494
2025-11-03,SKU-DEC-100,68,181,14,227
2025-11-03,SKU-DEC-101,54,144,7,181
2025-11-03,SKU-DEC-102,201,0,14,168
2025-11-03,SKU-DEC-103,147,168,21,211
2025-11-03,SKU-DEC-104,360,0,14,144
2025-11-03,SKU-DEC-105,537,0,28,448
2025-11-03,SKU-DEC-106,620,708,28,886
2025-11-03,SKU-DEC-107,680,0,7,170
2025-11-03,SKU-DEC-108,756,0,7,189
2025-11-03,SKU-DEC-109,960,0,21,240
2025-11-03,SKU-DEC-110,156,0,14,130
2025-11-03,SKU-DEC-111,232,265,21,332
2025-11-03,SKU-DEC-112,129,344,21,430
2025-11-03,SKU-DEC-113,1920,0,28,480
2025-11-03,SKU-DEC-114,562,0,7,225
2025-11-03,SKU-DEC-115,505,0,28,421
2025-11-03,SKU-DEC-116,144,165,7,207
2025-11-03,SKU-DEC-117,24,65,7,82
2025-11-03,SKU-DEC-118,154,176,21,221
2025-11-03,SKU-DEC-119,87,232,14,291
2025-11-03,SKU-DEC-120,223,255,14,319
2025-11-03,SKU-LIG-121,2136,0,21,534
2025-11-03,SKU-LIG-122,1060,0,21,265
2025-11-03,SKU-LIG-123,1992,0,28,797
2025-11-03,SKU-LIG-124,310,355,14,444
2025-11-03,SKU-LIG-125,370,0,28,309
2025-11-03,SKU-LIG-126,1256,0,21,314
2025-11-03,SKU-LIG-127,375,0,14,313
2025-11-03,SKU-LIG-128,637,0,28,531
2025-11-03,SKU-LIG-129,228,260,14,326
2025-11-03,SKU-LIG-130,1667,0,28,667
2025-11-03,SKU-LIG-131,694,0,21,579
2025-11-03,SKU-LIG-132,152,405,28,507
2025-11-03,SKU-LIG-133,193,516,21,646
2025-11-03,SKU-LIG-134,33,89,7,112
2025-11-03,SKU-LIG-135,582,0,21,485
2025-11-03,SKU-LIG-136,1080,0,14,270
2025-11-03,SKU-LIG-137,1187,0,21,475
2025-11-03,SKU-LIG-138,102,116,14,146
2025-11-03,SKU-LIG-139,201,537,21,672
2025-11-03,SKU-LIG-140,95,254,28,318
2025-11-03,SKU-LIG-141,534,611,28,764
2025-11-03,SKU-LIG-142,420,0,7,168
2025-11-03,SKU-LIG-143,535,0,14,214
2025-11-03,SKU-LIG-144,45,122,14,153
2025-11-03,SKU-LIG-145,515,0,14,206
2025-11-03,SKU-LIG-146,46,124,7,155
2025-11-03,SKU-LIG-147,667,0,21,267
2025-11-03,SKU-LIG-148,327,0,7,131
2025-11-03,SKU-LIG-149,643,0,21,536
2025-11-03,SKU-LIG-150,1132,0,14,283
2025-11-03,SKU-LIG-151,340,0,14,136
2025-11-03,SKU-LIG-152,155,177,14,222
2025-11-03,SKU-LIG-153,33,88,7,110
2025-11-03,SKU-LIG-154,124,331,14,414
2025-11-03,SKU-LIG-155,372,0,14,149
2025-11-03,SKU-LIG-156,1224,0,21,306
2025-11-03,SKU-LIG-157,225,257,21,322
2025-11-03,SKU-LIG-158,469,0,14,391
2025-11-03,SKU-LIG-159,777,0,28,648
2025-11-03,SKU-LIG-160,792,0,7,198
2025-11-03,SKU-SMA-161,201,230,21,288
2025-11-03,SKU-SMA-162,822,0,28,329
2025-11-03,SKU-SMA-163,1007,0,28,403
2025-11-03,SKU-SMA-164,1056,0,21,264
2025-11-03,SKU-SMA-165,64,172,14,215
2025-11-03,SKU-SMA-166,344,0,7,86
2025-11-03,SKU-SMA-167,204,233,28,292
2025-11-03,SKU-SMA-168,58,156,7,196
2025-11-03,SKU-SMA-169,341,390,21,488
2025-11-03,SKU-SMA-170,804,0,7,201
2025-11-03,SKU-SMA-171,304,348,14,435
2025-11-03,SKU-SMA-172,682,0,14,273
2025-11-03,SKU-SMA-173,352,0,7,141
2025-11-03,SKU-SMA-174,319,364,28,456
2025-11-03,SKU-SMA-175,977,0,21,391
2025-11-03,SKU-SMA-176,1085,0,28,434
2025-11-03,SKU-SMA-177,382,0,7,153
2025-11-03,SKU-SMA-178,327,0,14,273
2025-11-03,SKU-SMA-179,97,260,14,326
2025-11-03,SKU-SMA-180,1060,0,14,424
2025-11-03,SKU-SMA-181,1397,0,21,559
2025-11-03,SKU-SMA-182,2628,0,28,657
2025-11-03,SKU-SMA-183,60,161,21,202
2025-11-03,SKU-SMA-184,283,324,28,405
2025-11-03,SKU-SMA-185,246,281,14,352
2025-11-03,SKU-SMA-186,435,497,21,622
2025-11-03,SKU-SMA-187,1292,0,14,323
2025-11-03,SKU-SMA-188,1060,0,28,265
2025-11-03,SKU-SMA-189,2296,0,21,574
2025-11-03,SKU-SMA-190,3212,0,28,803
2025-11-03,SKU-SMA-191,397,0,7,159
2025-11-03,SKU-SMA-192,1910,0,28,764
2025-11-03,SKU-SMA-193,692,0,21,277
2025-11-03,SKU-SMA-194,600,0,7,150
2025-11-03,SKU-SMA-195,658,0,28,549
2025-11-03,SKU-SMA-196,1752,0,28,438
2025-11-03,SKU-SMA-197,1105,0,28,921
2025-11-03,SKU-SMA-198,163,0,7,136
2025-11-03,SKU-SMA-199,119,319,14,399
2025-11-03,SKU-SMA-200,900,0,7,225
2025-11-10,SKU-BED-001,134,359,14,449
2025-11-10,SKU-BED-002,2936,0,28,734
2025-11-10,SKU-BED-003,57,154,7,193
2025-11-10,SKU-BED-004,905,0,28,362
2025-11-10,SKU-BED-005,553,0,28,461
2025-11-10,SKU-BED-006,192,512,28,640
2025-11-10,SKU-BED-007,525,0,14,438
2025-11-10,SKU-BED-008,397,0,7,159
2025-11-10,SKU-BED-009,603,689,28,862
2025-11-10,SKU-BED-010,352,403,28,504
2025-11-10,SKU-BED-011,3536,0,28,884
2025-11-10,SKU-BED-012,384,0,7,96
2025-11-10,SKU-BED-013,2596,0,28,649
2025-11-10,SKU-BED-014,972,0,28,810
2025-11-10,SKU-BED-015,30,82,7,103
2025-11-10,SKU-BED-016,1350,0,21,540
2025-11-10,SKU-BED-017,68,181,14,227
2025-11-10,SKU-BED-018,213,568,28,711
2025-11-10,SKU-BED-019,3172,0,28,793
2025-11-10,SKU-BED-020,982,0,14,393
2025-11-10,SKU-BED-021,632,0,7,158
2025-11-10,SKU-BED-022,62,167,21,209
2025-11-10,SKU-BED-023,1142,0,21,457
2025-11-10,SKU-BED-024,104,278,14,348
2025-11-10,SKU-BED-025,104,119,14,149
2025-11-10,SKU-BED-026,102,274,14,343
2025-11-10,SKU-BED-027,487,0,21,195
2025-11-10,SKU-BED-028,1068,0,14,267
2025-11-10,SKU-BED-029,348,0,14,290
2025-11-10,SKU-BED-030,677,0,14,271
2025-11-10,SKU-BED-031,148,396,28,495
2025-11-10,SKU-BED-032,848,0,7,212
2025-11-10,SKU-BED-033,1050,0,21,420
2025-11-10,SKU-BED-034,61,70,7,88
2025-11-10,SKU-BED-035,692,0,21,277
2025-11-10,SKU-BED-036,1204,0,14,301
2025-11-10,SKU-BED-037,1722,0,28,689
2025-11-10,SKU-BED-038,1662,0,28,665
2025-11-10,SKU-BED-039,2172,0,28,869
2025-11-10,SKU-BED-040,405,463,21,579
2025-11-10,SKU-FUR-041,296,338,21,423
2025-11-10,SKU-FUR-042,564,644,28,806
2025-11-10,SKU-FUR-043,97,260,14,325
2025-11-10,SKU-FUR-044,1872,0,28,468
2025-11-10,SKU-FUR-045,520,0,14,208
2025-11-10,SKU-FUR-046,550,0,7,220
2025-11-10,SKU-FUR-047,262,0,14,219
2025-11-10,SKU-FUR-048,124,332,21,416
2025-11-10,SKU-FUR-049,453,0,14,378
2025-11-10,SKU-FUR-050,190,507,28,634
2025-11-10,SKU-FUR-051,210,560,28,701
2025-11-10,SKU-FUR-052,83,95,7,119
2025-11-10,SKU-FUR-053,43,116,7,146
2025-11-10,SKU-FUR-054,292,0,7,117
2025-11-10,SKU-FUR-055,202,231,14,289
2025-11-10,SKU-FUR-056,85,97,7,122
2025-11-10,SKU-FUR-057,223,255,21,319
2025-11-10,SKU-FUR-058,876,0,14,219
2025-11-10,SKU-FUR-059,407,0,7,163
2025-11-10,SKU-FUR-060,294,336,14,421
2025-11-10,SKU-FUR-061,374,0,14,312
2025-11-10,SKU-FUR-062,538,0,21,449
2025-11-10,SKU-FUR-063,266,304,28,380
2025-11-10,SKU-FUR-064,248,0,14,207
2025-11-10,SKU-FUR-065,275,314,21,393
2025-11-10,SKU-FUR-066,1872,0,21,468
2025-11-10,SKU-FUR-067,775,0,21,310
2025-11-10,SKU-FUR-068,1427,0,28,571
2025-11-10,SKU-FUR-069,455,0,7,182
2025-11-10,SKU-FUR-070,496,0,21,414
2025-11-10,SKU-FUR-071,184,210,28,263
2025-11-10,SKU-FUR-072,67,179,14,224
2025-11-10,SKU-FUR-073,156,0,7,130
2025-11-10,SKU-FUR-074,1660,0,28,415
2025-11-10,SKU-FUR-075,1396,0,14,349
2025-11-10,SKU-FUR-076,37,99,7,124
2025-11-10,SKU-FUR-077,186,498,28,623
2025-11-10,SKU-FUR-078,144,0,7,120
2025-11-10,SKU-FUR-079,552,0,14,460
2025-11-10,SKU-FUR-080,620,0,7,155
2025-11-10,SKU-DEC-081,36,97,7,122
2025-11-10,SKU-DEC-082,1112,0,14,278
2025-11-10,SKU-DEC-083,34,91,7,114
2025-11-10,SKU-DEC-084,404,0,7,101
2025-11-10,SKU-DEC-085,1840,0,28,736
2025-11-10,SKU-DEC-086,556,0,28,464
2025-11-10,SKU-DEC-087,748,0,7,187
2025-11-10,SKU-DEC-088,155,177,7,222
2025-11-10,SKU-DEC-089,213,0,7,178
2025-11-10,SKU-DEC-090,456,0,28,380
2025-11-10,SKU-DEC-091,523,598,28,748
2025-11-10,SKU-DEC-092,272,0,7,109
2025-11-10,SKU-DEC-093,810,0,14,324
2025-11-10,SKU-DEC-094,228,609,28,762
2025-11-10,SKU-DEC-095,342,391,21,489
2025-11-10,SKU-DEC-096,318,364,14,455
2025-11-10,SKU-DEC-097,1520,0,21,608
2025-11-10,SKU-DEC-098,448,0,7,112
2025-11-10,SKU-DEC-099,111,296,21,370
2025-11-10,SKU-DEC-100,135,0,7,113
2025-11-10,SKU-DEC-101,2180,0,21,545
2025-11-10,SKU-DEC-102,404,0,28,337
2025-11-10,SKU-DEC-103,84,0,7,70
2025-11-10,SKU-DEC-104,345,0,28,288
2025-11-10,SKU-DEC-105,33,89,7,112
2025-11-10,SKU-DEC-106,464,531,21,664
2025-11-10,SKU-DEC-107,816,0,28,680
2025-11-10,SKU-DEC-108,1512,0,14,378
2025-11-10,SKU-DEC-109,168,192,21,240
2025-11-10,SKU-DEC-110,91,104,14,130
2025-11-10,SKU-DEC-111,99,265,21,332
2025-11-10,SKU-DEC-112,301,344,21,430
2025-11-10,SKU-DEC-113,336,384,28,480
2025-11-10,SKU-DEC-114,1125,0,14,450
2025-11-10,SKU-DEC-115,525,0,14,210
2025-11-10,SKU-DEC-116,2077,0,28,831
2025-11-10,SKU-DEC-117,328,0,7,82
2025-11-10,SKU-DEC-118,176,0,14,147
2025-11-10,SKU-DEC-119,1455,0,28,582
2025-11-10,SKU-DEC-120,1276,0,14,319
2025-11-10,SKU-LIG-121,124,142,7,178
2025-11-10,SKU-LIG-122,352,0,7,88
2025-11-10,SKU-LIG-123,238,0,7,199
2025-11-10,SKU-LIG-124,555,0,7,222
2025-11-10,SKU-LIG-125,53,61,7,77
2025-11-10,SKU-LIG-126,1672,0,28,418
2025-11-10,SKU-LIG-127,390,0,7,156
2025-11-10,SKU-LIG-128,158,0,7,132
2025-11-10,SKU-LIG-129,228,260,14,326
2025-11-10,SKU-LIG-130,664,0,7,166
2025-11-10,SKU-LIG-131,57,154,7,193
2025-11-10,SKU-LIG-132,504,0,7,126
2025-11-10,SKU-LIG-133,258,689,28,862
2025-11-10,SKU-LIG-134,67,180,14,225
2025-11-10,SKU-LIG-135,387,0,14,323
2025-11-10,SKU-LIG-136,337,0,7,135
2025-11-10,SKU-LIG-137,1268,0,14,317
2025-11-10,SKU-LIG-138,262,0,21,219
2025-11-10,SKU-LIG-139,896,0,7,224
2025-11-10,SKU-LIG-140,95,254,28,318
2025-11-10,SKU-LIG-141,401,458,21,573
2025-11-10,SKU-LIG-142,100,268,14,336
2025-11-10,SKU-LIG-143,128,0,7,107
2025-11-10,SKU-LIG-144,190,0,7,76
2025-11-10,SKU-LIG-145,123,330,28,413
2025-11-10,SKU-LIG-146,2488,0,28,622
2025-11-10,SKU-LIG-147,1428,0,28,357
2025-11-10,SKU-LIG-148,524,0,7,131
2025-11-10,SKU-LIG-149,213,0,7,178
2025-11-10,SKU-LIG-150,510,0,21,425
2025-11-10,SKU-LIG-151,81,218,28,273
2025-11-10,SKU-LIG-152,33,88,7,111
2025-11-10,SKU-LIG-153,132,0,7,110
2025-11-10,SKU-LIG-154,435,497,21,622
2025-11-10,SKU-LIG-155,209,239,28,299
2025-11-10,SKU-LIG-156,510,0,14,204
2025-11-10,SKU-LIG-157,1072,0,28,429
2025-11-10,SKU-LIG-158,273,312,14,391
2025-11-10,SKU-LIG-159,194,518,28,648
2025-11-10,SKU-LIG-160,277,316,14,396
2025-11-10,SKU-SMA-161,57,153,14,192
2025-11-10,SKU-SMA-162,205,0,7,82
2025-11-10,SKU-SMA-163,282,322,28,403
2025-11-10,SKU-SMA-164,880,0,28,352
2025-11-10,SKU-SMA-165,128,0,7,107
2025-11-10,SKU-SMA-166,416,0,28,347
2025-11-10,SKU-SMA-167,204,233,28,292
2025-11-10,SKU-SMA-168,137,156,7,196
2025-11-10,SKU-SMA-169,648,0,7,162
2025-11-10,SKU-SMA-170,804,0,7,201
2025-11-10,SKU-SMA-171,65,173,7,217
2025-11-10,SKU-SMA-172,163,0,7,136
2025-11-10,SKU-SMA-173,198,226,14,283
2025-11-10,SKU-SMA-174,136,364,28,456
2025-11-10,SKU-SMA-175,1564,0,21,391
2025-11-10,SKU-SMA-176,65,173,14,217
2025-11-10,SKU-SMA-177,1228,0,14,307
2025-11-10,SKU-SMA-178,1092,0,14,273
2025-11-10,SKU-SMA-179,48,130,7,163
2025-11-10,SKU-SMA-180,1018,0,28,849
2025-11-10,SKU-SMA-181,744,0,7,186
2025-11-10,SKU-SMA-182,459,525,28,657
2025-11-10,SKU-SMA-183,167,0,7,67
2025-11-10,SKU-SMA-184,121,0,7,101
2025-11-10,SKU-SMA-185,211,0,7,176
2025-11-10,SKU-SMA-186,1555,0,21,622
2025-11-10,SKU-SMA-187,2584,0,28,646
2025-11-10,SKU-SMA-188,318,0,28,265
2025-11-10,SKU-SMA-189,535,612,28,765
2025-11-10,SKU-SMA-190,2007,0,28,803
2025-11-10,SKU-SMA-191,1276,0,14,319
2025-11-10,SKU-SMA-192,764,0,7,191
2025-11-10,SKU-SMA-193,193,221,21,277
2025-11-10,SKU-SMA-194,105,120,7,150
2025-11-10,SKU-SMA-195,95,109,7,137
2025-11-10,SKU-SMA-196,436,0,7,109
2025-11-10,SKU-SMA-197,483,552,21,691
2025-11-10,SKU-SMA-198,40,108,7,136
2025-11-10,SKU-SMA-199,179,479,21,599
2025-11-10,SKU-SMA-200,2257,0,28,903
2025-11-17,SKU-BED-001,808,0,21,674
2025-11-17,SKU-BED-002,1468,0,14,367
2025-11-17,SKU-BED-003,464,0,14,387
2025-11-17,SKU-BED-004,905,0,28,362
2025-11-17,SKU-BED-005,287,0,7,115
2025-11-17,SKU-BED-006,192,512,28,640
2025-11-17,SKU-BED-007,788,0,21,657
2025-11-17,SKU-BED-008,574,0,21,479
2025-11-17,SKU-BED-009,1034,0,28,862
2025-11-17,SKU-BED-010,1512,0,21,378
2025-11-17,SKU-BED-011,3536,0,28,884
2025-11-17,SKU-BED-012,201,230,21,288
2025-11-17,SKU-BED-013,810,0,14,324
2025-11-17,SKU-BED-014,972,0,28,810
2025-11-17,SKU-BED-015,123,0,7,103
2025-11-17,SKU-BED-016,1440,0,14,360
2025-11-17,SKU-BED-017,68,181,14,227
2025-11-17,SKU-BED-018,106,284,14,355
2025-11-17,SKU-BED-019,1485,0,21,594
2025-11-17,SKU-BED-020,236,629,28,787
2025-11-17,SKU-BED-021,94,252,14,316
2025-11-17,SKU-BED-022,146,167,21,209
2025-11-17,SKU-BED-023,1525,0,28,610
2025-11-17,SKU-BED-024,487,556,28,696
2025-11-17,SKU-BED-025,44,119,14,149
2025-11-17,SKU-BED-026,857,0,14,343
2025-11-17,SKU-BED-027,325,0,14,130
2025-11-17,SKU-BED-028,667,0,14,267
2025-11-17,SKU-BED-029,348,0,14,290
2025-11-17,SKU-BED-030,122,325,21,407
2025-11-17,SKU-BED-031,259,296,21,371
2025-11-17,SKU-BED-032,254,0,7,212
2025-11-17,SKU-BED-033,196,224,14,280
2025-11-17,SKU-BED-034,220,0,7,88
2025-11-17,SKU-BED-035,1480,0,28,370
2025-11-17,SKU-BED-036,315,360,21,451
2025-11-17,SKU-BED-037,2756,0,28,689
2025-11-17,SKU-BED-038,398,0,14,332
2025-11-17,SKU-BED-039,303,347,14,434
2025-11-17,SKU-BED-040,965,0,14,386
2025-11-17,SKU-FUR-041,338,0,14,282
2025-11-17,SKU-FUR-042,120,322,14,403
2025-11-17,SKU-FUR-043,113,129,7,162
2025-11-17,SKU-FUR-044,561,0,28,468
2025-11-17,SKU-FUR-045,249,0,14,208
2025-11-17,SKU-FUR-046,1056,0,28,880
2025-11-17,SKU-FUR-047,876,0,14,219
2025-11-17,SKU-FUR-048,692,0,14,277
2025-11-17,SKU-FUR-049,680,0,21,567
2025-11-17,SKU-FUR-050,95,253,14,317
2025-11-17,SKU-FUR-051,122,140,7,175
2025-11-17,SKU-FUR-052,143,382,28,478
2025-11-17,SKU-FUR-053,2336,0,28,584
2025-11-17,SKU-FUR-054,468,0,7,117
2025-11-17,SKU-FUR-055,173,463,28,579
2025-11-17,SKU-FUR-056,73,196,14,245
2025-11-17,SKU-FUR-057,382,0,21,319
2025-11-17,SKU-FUR-058,262,0,14,219
2025-11-17,SKU-FUR-059,586,0,21,489
2025-11-17,SKU-FUR-060,590,674,28,843
2025-11-17,SKU-FUR-061,328,375,21,469
2025-11-17,SKU-FUR-062,1497,0,28,599
2025-11-17,SKU-FUR-063,342,0,21,285
2025-11-17,SKU-FUR-064,828,0,14,207
2025-11-17,SKU-FUR-065,314,0,14,262
2025-11-17,SKU-FUR-066,327,374,21,468
2025-11-17,SKU-FUR-067,144,164,14,206
2025-11-17,SKU-FUR-068,171,456,28,571
2025-11-17,SKU-FUR-069,1460,0,14,365
2025-11-17,SKU-FUR-070,289,331,21,414
2025-11-17,SKU-FUR-071,162,0,7,65
2025-11-17,SKU-FUR-072,1796,0,28,449
2025-11-17,SKU-FUR-073,2092,0,28,523
2025-11-17,SKU-FUR-074,777,0,21,311
2025-11-17,SKU-FUR-075,837,0,28,698
2025-11-17,SKU-FUR-076,74,199,14,249
2025-11-17,SKU-FUR-077,436,498,28,623
2025-11-17,SKU-FUR-078,289,0,14,241
2025-11-17,SKU-FUR-079,1840,0,14,460
2025-11-17,SKU-FUR-080,434,496,28,621
2025-11-17,SKU-DEC-081,1220,0,28,488
2025-11-17,SKU-DEC-082,125,333,21,417
2025-11-17,SKU-DEC-083,1832,0,28,458
2025-11-17,SKU-DEC-084,1624,0,28,406
2025-11-17,SKU-DEC-085,220,0,7,184
2025-11-17,SKU-DEC-086,928,0,14,232
2025-11-17,SKU-DEC-087,748,0,7,187
2025-11-17,SKU-DEC-088,200,534,21,668
2025-11-17,SKU-DEC-089,375,428,21,536
2025-11-17,SKU-DEC-090,199,228,21,285
2025-11-17,SKU-DEC-091,1496,0,14,374
2025-11-17,SKU-DEC-092,98,262,21,328
2025-11-17,SKU-DEC-093,1215,0,21,486
2025-11-17,SKU-DEC-094,400,457,21,572
2025-11-17,SKU-DEC-095,783,0,28,653
2025-11-17,SKU-DEC-096,637,728,28,910
2025-11-17,SKU-DEC-097,729,0,21,608
2025-11-17,SKU-DEC-098,101,270,21,338
2025-11-17,SKU-DEC-099,307,0,7,123
2025-11-17,SKU-DEC-100,1820,0,28,455
2025-11-17,SKU-DEC-101,654,0,21,545
2025-11-17,SKU-DEC-102,302,0,21,252
2025-11-17,SKU-DEC-103,42,112,14,141
2025-11-17,SKU-DEC-104,64,172,21,216
2025-11-17,SKU-DEC-105,840,0,21,336
2025-11-17,SKU-DEC-106,199,531,21,664
2025-11-17,SKU-DEC-107,102,272,14,340
2025-11-17,SKU-DEC-108,529,605,28,757
2025-11-17,SKU-DEC-109,400,0,14,160
2025-11-17,SKU-DEC-110,234,0,21,195
2025-11-17,SKU-DEC-111,265,0,14,221
2025-11-17,SKU-DEC-112,171,0,7,143
2025-11-17,SKU-DEC-113,1920,0,28,480
2025-11-17,SKU-DEC-114,3600,0,28,900
2025-11-17,SKU-DEC-115,790,0,21,316
2025-11-17,SKU-DEC-116,581,664,28,831
2025-11-17,SKU-DEC-117,114,131,14,164
2025-11-17,SKU-DEC-118,292,0,7,73
2025-11-17,SKU-DEC-119,362,0,7,145
2025-11-17,SKU-DEC-120,223,255,14,319
2025-11-17,SKU-LIG-121,499,570,28,713
2025-11-17,SKU-LIG-122,26,70,7,88
2025-11-17,SKU-LIG-123,716,0,21,597
2025-11-17,SKU-LIG-124,1667,0,21,667
2025-11-17,SKU-LIG-125,277,0,21,231
2025-11-17,SKU-LIG-126,1256,0,21,314
2025-11-17,SKU-LIG-127,1252,0,14,313
2025-11-17,SKU-LIG-128,1592,0,21,398
2025-11-17,SKU-LIG-129,586,0,21,489
2025-11-17,SKU-LIG-130,99,266,14,333
2025-11-17,SKU-LIG-131,965,0,14,386
2025-11-17,SKU-LIG-132,354,405,28,507
2025-11-17,SKU-LIG-133,2584,0,21,646
2025-11-17,SKU-LIG-134,101,270,21,338
2025-11-17,SKU-LIG-135,644,0,7,161
2025-11-17,SKU-LIG-136,81,216,14,270
2025-11-17,SKU-LIG-137,142,380,21,475
2025-11-17,SKU-LIG-138,43,116,14,146
2025-11-17,SKU-LIG-139,67,179,7,224
2025-11-17,SKU-LIG-140,95,254,28,318
2025-11-17,SKU-LIG-141,764,0,7,191
2025-11-17,SKU-LIG-142,352,403,21,504
2025-11-17,SKU-LIG-143,64,171,14,214
2025-11-17,SKU-LIG-144,1224,0,28,306
2025-11-17,SKU-LIG-145,515,0,14,206
2025-11-17,SKU-LIG-146,93,248,14,311
2025-11-17,SKU-LIG-147,712,0,14,178
2025-11-17,SKU-LIG-148,368,420,28,526
2025-11-17,SKU-LIG-149,445,0,7,178
2025-11-17,SKU-LIG-150,84,226,14,283
2025-11-17,SKU-LIG-151,81,218,28,273
2025-11-17,SKU-LIG-152,1780,0,28,445
2025-11-17,SKU-LIG-153,66,176,14,220
2025-11-17,SKU-LIG-154,289,331,14,414
2025-11-17,SKU-LIG-155,1196,0,28,299
2025-11-17,SKU-LIG-156,61,163,14,204
2025-11-17,SKU-LIG-157,428,0,7,107
2025-11-17,SKU-LIG-158,234,0,7,195
2025-11-17,SKU-LIG-159,810,0,14,324
2025-11-17,SKU-LIG-160,277,316,14,396
2025-11-17,SKU-SMA-161,345,0,21,288
2025-11-17,SKU-SMA-162,114,131,14,164
2025-11-17,SKU-SMA-163,400,0,7,100
2025-11-17,SKU-SMA-164,660,0,21,264
2025-11-17,SKU-SMA-165,64,172,14,215
2025-11-17,SKU-SMA-166,432,0,14,173
2025-11-17,SKU-SMA-167,102,116,14,146
2025-11-17,SKU-SMA-168,784,0,7,196
2025-11-17,SKU-SMA-169,812,0,14,325
2025-11-17,SKU-SMA-170,241,644,28,805
2025-11-17,SKU-SMA-171,1087,0,14,435
2025-11-17,SKU-SMA-172,164,437,28,547
2025-11-17,SKU-SMA-173,707,0,14,283
2025-11-17,SKU-SMA-174,68,182,14,228
2025-11-17,SKU-SMA-175,1305,0,28,522
2025-11-17,SKU-SMA-176,32,86,7,108
2025-11-17,SKU-SMA-177,45,122,7,153
2025-11-17,SKU-SMA-178,286,327,21,409
2025-11-17,SKU-SMA-179,1225,0,21,490
2025-11-17,SKU-SMA-180,3396,0,28,849
2025-11-17,SKU-SMA-181,521,596,28,745
2025-11-17,SKU-SMA-182,147,394,21,493
2025-11-17,SKU-SMA-183,322,0,28,269
2025-11-17,SKU-SMA-184,70,80,7,101
2025-11-17,SKU-SMA-185,880,0,14,352
2025-11-17,SKU-SMA-186,1660,0,14,415
2025-11-17,SKU-SMA-187,48,128,7,161
2025-11-17,SKU-SMA-188,158,0,14,132
2025-11-17,SKU-SMA-189,401,459,21,574
2025-11-17,SKU-SMA-190,1002,0,14,401
2025-11-17,SKU-SMA-191,95,255,14,319
2025-11-17,SKU-SMA-192,1528,0,14,382
2025-11-17,SKU-SMA-193,193,221,21,277
2025-11-17,SKU-SMA-194,720,0,28,600
2025-11-17,SKU-SMA-195,164,0,7,137
2025-11-17,SKU-SMA-196,130,0,7,109
2025-11-17,SKU-SMA-197,69,184,7,230
2025-11-17,SKU-SMA-198,2176,0,28,544
2025-11-17,SKU-SMA-199,997,0,14,399
2025-11-17,SKU-SMA-200,632,722,28,903
2025-11-24,SKU-BED-001,67,179,7,224
2025-11-24,SKU-BED-002,110,293,14,367
2025-11-24,SKU-BED-003,116,309,14,387
2025-11-24,SKU-BED-004,1084,0,21,271
2025-11-24,SKU-BED-005,322,368,28,461
2025-11-24,SKU-BED-006,144,384,21,480
2025-11-24,SKU-BED-007,153,175,7,219
2025-11-24,SKU-BED-008,574,0,21,479
2025-11-24,SKU-BED-009,3448,0,28,862
2025-11-24,SKU-BED-010,630,0,14,252
2025-11-24,SKU-BED-011,265,0,7,221
2025-11-24,SKU-BED-012,1152,0,21,288
2025-11-24,SKU-BED-013,2596,0,28,649
2025-11-24,SKU-BED-014,1620,0,14,405
2025-11-24,SKU-BED-015,1037,0,28,415
2025-11-24,SKU-BED-016,900,0,14,360
2025-11-24,SKU-BED-017,1360,0,21,340
2025-11-24,SKU-BED-018,159,426,21,533
2025-11-24,SKU-BED-019,237,634,28,793
2025-11-24,SKU-BED-020,490,0,7,196
2025-11-24,SKU-BED-021,1580,0,28,632
2025-11-24,SKU-BED-022,48,55,7,69
2025-11-24,SKU-BED-023,1525,0,28,610
2025-11-24,SKU-BED-024,487,556,28,696
2025-11-24,SKU-BED-025,156,178,21,223
2025-11-24,SKU-BED-026,206,549,28,687
2025-11-24,SKU-BED-027,1040,0,28,260
2025-11-24,SKU-BED-028,532,0,7,133
2025-11-24,SKU-BED-029,523,0,21,436
2025-11-24,SKU-BED-030,2172,0,28,543
2025-11-24,SKU-BED-031,307,0,7,123
2025-11-24,SKU-BED-032,2127,0,28,851
2025-11-24,SKU-BED-033,1120,0,14,280
2025-11-24,SKU-BED-034,53,141,14,177
2025-11-24,SKU-BED-035,193,221,21,277
2025-11-24,SKU-BED-036,180,481,28,602
2025-11-24,SKU-BED-037,688,0,7,172
2025-11-24,SKU-BED-038,349,399,21,499
2025-11-24,SKU-BED-039,195,521,21,652
2025-11-24,SKU-BED-040,173,463,21,579
2025-11-24,SKU-FUR-041,169,451,28,564
2025-11-24,SKU-FUR-042,564,644,28,806
2025-11-24,SKU-FUR-043,454,520,28,650
2025-11-24,SKU-FUR-044,35,93,7,117
2025-11-24,SKU-FUR-045,374,0,21,312
2025-11-24,SKU-FUR-046,1056,0,28,880
2025-11-24,SKU-FUR-047,131,351,28,439
2025-11-24,SKU-FUR-048,165,0,7,138
2025-11-24,SKU-FUR-049,1417,0,21,567
2025-11-24,SKU-FUR-050,1268,0,14,317
2025-11-24,SKU-FUR-051,420,0,14,350
2025-11-24,SKU-FUR-052,83,95,7,119
2025-11-24,SKU-FUR-053,306,350,21,438
2025-11-24,SKU-FUR-054,1880,0,28,470
2025-11-24,SKU-FUR-055,1085,0,21,434
2025-11-24,SKU-FUR-056,85,97,7,122
2025-11-24,SKU-FUR-057,848,0,14,212
2025-11-24,SKU-FUR-058,272,0,7,109
2025-11-24,SKU-FUR-059,782,0,28,652
2025-11-24,SKU-FUR-060,63,168,7,210
2025-11-24,SKU-FUR-061,218,249,14,312
2025-11-24,SKU-FUR-062,314,359,21,449
2025-11-24,SKU-FUR-063,380,0,7,95
2025-11-24,SKU-FUR-064,517,0,14,207
2025-11-24,SKU-FUR-065,314,0,14,262
2025-11-24,SKU-FUR-066,218,249,14,312
2025-11-24,SKU-FUR-067,30,82,7,103
2025-11-24,SKU-FUR-068,99,113,7,142
2025-11-24,SKU-FUR-069,2920,0,28,730
2025-11-24,SKU-FUR-070,289,331,21,414
2025-11-24,SKU-FUR-071,162,0,7,65
2025-11-24,SKU-FUR-072,560,0,14,224
2025-11-24,SKU-FUR-073,313,0,14,261
2025-11-24,SKU-FUR-074,828,0,14,207
2025-11-24,SKU-FUR-075,52,139,7,174
2025-11-24,SKU-FUR-076,935,0,21,374
2025-11-24,SKU-FUR-077,747,0,28,623
2025-11-24,SKU-FUR-078,480,0,7,120
2025-11-24,SKU-FUR-079,644,736,28,921
2025-11-24,SKU-FUR-080,1552,0,28,621
2025-11-24,SKU-DEC-081,36,97,7,122
2025-11-24,SKU-DEC-082,2224,0,28,556
2025-11-24,SKU-DEC-083,137,366,28,458
2025-11-24,SKU-DEC-084,213,244,21,305
2025-11-24,SKU-DEC-085,165,441,21,552
2025-11-24,SKU-DEC-086,278,0,14,232
2025-11-24,SKU-DEC-087,56,149,7,187
2025-11-24,SKU-DEC-088,311,356,14,445
2025-11-24,SKU-DEC-089,445,0,7,178
2025-11-24,SKU-DEC-090,57,152,14,190
2025-11-24,SKU-DEC-091,1402,0,21,561
2025-11-24,SKU-DEC-092,305,349,28,437
2025-11-24,SKU-DEC-093,453,518,28,648
2025-11-24,SKU-DEC-094,914,0,28,762
2025-11-24,SKU-DEC-095,407,0,7,163
2025-11-24,SKU-DEC-096,908,0,7,227
2025-11-24,SKU-DEC-097,283,324,14,405
2025-11-24,SKU-DEC-098,845,0,21,338
2025-11-24,SKU-DEC-099,592,0,28,494
2025-11-24,SKU-DEC-100,102,272,21,341
2025-11-24,SKU-DEC-101,1452,0,14,363
2025-11-24,SKU-DEC-102,176,201,21,252
2025-11-24,SKU-DEC-103,63,168,21,211
2025-11-24,SKU-DEC-104,576,0,14,144
2025-11-24,SKU-DEC-105,403,0,21,336
2025-11-24,SKU-DEC-106,884,0,7,221
2025-11-24,SKU-DEC-107,153,408,21,510
2025-11-24,SKU-DEC-108,227,605,28,757
2025-11-24,SKU-DEC-109,1280,0,28,320
2025-11-24,SKU-DEC-110,58,156,21,195
2025-11-24,SKU-DEC-111,66,176,14,221
2025-11-24,SKU-DEC-112,1075,0,21,430
2025-11-24,SKU-DEC-113,576,0,28,480
2025-11-24,SKU-DEC-114,810,0,21,675
2025-11-24,SKU-DEC-115,94,252,21,316
2025-11-24,SKU-DEC-116,581,664,28,831
2025-11-24,SKU-DEC-117,656,0,14,164
2025-11-24,SKU-DEC-118,588,0,14,147
2025-11-24,SKU-DEC-119,1090,0,21,436
2025-11-24,SKU-DEC-120,1197,0,21,479
2025-11-24,SKU-LIG-121,373,427,21,534
2025-11-24,SKU-LIG-122,123,140,14,176
2025-11-24,SKU-LIG-123,417,477,21,597
2025-11-24,SKU-LIG-124,3556,0,28,889
2025-11-24,SKU-LIG-125,107,123,14,154
2025-11-24,SKU-LIG-126,219,251,21,314
2025-11-24,SKU-LIG-127,752,0,28,627
2025-11-24,SKU-LIG-128,158,0,7,132
2025-11-24,SKU-LIG-129,97,260,14,326
2025-11-24,SKU-LIG-130,150,400,21,500
2025-11-24,SKU-LIG-131,57,154,7,193
2025-11-24,SKU-LIG-132,950,0,21,380
2025-11-24,SKU-LIG-133,1615,0,21,646
2025-11-24,SKU-LIG-134,78,89,7,112
2025-11-24,SKU-LIG-135,96,258,14,323
2025-11-24,SKU-LIG-136,162,0,7,135
2025-11-24,SKU-LIG-137,792,0,14,317
2025-11-24,SKU-LIG-138,350,0,28,292
2025-11-24,SKU-LIG-139,470,537,21,672
2025-11-24,SKU-LIG-140,167,191,21,239
2025-11-24,SKU-LIG-141,171,458,21,573
2025-11-24,SKU-LIG-142,2016,0,21,504
2025-11-24,SKU-LIG-143,1716,0,28,429
2025-11-24,SKU-LIG-144,916,0,21,229
2025-11-24,SKU-LIG-145,824,0,14,206
2025-11-24,SKU-LIG-146,435,497,28,622
2025-11-24,SKU-LIG-147,124,142,14,178
2025-11-24,SKU-LIG-148,472,0,21,394
2025-11-24,SKU-LIG-149,892,0,14,357
2025-11-24,SKU-LIG-150,1417,0,28,567
2025-11-24,SKU-LIG-151,1092,0,28,273
2025-11-24,SKU-LIG-152,888,0,14,222
2025-11-24,SKU-LIG-153,1764,0,28,441
2025-11-24,SKU-LIG-154,1656,0,14,414
2025-11-24,SKU-LIG-155,89,239,28,299
2025-11-24,SKU-LIG-156,765,0,21,306
2025-11-24,SKU-LIG-157,535,0,14,214
2025-11-24,SKU-LIG-158,273,312,14,391
2025-11-24,SKU-LIG-159,777,0,28,648
2025-11-24,SKU-LIG-160,237,633,28,792
2025-11-24,SKU-SMA-161,720,0,21,288
2025-11-24,SKU-SMA-162,984,0,21,246
2025-11-24,SKU-SMA-163,502,0,14,201
2025-11-24,SKU-SMA-164,211,0,14,176
2025-11-24,SKU-SMA-165,301,344,28,430
2025-11-24,SKU-SMA-166,1040,0,21,260
2025-11-24,SKU-SMA-167,730,0,28,292
2025-11-24,SKU-SMA-168,784,0,7,196
2025-11-24,SKU-SMA-169,48,129,7,162
2025-11-24,SKU-SMA-170,422,483,21,604
2025-11-24,SKU-SMA-171,151,173,7,217
2025-11-24,SKU-SMA-172,1640,0,21,410
2025-11-24,SKU-SMA-173,2264,0,28,566
2025-11-24,SKU-SMA-174,855,0,21,342
2025-11-24,SKU-SMA-175,1564,0,21,391
2025-11-24,SKU-SMA-176,1085,0,28,434
2025-11-24,SKU-SMA-177,2456,0,28,614
2025-11-24,SKU-SMA-178,163,0,7,136
2025-11-24,SKU-SMA-179,1225,0,21,490
2025-11-24,SKU-SMA-180,1696,0,14,424
2025-11-24,SKU-SMA-181,930,0,14,372
2025-11-24,SKU-SMA-182,1642,0,28,657
2025-11-24,SKU-SMA-183,188,215,28,269
2025-11-24,SKU-SMA-184,760,0,21,304
2025-11-24,SKU-SMA-185,369,422,21,528
2025-11-24,SKU-SMA-186,498,0,14,415
2025-11-24,SKU-SMA-187,145,387,21,484
2025-11-24,SKU-SMA-188,19,52,7,66
2025-11-24,SKU-SMA-189,458,0,14,382
2025-11-24,SKU-SMA-190,963,0,28,803
2025-11-24,SKU-SMA-191,397,0,7,159
2025-11-24,SKU-SMA-192,267,305,14,382
2025-11-24,SKU-SMA-193,110,295,28,369
2025-11-24,SKU-SMA-194,45,120,7,150
2025-11-24,SKU-SMA-195,658,0,28,549
2025-11-24,SKU-SMA-196,230,263,21,329
2025-11-24,SKU-SMA-197,920,0,7,230
2025-11-24,SKU-SMA-198,1632,0,21,408
2025-11-24,SKU-SMA-199,718,0,21,599
2025-11-24,SKU-SMA-200,270,722,28,903
2025-12-01,SKU-BED-001,1685,0,21,674
2025-12-01,SKU-BED-002,880,0,28,734
2025-12-01,SKU-BED-003,928,0,28,774
2025-12-01,SKU-BED-004,81,216,21,271
2025-12-01,SKU-BED-005,1380,0,21,345
2025-12-01,SKU-BED-006,48,128,7,160
2025-12-01,SKU-BED-007,197,525,21,657
2025-12-01,SKU-BED-008,636,0,7,159
2025-12-01,SKU-BED-009,258,0,7,215
2025-12-01,SKU-BED-010,315,0,7,126
2025-12-01,SKU-BED-011,618,707,28,884
2025-12-01,SKU-BED-012,1540,0,28,385
2025-12-01,SKU-BED-013,113,129,7,162
2025-12-01,SKU-BED-014,1517,0,21,607
2025-12-01,SKU-BED-015,1037,0,28,415
2025-12-01,SKU-BED-016,251,288,14,360
2025-12-01,SKU-BED-017,1816,0,28,454
2025-12-01,SKU-BED-018,1777,0,28,711
2025-12-01,SKU-BED-019,178,475,21,594
2025-12-01,SKU-BED-020,2360,0,21,590
2025-12-01,SKU-BED-021,142,379,21,474
2025-12-01,SKU-BED-022,41,111,14,139
2025-12-01,SKU-BED-023,548,0,21,457
2025-12-01,SKU-BED-024,870,0,14,348
2025-12-01,SKU-BED-025,185,0,7,74
2025-12-01,SKU-BED-026,240,274,14,343
2025-12-01,SKU-BED-027,780,0,21,195
2025-12-01,SKU-BED-028,120,320,21,400
2025-12-01,SKU-BED-029,174,464,28,581
2025-12-01,SKU-BED-030,1017,0,21,407
2025-12-01,SKU-BED-031,147,0,7,123
2025-12-01,SKU-BED-032,595,680,28,851
2025-12-01,SKU-BED-033,98,112,7,140
2025-12-01,SKU-BED-034,708,0,14,177
2025-12-01,SKU-BED-035,740,0,14,185
2025-12-01,SKU-BED-036,135,360,21,451
2025-12-01,SKU-BED-037,103,275,14,344
2025-12-01,SKU-BED-038,199,532,28,665
2025-12-01,SKU-BED-039,151,173,7,217
2025-12-01,SKU-BED-040,173,463,21,579
2025-12-01,SKU-FUR-041,705,0,14,282
2025-12-01,SKU-FUR-042,1612,0,14,403
2025-12-01,SKU-FUR-043,780,0,28,650
2025-12-01,SKU-FUR-044,327,374,28,468
2025-12-01,SKU-FUR-045,124,0,7,104
2025-12-01,SKU-FUR-046,792,0,21,660
2025-12-01,SKU-FUR-047,153,175,14,219
2025-12-01,SKU-FUR-048,552,0,7,138
2025-12-01,SKU-FUR-049,264,302,14,378
2025-12-01,SKU-FUR-050,792,0,14,317
2025-12-01,SKU-FUR-051,157,420,21,525
2025-12-01,SKU-FUR-052,1432,0,21,358
2025-12-01,SKU-FUR-053,204,233,14,292
2025-12-01,SKU-FUR-054,1408,0,21,352
2025-12-01,SKU-FUR-055,1085,0,21,434
2025-12-01,SKU-FUR-056,171,196,14,245
2025-12-01,SKU-FUR-057,95,255,21,319
2025-12-01,SKU-FUR-058,526,0,28,439
2025-12-01,SKU-FUR-059,146,391,21,489
2025-12-01,SKU-FUR-060,2107,0,28,843
2025-12-01,SKU-FUR-061,1876,0,21,469
2025-12-01,SKU-FUR-062,89,239,14,299
2025-12-01,SKU-FUR-063,266,304,28,380
2025-12-01,SKU-FUR-064,1035,0,28,414
2025-12-01,SKU-FUR-065,1048,0,14,262
2025-12-01,SKU-FUR-066,561,0,21,468
2025-12-01,SKU-FUR-067,144,164,14,206
2025-12-01,SKU-FUR-068,299,342,21,428
2025-12-01,SKU-FUR-069,1460,0,14,365
2025-12-01,SKU-FUR-070,124,331,21,414
2025-12-01,SKU-FUR-071,260,0,7,65
2025-12-01,SKU-FUR-072,33,89,7,112
2025-12-01,SKU-FUR-073,156,418,28,523
2025-12-01,SKU-FUR-074,828,0,14,207
2025-12-01,SKU-FUR-075,418,0,14,349
2025-12-01,SKU-FUR-076,622,0,14,249
2025-12-01,SKU-FUR-077,140,373,21,467
2025-12-01,SKU-FUR-078,72,192,14,241
2025-12-01,SKU-FUR-079,138,368,14,460
2025-12-01,SKU-FUR-080,139,372,21,466
2025-12-01,SKU-DEC-081,341,390,28,488
2025-12-01,SKU-DEC-082,1390,0,28,556
2025-12-01,SKU-DEC-083,1832,0,28,458
2025-12-01,SKU-DEC-084,91,244,21,305
2025-12-01,SKU-DEC-085,220,0,7,184
2025-12-01,SKU-DEC-086,464,0,7,116
2025-12-01,SKU-DEC-087,937,0,14,375
2025-12-01,SKU-DEC-088,623,712,28,890
2025-12-01,SKU-DEC-089,643,0,21,536
2025-12-01,SKU-DEC-090,66,76,7,95
2025-12-01,SKU-DEC-091,261,299,14,374
2025-12-01,SKU-DEC-092,436,0,7,109
2025-12-01,SKU-DEC-093,453,518,28,648
2025-12-01,SKU-DEC-094,952,0,14,381
2025-12-01,SKU-DEC-095,391,0,14,326
2025-12-01,SKU-DEC-096,819,0,21,683
2025-12-01,SKU-DEC-097,1012,0,14,405
2025-12-01,SKU-DEC-098,101,270,21,338
2025-12-01,SKU-DEC-099,1235,0,28,494
2025-12-01,SKU-DEC-100,79,90,7,113
2025-12-01,SKU-DEC-101,724,0,7,181
2025-12-01,SKU-DEC-102,50,134,14,168
2025-12-01,SKU-DEC-103,352,0,14,141
2025-12-01,SKU-DEC-104,576,0,14,144
2025-12-01,SKU-DEC-105,156,179,14,224
2025-12-01,SKU-DEC-106,2215,0,28,886
2025-12-01,SKU-DEC-107,237,272,14,340
2025-12-01,SKU-DEC-108,3028,0,28,757
2025-12-01,SKU-DEC-109,640,0,14,160
2025-12-01,SKU-DEC-110,136,156,21,195
2025-12-01,SKU-DEC-111,884,0,14,221
2025-12-01,SKU-DEC-112,343,0,14,286
2025-12-01,SKU-DEC-113,251,288,21,360
2025-12-01,SKU-DEC-114,630,720,28,900
2025-12-01,SKU-DEC-115,262,0,7,105
2025-12-01,SKU-DEC-116,248,0,7,207
2025-12-01,SKU-DEC-117,24,65,7,82
2025-12-01,SKU-DEC-118,367,0,14,147
2025-12-01,SKU-DEC-119,174,465,28,582
2025-12-01,SKU-DEC-120,447,511,28,639
2025-12-01,SKU-LIG-121,499,570,28,713
2025-12-01,SKU-LIG-122,704,0,14,176
2025-12-01,SKU-LIG-123,278,318,14,398
2025-12-01,SKU-LIG-124,466,533,21,667
2025-12-01,SKU-LIG-125,924,0,21,231
2025-12-01,SKU-LIG-126,260,0,7,104
2025-12-01,SKU-LIG-127,219,250,14,313
2025-12-01,SKU-LIG-128,662,0,14,265
2025-12-01,SKU-LIG-129,652,0,7,163
2025-12-01,SKU-LIG-130,116,132,7,166
2025-12-01,SKU-LIG-131,482,0,7,193
2025-12-01,SKU-LIG-132,75,202,14,253
2025-12-01,SKU-LIG-133,1615,0,21,646
2025-12-01,SKU-LIG-134,315,360,28,451
2025-12-01,SKU-LIG-135,112,128,7,161
2025-12-01,SKU-LIG-136,189,216,14,270
2025-12-01,SKU-LIG-137,395,0,7,158
2025-12-01,SKU-LIG-138,262,0,21,219
2025-12-01,SKU-LIG-139,67,179,7,224
2025-12-01,SKU-LIG-140,71,191,21,239
2025-12-01,SKU-LIG-141,229,0,7,191
2025-12-01,SKU-LIG-142,100,268,14,336
2025-12-01,SKU-LIG-143,225,257,21,322
2025-12-01,SKU-LIG-144,572,0,21,229
2025-12-01,SKU-LIG-145,1032,0,28,413
2025-12-01,SKU-LIG-146,140,373,21,467
2025-12-01,SKU-LIG-147,80,213,21,267
2025-12-01,SKU-LIG-148,472,0,21,394
2025-12-01,SKU-LIG-149,643,0,21,536
2025-12-01,SKU-LIG-150,1062,0,21,425
2025-12-01,SKU-LIG-151,40,108,14,136
2025-12-01,SKU-LIG-152,133,356,28,445
2025-12-01,SKU-LIG-153,275,0,7,110
2025-12-01,SKU-LIG-154,2488,0,21,622
2025-12-01,SKU-LIG-155,358,0,28,299
2025-12-01,SKU-LIG-156,489,0,28,408
2025-12-01,SKU-LIG-157,267,0,7,107
2025-12-01,SKU-LIG-158,3132,0,28,783
2025-12-01,SKU-LIG-159,97,259,14,324
2025-12-01,SKU-LIG-160,475,0,14,396
2025-12-01,SKU-SMA-161,86,230,21,288
2025-12-01,SKU-SMA-162,205,0,7,82
2025-12-01,SKU-SMA-163,1007,0,28,403
2025-12-01,SKU-SMA-164,440,0,14,176
2025-12-01,SKU-SMA-165,805,0,21,322
2025-12-01,SKU-SMA-166,25,68,7,86
2025-12-01,SKU-SMA-167,102,116,14,146
2025-12-01,SKU-SMA-168,235,627,28,784
2025-12-01,SKU-SMA-169,113,129,7,162
2025-12-01,SKU-SMA-170,966,0,28,805
2025-12-01,SKU-SMA-171,542,0,7,217
2025-12-01,SKU-SMA-172,382,437,28,547
2025-12-01,SKU-SMA-173,84,226,14,283
2025-12-01,SKU-SMA-174,456,0,7,114
2025-12-01,SKU-SMA-175,91,104,7,130
2025-12-01,SKU-SMA-176,75,86,7,108
2025-12-01,SKU-SMA-177,767,0,14,307
2025-12-01,SKU-SMA-178,1092,0,14,273
2025-12-01,SKU-SMA-179,391,0,14,326
2025-12-01,SKU-SMA-180,1060,0,14,424
2025-12-01,SKU-SMA-181,111,297,14,372
2025-12-01,SKU-SMA-182,393,0,14,328
2025-12-01,SKU-SMA-183,20,53,7,67
2025-12-01,SKU-SMA-184,505,0,14,202
2025-12-01,SKU-SMA-185,2820,0,28,705
2025-12-01,SKU-SMA-186,517,0,7,207
2025-12-01,SKU-SMA-187,402,0,7,161
2025-12-01,SKU-SMA-188,19,52,7,66
2025-12-01,SKU-SMA-189,57,152,7,191
2025-12-01,SKU-SMA-190,481,0,14,401
2025-12-01,SKU-SMA-191,2556,0,28,639
2025-12-01,SKU-SMA-192,229,611,28,764
2025-12-01,SKU-SMA-193,83,221,21,277
2025-12-01,SKU-SMA-194,180,0,7,150
2025-12-01,SKU-SMA-195,548,0,7,137
2025-12-01,SKU-SMA-196,436,0,7,109
2025-12-01,SKU-SMA-197,1105,0,28,921
2025-12-01,SKU-SMA-198,122,326,21,408
2025-12-01,SKU-SMA-199,139,159,7,199
2025-12-01,SKU-SMA-200,67,180,7,225
2025-12-08,SKU-BED-001,268,0,7,224
2025-12-08,SKU-BED-002,165,440,21,551
2025-12-08,SKU-BED-003,135,154,7,193
2025-12-08,SKU-BED-004,54,144,14,181
2025-12-08,SKU-BED-005,138,0,7,115
2025-12-08,SKU-BED-006,192,512,28,640
2025-12-08,SKU-BED-007,153,175,7,219
2025-12-08,SKU-BED-008,397,0,7,159
2025-12-08,SKU-BED-009,860,0,7,215
2025-12-08,SKU-BED-010,945,0,21,378
2025-12-08,SKU-BED-011,309,353,14,442
2025-12-08,SKU-BED-012,462,0,28,385
2025-12-08,SKU-BED-013,778,0,28,649
2025-12-08,SKU-BED-014,243,648,28,810
2025-12-08,SKU-BED-015,144,165,14,207
2025-12-08,SKU-BED-016,378,432,21,540
2025-12-08,SKU-BED-017,408,0,21,340
2025-12-08,SKU-BED-018,373,426,21,533
2025-12-08,SKU-BED-019,495,0,7,198
2025-12-08,SKU-BED-020,117,314,14,393
2025-12-08,SKU-BED-021,110,126,7,158
2025-12-08,SKU-BED-022,347,0,14,139
2025-12-08,SKU-BED-023,183,488,28,610
2025-12-08,SKU-BED-024,104,278,14,348
2025-12-08,SKU-BED-025,185,0,7,74
2025-12-08,SKU-BED-026,102,274,14,343
2025-12-08,SKU-BED-027,1040,0,28,260
2025-12-08,SKU-BED-028,159,0,7,133
2025-12-08,SKU-BED-029,1160,0,14,290
2025-12-08,SKU-BED-030,284,325,21,407
2025-12-08,SKU-BED-031,307,0,7,123
2025-12-08,SKU-BED-032,254,0,7,212
2025-12-08,SKU-BED-033,700,0,14,280
2025-12-08,SKU-BED-034,319,0,21,266
2025-12-08,SKU-BED-035,111,296,28,370
2025-12-08,SKU-BED-036,600,0,7,150
2025-12-08,SKU-BED-037,1722,0,28,689
2025-12-08,SKU-BED-038,349,399,21,499
2025-12-08,SKU-BED-039,3476,0,28,869
2025-12-08,SKU-BED-040,2316,0,21,579
2025-12-08,SKU-FUR-041,352,0,7,141
2025-12-08,SKU-FUR-042,804,0,7,201
2025-12-08,SKU-FUR-043,812,0,14,325
2025-12-08,SKU-FUR-044,280,0,14,234
2025-12-08,SKU-FUR-045,416,0,7,104
2025-12-08,SKU-FUR-046,1760,0,14,440
2025-12-08,SKU-FUR-047,436,0,7,109
2025-12-08,SKU-FUR-048,166,443,28,554
2025-12-08,SKU-FUR-049,226,604,28,756
2025-12-08,SKU-FUR-050,760,0,28,634
2025-12-08,SKU-FUR-051,1752,0,28,701
2025-12-08,SKU-FUR-052,1432,0,21,358
2025-12-08,SKU-FUR-053,350,0,14,292
2025-12-08,SKU-FUR-054,422,0,21,352
2025-12-08,SKU-FUR-055,86,231,14,289
2025-12-08,SKU-FUR-056,146,0,7,122
2025-12-08,SKU-FUR-057,223,255,21,319
2025-12-08,SKU-FUR-058,307,351,28,439
2025-12-08,SKU-FUR-059,97,260,14,326
2025-12-08,SKU-FUR-060,252,0,7,210
2025-12-08,SKU-FUR-061,187,500,28,625
2025-12-08,SKU-FUR-062,178,0,7,149
2025-12-08,SKU-FUR-063,760,0,14,190
2025-12-08,SKU-FUR-064,62,165,14,207
2025-12-08,SKU-FUR-065,91,104,7,131
2025-12-08,SKU-FUR-066,2500,0,28,625
2025-12-08,SKU-FUR-067,30,82,7,103
2025-12-08,SKU-FUR-068,342,0,14,285
2025-12-08,SKU-FUR-069,109,292,14,365
2025-12-08,SKU-FUR-070,387,442,28,553
2025-12-08,SKU-FUR-071,78,0,7,65
2025-12-08,SKU-FUR-072,134,359,28,449
2025-12-08,SKU-FUR-073,156,0,7,130
2025-12-08,SKU-FUR-074,1244,0,21,311
2025-12-08,SKU-FUR-075,627,0,21,523
2025-12-08,SKU-FUR-076,149,399,28,499
2025-12-08,SKU-FUR-077,373,0,14,311
2025-12-08,SKU-FUR-078,964,0,14,241
2025-12-08,SKU-FUR-079,1727,0,21,691
2025-12-08,SKU-FUR-080,46,124,7,155
2025-12-08,SKU-DEC-081,109,292,21,366
2025-12-08,SKU-DEC-082,166,0,7,139
2025-12-08,SKU-DEC-083,160,183,14,229
2025-12-08,SKU-DEC-084,213,244,21,305
2025-12-08,SKU-DEC-085,128,147,7,184
2025-12-08,SKU-DEC-086,870,0,21,348
2025-12-08,SKU-DEC-087,1407,0,21,563
2025-12-08,SKU-DEC-088,1670,0,21,668
2025-12-08,SKU-DEC-089,107,285,14,357
2025-12-08,SKU-DEC-090,133,152,14,190
2025-12-08,SKU-DEC-091,56,149,7,187
2025-12-08,SKU-DEC-092,1748,0,28,437
2025-12-08,SKU-DEC-093,2592,0,28,648
2025-12-08,SKU-DEC-094,1905,0,28,762
2025-12-08,SKU-DEC-095,228,260,14,326
2025-12-08,SKU-DEC-096,1707,0,21,683
2025-12-08,SKU-DEC-097,2432,0,21,608
2025-12-08,SKU-DEC-098,33,89,7,112
2025-12-08,SKU-DEC-099,259,296,21,370
2025-12-08,SKU-DEC-100,272,0,14,227
2025-12-08,SKU-DEC-101,1817,0,28,727
2025-12-08,SKU-DEC-102,336,0,7,84
2025-12-08,SKU-DEC-103,705,0,28,282
2025-12-08,SKU-DEC-104,64,172,21,216
2025-12-08,SKU-DEC-105,268,0,14,224
2025-12-08,SKU-DEC-106,1063,0,28,886
2025-12-08,SKU-DEC-107,408,0,14,340
2025-12-08,SKU-DEC-108,113,302,14,378
2025-12-08,SKU-DEC-109,56,64,7,80
2025-12-08,SKU-DEC-110,78,0,7,65
2025-12-08,SKU-DEC-111,830,0,21,332
2025-12-08,SKU-DEC-112,687,0,28,573
2025-12-08,SKU-DEC-113,1920,0,28,480
2025-12-08,SKU-DEC-114,3600,0,28,900
2025-12-08,SKU-DEC-115,1264,0,21,316
2025-12-08,SKU-DEC-116,249,664,28,831
2025-12-08,SKU-DEC-117,229,262,28,328
2025-12-08,SKU-DEC-118,154,176,21,221
2025-12-08,SKU-DEC-119,174,465,28,582
2025-12-08,SKU-DEC-120,1197,0,21,479
2025-12-08,SKU-LIG-121,2136,0,21,534
2025-12-08,SKU-LIG-122,123,140,14,176
2025-12-08,SKU-LIG-123,59,159,7,199
2025-12-08,SKU-LIG-124,800,0,21,667
2025-12-08,SKU-LIG-125,23,61,7,77
2025-12-08,SKU-LIG-126,31,83,7,104
2025-12-08,SKU-LIG-127,187,0,7,156
2025-12-08,SKU-LIG-128,119,318,21,398
2025-12-08,SKU-LIG-129,456,521,28,652
2025-12-08,SKU-LIG-130,2000,0,21,500
2025-12-08,SKU-LIG-131,231,0,7,193
2025-12-08,SKU-LIG-132,354,405,28,507
2025-12-08,SKU-LIG-133,537,0,7,215
2025-12-08,SKU-LIG-134,1127,0,28,451
2025-12-08,SKU-LIG-135,339,388,21,485
2025-12-08,SKU-LIG-136,81,216,14,270
2025-12-08,SKU-LIG-137,792,0,14,317
2025-12-08,SKU-LIG-138,292,0,7,73
2025-12-08,SKU-LIG-139,2242,0,28,897
2025-12-08,SKU-LIG-140,222,254,28,318
2025-12-08,SKU-LIG-141,1910,0,28,764
2025-12-08,SKU-LIG-142,235,268,14,336
2025-12-08,SKU-LIG-143,1716,0,28,429
2025-12-08,SKU-LIG-144,612,0,14,153
2025-12-08,SKU-LIG-145,247,0,14,206
2025-12-08,SKU-LIG-146,93,248,14,311
2025-12-08,SKU-LIG-147,356,0,7,89
2025-12-08,SKU-LIG-148,91,104,7,131
2025-12-08,SKU-LIG-149,643,0,21,536
2025-12-08,SKU-LIG-150,198,226,14,283
2025-12-08,SKU-LIG-151,81,0,7,68
2025-12-08,SKU-LIG-152,555,0,14,222
2025-12-08,SKU-LIG-153,132,0,7,110
2025-12-08,SKU-LIG-154,2488,0,21,622
2025-12-08,SKU-LIG-155,22,59,7,74
2025-12-08,SKU-LIG-156,408,0,7,102
2025-12-08,SKU-LIG-157,267,0,7,107
2025-12-08,SKU-LIG-158,780,0,7,195
2025-12-08,SKU-LIG-159,226,259,14,324
2025-12-08,SKU-LIG-160,554,633,28,792
2025-12-08,SKU-SMA-161,345,0,21,288
2025-12-08,SKU-SMA-162,230,263,28,329
2025-12-08,SKU-SMA-163,483,0,28,403
2025-12-08,SKU-SMA-164,660,0,21,264
2025-12-08,SKU-SMA-165,860,0,14,215
2025-12-08,SKU-SMA-166,207,0,14,173
2025-12-08,SKU-SMA-167,153,175,21,219
2025-12-08,SKU-SMA-168,411,470,21,588
2025-12-08,SKU-SMA-169,812,0,14,325
2025-12-08,SKU-SMA-170,2416,0,21,604
2025-12-08,SKU-SMA-171,65,173,7,217
2025-12-08,SKU-SMA-172,1367,0,28,547
2025-12-08,SKU-SMA-173,707,0,14,283
2025-12-08,SKU-SMA-174,319,364,28,456
2025-12-08,SKU-SMA-175,78,208,14,261
2025-12-08,SKU-SMA-176,270,0,7,108
2025-12-08,SKU-SMA-177,767,0,14,307
2025-12-08,SKU-SMA-178,544,0,7,136
2025-12-08,SKU-SMA-179,407,0,7,163
2025-12-08,SKU-SMA-180,530,0,7,212
2025-12-08,SKU-SMA-181,1488,0,14,372
2025-12-08,SKU-SMA-182,591,0,21,493
2025-12-08,SKU-SMA-183,672,0,28,269
2025-12-08,SKU-SMA-184,60,161,14,202
2025-12-08,SKU-SMA-185,704,0,7,176
2025-12-08,SKU-SMA-186,62,165,7,207
2025-12-08,SKU-SMA-187,644,0,7,161
2025-12-08,SKU-SMA-188,158,0,14,132
2025-12-08,SKU-SMA-189,57,152,7,191
2025-12-08,SKU-SMA-190,1604,0,14,401
2025-12-08,SKU-SMA-191,397,0,7,159
2025-12-08,SKU-SMA-192,171,458,21,573
2025-12-08,SKU-SMA-193,128,147,14,184
2025-12-08,SKU-SMA-194,1125,0,21,450
2025-12-08,SKU-SMA-195,41,109,7,137
2025-12-08,SKU-SMA-196,1752,0,28,438
2025-12-08,SKU-SMA-197,644,736,28,921
2025-12-08,SKU-SMA-198,652,0,28,544
2025-12-08,SKU-SMA-199,1997,0,28,799
2025-12-08,SKU-SMA-200,812,0,21,677
2025-12-15,SKU-BED-001,471,539,21,674
2025-12-15,SKU-BED-002,2204,0,21,551
2025-12-15,SKU-BED-003,541,619,28,774
2025-12-15,SKU-BED-004,189,216,21,271
2025-12-15,SKU-BED-005,103,276,21,345
2025-12-15,SKU-BED-006,48,128,7,160
2025-12-15,SKU-BED-007,153,175,7,219
2025-12-15,SKU-BED-008,797,0,14,319
2025-12-15,SKU-BED-009,258,689,28,862
2025-12-15,SKU-BED-010,302,0,14,252
2025-12-15,SKU-BED-011,1768,0,14,442
2025-12-15,SKU-BED-012,345,0,21,288
2025-12-15,SKU-BED-013,146,389,21,487
2025-12-15,SKU-BED-014,505,0,7,202
2025-12-15,SKU-BED-015,498,0,28,415
2025-12-15,SKU-BED-016,1800,0,28,720
2025-12-15,SKU-BED-017,68,181,14,227
2025-12-15,SKU-BED-018,1777,0,28,711
2025-12-15,SKU-BED-019,712,0,21,594
2025-12-15,SKU-BED-020,550,629,28,787
2025-12-15,SKU-BED-021,189,0,7,158
2025-12-15,SKU-BED-022,97,111,14,139
2025-12-15,SKU-BED-023,319,365,21,457
2025-12-15,SKU-BED-024,208,556,28,696
2025-12-15,SKU-BED-025,22,59,7,74
2025-12-15,SKU-BED-026,857,0,14,343
2025-12-15,SKU-BED-027,325,0,14,130
2025-12-15,SKU-BED-028,120,320,21,400
2025-12-15,SKU-BED-029,101,116,7,145
2025-12-15,SKU-BED-030,677,0,14,271
2025-12-15,SKU-BED-031,1237,0,28,495
2025-12-15,SKU-BED-032,2127,0,28,851
2025-12-15,SKU-BED-033,392,448,28,560
2025-12-15,SKU-BED-034,424,0,28,354
2025-12-15,SKU-BED-035,462,0,14,185
2025-12-15,SKU-BED-036,752,0,14,301
2025-12-15,SKU-BED-037,51,137,7,172
2025-12-15,SKU-BED-038,1328,0,14,332
2025-12-15,SKU-BED-039,782,0,21,652
2025-12-15,SKU-BED-040,3088,0,28,772
2025-12-15,SKU-FUR-041,564,0,7,141
2025-12-15,SKU-FUR-042,241,644,28,806
2025-12-15,SKU-FUR-043,405,0,7,162
2025-12-15,SKU-FUR-044,163,187,14,234
2025-12-15,SKU-FUR-045,218,249,21,312
2025-12-15,SKU-FUR-046,154,176,7,220
2025-12-15,SKU-FUR-047,76,87,7,109
2025-12-15,SKU-FUR-048,345,0,7,138
2025-12-15,SKU-FUR-049,226,0,7,189
2025-12-15,SKU-FUR-050,1585,0,28,634
2025-12-15,SKU-FUR-051,1312,0,21,525
2025-12-15,SKU-FUR-052,71,191,14,239
2025-12-15,SKU-FUR-053,175,0,7,146
2025-12-15,SKU-FUR-054,246,281,21,352
2025-12-15,SKU-FUR-055,173,463,28,579
2025-12-15,SKU-FUR-056,488,0,7,122
2025-12-15,SKU-FUR-057,254,0,14,212
2025-12-15,SKU-FUR-058,76,87,7,109
2025-12-15,SKU-FUR-059,456,521,28,652
2025-12-15,SKU-FUR-060,442,505,21,632
2025-12-15,SKU-FUR-061,374,0,14,312
2025-12-15,SKU-FUR-062,419,479,28,599
2025-12-15,SKU-FUR-063,1520,0,28,380
2025-12-15,SKU-FUR-064,144,165,14,207
2025-12-15,SKU-FUR-065,327,0,7,131
2025-12-15,SKU-FUR-066,2500,0,28,625
2025-12-15,SKU-FUR-067,1032,0,28,413
2025-12-15,SKU-FUR-068,170,0,7,142
2025-12-15,SKU-FUR-069,728,0,7,182
2025-12-15,SKU-FUR-070,193,220,14,276
2025-12-15,SKU-FUR-071,91,104,14,131
2025-12-15,SKU-FUR-072,268,0,14,224
2025-12-15,SKU-FUR-073,91,104,7,130
2025-12-15,SKU-FUR-074,123,0,7,103
2025-12-15,SKU-FUR-075,52,139,7,174
2025-12-15,SKU-FUR-076,112,299,21,374
2025-12-15,SKU-FUR-077,140,373,21,467
2025-12-15,SKU-FUR-078,108,289,21,362
2025-12-15,SKU-FUR-079,483,552,21,691
2025-12-15,SKU-FUR-080,139,372,21,466
2025-12-15,SKU-DEC-081,170,195,14,244
2025-12-15,SKU-DEC-082,500,0,21,417
2025-12-15,SKU-DEC-083,320,366,28,458
2025-12-15,SKU-DEC-084,121,324,28,406
2025-12-15,SKU-DEC-085,662,0,21,552
2025-12-15,SKU-DEC-086,69,185,14,232
2025-12-15,SKU-DEC-087,937,0,14,375
2025-12-15,SKU-DEC-088,267,712,28,890
2025-12-15,SKU-DEC-089,160,428,21,536
2025-12-15,SKU-DEC-090,114,304,28,380
2025-12-15,SKU-DEC-091,2244,0,21,561
2025-12-15,SKU-DEC-092,130,0,7,109
2025-12-15,SKU-DEC-093,194,0,7,162
2025-12-15,SKU-DEC-094,400,457,21,572
2025-12-15,SKU-DEC-095,2612,0,28,653
2025-12-15,SKU-DEC-096,1707,0,21,683
2025-12-15,SKU-DEC-097,567,648,28,811
2025-12-15,SKU-DEC-098,845,0,21,338
2025-12-15,SKU-DEC-099,307,0,7,123
2025-12-15,SKU-DEC-100,102,272,21,341
2025-12-15,SKU-DEC-101,1362,0,21,545
2025-12-15,SKU-DEC-102,201,0,14,168
2025-12-15,SKU-DEC-103,147,168,21,211
2025-12-15,SKU-DEC-104,151,172,21,216
2025-12-15,SKU-DEC-105,1344,0,21,336
2025-12-15,SKU-DEC-106,265,0,7,221
2025-12-15,SKU-DEC-107,1275,0,21,510
2025-12-15,SKU-DEC-108,227,605,28,757
2025-12-15,SKU-DEC-109,320,0,7,80
2025-12-15,SKU-DEC-110,19,52,7,65
2025-12-15,SKU-DEC-111,884,0,14,221
2025-12-15,SKU-DEC-112,715,0,14,286
2025-12-15,SKU-DEC-113,336,384,28,480
2025-12-15,SKU-DEC-114,2250,0,28,900
2025-12-15,SKU-DEC-115,1052,0,28,421
2025-12-15,SKU-DEC-116,1037,0,14,415
2025-12-15,SKU-DEC-117,98,262,28,328
2025-12-15,SKU-DEC-118,737,0,28,295
2025-12-15,SKU-DEC-119,362,0,7,145
2025-12-15,SKU-DEC-120,1597,0,28,639
2025-12-15,SKU-LIG-121,249,284,14,356
2025-12-15,SKU-LIG-122,662,0,21,265
2025-12-15,SKU-LIG-123,497,0,7,199
2025-12-15,SKU-LIG-124,800,0,21,667
2025-12-15,SKU-LIG-125,92,0,7,77
2025-12-15,SKU-LIG-126,1256,0,21,314
2025-12-15,SKU-LIG-127,752,0,28,627
2025-12-15,SKU-LIG-128,1327,0,28,531
2025-12-15,SKU-LIG-129,228,260,14,326
2025-12-15,SKU-LIG-130,399,0,14,333
2025-12-15,SKU-LIG-131,482,0,7,193
2025-12-15,SKU-LIG-132,1267,0,28,507
2025-12-15,SKU-LIG-133,150,172,7,215
2025-12-15,SKU-LIG-134,134,0,7,112
2025-12-15,SKU-LIG-135,452,517,28,647
2025-12-15,SKU-LIG-136,1620,0,21,405
2025-12-15,SKU-LIG-137,1900,0,21,475
2025-12-15,SKU-LIG-138,730,0,28,292
2025-12-15,SKU-LIG-139,313,358,14,448
2025-12-15,SKU-LIG-140,23,63,7,79
2025-12-15,SKU-LIG-141,57,152,7,191
2025-12-15,SKU-LIG-142,470,537,28,672
2025-12-15,SKU-LIG-143,300,343,28,429
2025-12-15,SKU-LIG-144,572,0,21,229
2025-12-15,SKU-LIG-145,772,0,21,309
2025-12-15,SKU-LIG-146,217,248,14,311
2025-12-15,SKU-LIG-147,124,142,14,178
2025-12-15,SKU-LIG-148,631,0,28,526
2025-12-15,SKU-LIG-149,107,285,14,357
2025-12-15,SKU-LIG-150,170,453,28,567
2025-12-15,SKU-LIG-151,170,0,7,68
2025-12-15,SKU-LIG-152,277,0,7,111
2025-12-15,SKU-LIG-153,397,0,21,331
2025-12-15,SKU-LIG-154,3316,0,28,829
2025-12-15,SKU-LIG-155,372,0,14,149
2025-12-15,SKU-LIG-156,244,0,14,204
2025-12-15,SKU-LIG-157,149,171,14,214
2025-12-15,SKU-LIG-158,977,0,14,391
2025-12-15,SKU-LIG-159,1215,0,21,486
2025-12-15,SKU-LIG-160,237,633,28,792
2025-12-15,SKU-SMA-161,768,0,14,192
2025-12-15,SKU-SMA-162,98,263,28,329
2025-12-15,SKU-SMA-163,211,241,21,302
2025-12-15,SKU-SMA-164,422,0,28,352
2025-12-15,SKU-SMA-165,64,172,14,215
2025-12-15,SKU-SMA-166,103,0,7,86
2025-12-15,SKU-SMA-167,175,0,14,146
2025-12-15,SKU-SMA-168,176,470,21,588
2025-12-15,SKU-SMA-169,455,520,28,651
2025-12-15,SKU-SMA-170,120,321,14,402
2025-12-15,SKU-SMA-171,3484,0,28,871
2025-12-15,SKU-SMA-172,327,0,14,273
2025-12-15,SKU-SMA-173,169,452,28,566
2025-12-15,SKU-SMA-174,319,364,28,456
2025-12-15,SKU-SMA-175,182,208,14,261
2025-12-15,SKU-SMA-176,65,173,14,217
2025-12-15,SKU-SMA-177,183,0,7,153
2025-12-15,SKU-SMA-178,2184,0,28,546
2025-12-15,SKU-SMA-179,2612,0,28,653
2025-12-15,SKU-SMA-180,296,339,14,424
2025-12-15,SKU-SMA-181,55,148,7,186
2025-12-15,SKU-SMA-182,345,394,21,493
2025-12-15,SKU-SMA-183,505,0,21,202
2025-12-15,SKU-SMA-184,60,161,14,202
2025-12-15,SKU-SMA-185,846,0,28,705
2025-12-15,SKU-SMA-186,2075,0,28,830
2025-12-15,SKU-SMA-187,1615,0,28,646
2025-12-15,SKU-SMA-188,264,0,7,66
2025-12-15,SKU-SMA-189,133,152,7,191
2025-12-15,SKU-SMA-190,1604,0,14,401
2025-12-15,SKU-SMA-191,95,255,14,319
2025-12-15,SKU-SMA-192,401,458,21,573
2025-12-15,SKU-SMA-193,193,221,21,277
2025-12-15,SKU-SMA-194,180,480,28,600
2025-12-15,SKU-SMA-195,82,219,14,274
2025-12-15,SKU-SMA-196,547,0,14,219
2025-12-15,SKU-SMA-197,3684,0,28,921
2025-12-15,SKU-SMA-198,95,108,7,136
2025-12-15,SKU-SMA-199,238,0,7,199
2025-12-15,SKU-SMA-200,900,0,7,225
2025-12-22,SKU-BED-001,808,0,21,674
2025-12-22,SKU-BED-002,54,146,7,183
2025-12-22,SKU-BED-003,1935,0,28,774
2025-12-22,SKU-BED-004,54,144,14,181
2025-12-22,SKU-BED-005,287,0,7,115
2025-12-22,SKU-BED-006,1280,0,14,320
2025-12-22,SKU-BED-007,547,0,7,219
2025-12-22,SKU-BED-008,382,0,14,319
2025-12-22,SKU-BED-009,258,689,28,862
2025-12-22,SKU-BED-010,604,0,28,504
2025-12-22,SKU-BED-011,198,530,21,663
2025-12-22,SKU-BED-012,201,230,21,288
2025-12-22,SKU-BED-013,388,0,14,324
2025-12-22,SKU-BED-014,808,0,7,202
2025-12-22,SKU-BED-015,777,0,21,311
2025-12-22,SKU-BED-016,162,432,21,540
2025-12-22,SKU-BED-017,136,363,28,454
2025-12-22,SKU-BED-018,1420,0,14,355
2025-12-22,SKU-BED-019,178,475,21,594
2025-12-22,SKU-BED-020,1475,0,21,590
2025-12-22,SKU-BED-021,189,505,28,632
2025-12-22,SKU-BED-022,836,0,21,209
2025-12-22,SKU-BED-023,2440,0,28,610
2025-12-22,SKU-BED-024,365,417,21,522
2025-12-22,SKU-BED-025,104,119,14,149
2025-12-22,SKU-BED-026,1717,0,28,687
2025-12-22,SKU-BED-027,78,0,7,65
2025-12-22,SKU-BED-028,159,0,7,133
2025-12-22,SKU-BED-029,43,116,7,145
2025-12-22,SKU-BED-030,2172,0,28,543
2025-12-22,SKU-BED-031,296,0,14,247
2025-12-22,SKU-BED-032,127,340,14,425
2025-12-22,SKU-BED-033,672,0,28,560
2025-12-22,SKU-BED-034,53,141,14,177
2025-12-22,SKU-BED-035,332,0,21,277
2025-12-22,SKU-BED-036,2408,0,28,602
2025-12-22,SKU-BED-037,688,0,7,172
2025-12-22,SKU-BED-038,349,399,21,499
2025-12-22,SKU-BED-039,65,173,7,217
2025-12-22,SKU-BED-040,3088,0,28,772
2025-12-22,SKU-FUR-041,197,225,14,282
2025-12-22,SKU-FUR-042,967,0,28,806
2025-12-22,SKU-FUR-043,48,129,7,162
2025-12-22,SKU-FUR-044,280,0,14,234
2025-12-22,SKU-FUR-045,145,166,14,208
2025-12-22,SKU-FUR-046,132,352,14,440
2025-12-22,SKU-FUR-047,394,0,21,329
2025-12-22,SKU-FUR-048,345,0,7,138
2025-12-22,SKU-FUR-049,113,302,14,378
2025-12-22,SKU-FUR-050,1904,0,21,476
2025-12-22,SKU-FUR-051,367,420,21,525
2025-12-22,SKU-FUR-052,142,0,7,119
2025-12-22,SKU-FUR-053,204,233,14,292
2025-12-22,SKU-FUR-054,422,0,21,352
2025-12-22,SKU-FUR-055,1085,0,21,434
2025-12-22,SKU-FUR-056,1468,0,21,367
2025-12-22,SKU-FUR-057,63,169,14,212
2025-12-22,SKU-FUR-058,65,175,14,219
2025-12-22,SKU-FUR-059,195,0,7,163
2025-12-22,SKU-FUR-060,2528,0,21,632
2025-12-22,SKU-FUR-061,140,375,21,469
2025-12-22,SKU-FUR-062,1796,0,21,449
2025-12-22,SKU-FUR-063,114,0,7,95
2025-12-22,SKU-FUR-064,517,0,14,207
2025-12-22,SKU-FUR-065,367,420,28,525
2025-12-22,SKU-FUR-066,1872,0,21,468
2025-12-22,SKU-FUR-067,1652,0,28,413
2025-12-22,SKU-FUR-068,170,0,7,142
2025-12-22,SKU-FUR-069,382,437,21,547
2025-12-22,SKU-FUR-070,387,442,28,553
2025-12-22,SKU-FUR-071,327,0,14,131
2025-12-22,SKU-FUR-072,1796,0,28,449
2025-12-22,SKU-FUR-073,652,0,14,261
2025-12-22,SKU-FUR-074,290,332,28,415
2025-12-22,SKU-FUR-075,435,0,7,174
2025-12-22,SKU-FUR-076,1496,0,21,374
2025-12-22,SKU-FUR-077,326,373,21,467
2025-12-22,SKU-FUR-078,144,386,28,483
2025-12-22,SKU-FUR-079,1840,0,14,460
2025-12-22,SKU-FUR-080,217,248,14,310
2025-12-22,SKU-DEC-081,85,97,7,122
2025-12-22,SKU-DEC-082,667,0,28,556
2025-12-22,SKU-DEC-083,456,0,7,114
2025-12-22,SKU-DEC-084,252,0,7,101
2025-12-22,SKU-DEC-085,920,0,14,368
2025-12-22,SKU-DEC-086,139,371,28,464
2025-12-22,SKU-DEC-087,748,0,7,187
2025-12-22,SKU-DEC-088,200,534,21,668
2025-12-22,SKU-DEC-089,107,285,14,357
2025-12-22,SKU-DEC-090,85,228,21,285
2025-12-22,SKU-DEC-091,523,598,28,748
2025-12-22,SKU-DEC-092,305,349,28,437
2025-12-22,SKU-DEC-093,453,518,28,648
2025-12-22,SKU-DEC-094,133,152,7,190
2025-12-22,SKU-DEC-095,48,130,7,163
2025-12-22,SKU-DEC-096,272,0,7,227
2025-12-22,SKU-DEC-097,242,0,7,202
2025-12-22,SKU-DEC-098,134,0,7,112
2025-12-22,SKU-DEC-099,307,0,7,123
2025-12-22,SKU-DEC-100,409,0,21,341
2025-12-22,SKU-DEC-101,872,0,28,727
2025-12-22,SKU-DEC-102,1008,0,21,252
2025-12-22,SKU-DEC-103,84,225,28,282
2025-12-22,SKU-DEC-104,64,172,21,216
2025-12-22,SKU-DEC-105,33,89,7,112
2025-12-22,SKU-DEC-106,552,0,7,221
2025-12-22,SKU-DEC-107,118,136,7,170
2025-12-22,SKU-DEC-108,397,454,21,568
2025-12-22,SKU-DEC-109,400,0,14,160
2025-12-22,SKU-DEC-110,260,0,7,65
2025-12-22,SKU-DEC-111,77,88,7,110
2025-12-22,SKU-DEC-112,100,114,7,143
2025-12-22,SKU-DEC-113,480,0,7,120
2025-12-22,SKU-DEC-114,1800,0,14,450
2025-12-22,SKU-DEC-115,840,0,14,210
2025-12-22,SKU-DEC-116,1037,0,14,415
2025-12-22,SKU-DEC-117,410,0,14,164
2025-12-22,SKU-DEC-118,88,236,28,295
2025-12-22,SKU-DEC-119,1090,0,21,436
2025-12-22,SKU-DEC-120,47,127,7,159
2025-12-22,SKU-LIG-121,106,284,14,356
2025-12-22,SKU-LIG-122,1412,0,28,353
2025-12-22,SKU-LIG-123,995,0,14,398
2025-12-22,SKU-LIG-124,310,355,14,444
2025-12-22,SKU-LIG-125,277,0,21,231
2025-12-22,SKU-LIG-126,416,0,7,104
2025-12-22,SKU-LIG-127,1880,0,21,470
2025-12-22,SKU-LIG-128,1060,0,14,265
2025-12-22,SKU-LIG-129,342,391,21,489
2025-12-22,SKU-LIG-130,99,266,14,333
2025-12-22,SKU-LIG-131,3092,0,28,773
2025-12-22,SKU-LIG-132,315,0,7,126
2025-12-22,SKU-LIG-133,2584,0,21,646
2025-12-22,SKU-LIG-134,900,0,14,225
2025-12-22,SKU-LIG-135,339,388,21,485
2025-12-22,SKU-LIG-136,378,432,28,540
2025-12-22,SKU-LIG-137,1268,0,14,317
2025-12-22,SKU-LIG-138,175,0,14,146
2025-12-22,SKU-LIG-139,537,0,14,448
2025-12-22,SKU-LIG-140,95,254,28,318
2025-12-22,SKU-LIG-141,114,305,14,382
2025-12-22,SKU-LIG-142,50,134,7,168
2025-12-22,SKU-LIG-143,805,0,21,322
2025-12-22,SKU-LIG-144,107,122,14,153
2025-12-22,SKU-LIG-145,772,0,21,309
2025-12-22,SKU-LIG-146,373,0,14,311
2025-12-22,SKU-LIG-147,124,142,14,178
2025-12-22,SKU-LIG-148,985,0,21,394
2025-12-22,SKU-LIG-149,500,572,28,715
2025-12-22,SKU-LIG-150,564,0,7,141
2025-12-22,SKU-LIG-151,272,0,7,68
2025-12-22,SKU-LIG-152,555,0,14,222
2025-12-22,SKU-LIG-153,1324,0,21,331
2025-12-22,SKU-LIG-154,2488,0,21,622
2025-12-22,SKU-LIG-155,896,0,21,224
2025-12-22,SKU-LIG-156,489,0,28,408
2025-12-22,SKU-LIG-157,535,0,14,214
2025-12-22,SKU-LIG-158,1564,0,14,391
2025-12-22,SKU-LIG-159,1944,0,21,486
2025-12-22,SKU-LIG-160,495,0,7,198
2025-12-22,SKU-SMA-161,240,0,7,96
2025-12-22,SKU-SMA-162,49,131,14,164
2025-12-22,SKU-SMA-163,502,0,14,201
2025-12-22,SKU-SMA-164,704,0,14,176
2025-12-22,SKU-SMA-165,1720,0,28,430
2025-12-22,SKU-SMA-166,60,68,7,86
2025-12-22,SKU-SMA-167,51,58,7,73
2025-12-22,SKU-SMA-168,490,0,7,196
2025-12-22,SKU-SMA-169,2604,0,28,651
2025-12-22,SKU-SMA-170,241,0,7,201
2025-12-22,SKU-SMA-171,2177,0,28,871
2025-12-22,SKU-SMA-172,1367,0,28,547
2025-12-22,SKU-SMA-173,1132,0,14,283
2025-12-22,SKU-SMA-174,410,0,21,342
2025-12-22,SKU-SMA-175,520,0,7,130
2025-12-22,SKU-SMA-176,97,260,21,326
2025-12-22,SKU-SMA-177,184,491,28,614
2025-12-22,SKU-SMA-178,1092,0,14,273
2025-12-22,SKU-SMA-179,1304,0,14,326
2025-12-22,SKU-SMA-180,1018,0,28,849
2025-12-22,SKU-SMA-181,930,0,14,372
2025-12-22,SKU-SMA-182,196,0,7,164
2025-12-22,SKU-SMA-183,167,0,7,67
2025-12-22,SKU-SMA-184,252,0,7,101
2025-12-22,SKU-SMA-185,158,422,21,528
2025-12-22,SKU-SMA-186,62,165,7,207
2025-12-22,SKU-SMA-187,338,387,21,484
2025-12-22,SKU-SMA-188,59,159,21,199
2025-12-22,SKU-SMA-189,3060,0,28,765
2025-12-22,SKU-SMA-190,280,320,14,401
2025-12-22,SKU-SMA-191,382,0,14,319
2025-12-22,SKU-SMA-192,458,0,14,382
2025-12-22,SKU-SMA-193,368,0,7,92
2025-12-22,SKU-SMA-194,360,0,14,300
2025-12-22,SKU-SMA-195,328,0,14,274
2025-12-22,SKU-SMA-196,76,87,7,109
2025-12-22,SKU-SMA-197,207,552,21,691
2025-12-22,SKU-SMA-198,340,0,7,136
2025-12-22,SKU-SMA-199,3196,0,28,799
2025-12-22,SKU-SMA-200,135,360,14,451
2025-12-29,SKU-BED-001,808,0,21,674
2025-12-29,SKU-BED-002,1468,0,14,367
2025-12-29,SKU-BED-003,3096,0,28,774
2025-12-29,SKU-BED-004,253,289,28,362
2025-12-29,SKU-BED-005,920,0,14,230
2025-12-29,SKU-BED-006,1600,0,28,640
2025-12-29,SKU-BED-007,525,0,14,438
2025-12-29,SKU-BED-008,797,0,14,319
2025-12-29,SKU-BED-009,129,344,14,431
2025-12-29,SKU-BED-010,1512,0,21,378
2025-12-29,SKU-BED-011,2210,0,28,884
2025-12-29,SKU-BED-012,240,0,7,96
2025-12-29,SKU-BED-013,194,0,7,162
2025-12-29,SKU-BED-014,1620,0,14,405
2025-12-29,SKU-BED-015,412,0,7,103
2025-12-29,SKU-BED-016,378,432,21,540
2025-12-29,SKU-BED-017,1360,0,21,340
2025-12-29,SKU-BED-018,887,0,14,355
2025-12-29,SKU-BED-019,277,316,14,396
2025-12-29,SKU-BED-020,3148,0,28,787
2025-12-29,SKU-BED-021,2528,0,28,632
2025-12-29,SKU-BED-022,250,0,21,209
2025-12-29,SKU-BED-023,1525,0,28,610
2025-12-29,SKU-BED-024,1392,0,14,348
2025-12-29,SKU-BED-025,745,0,28,298
2025-12-29,SKU-BED-026,618,0,21,515
2025-12-29,SKU-BED-027,312,0,28,260
2025-12-29,SKU-BED-028,160,427,28,534
2025-12-29,SKU-BED-029,725,0,14,290
2025-12-29,SKU-BED-030,94,108,7,135
2025-12-29,SKU-BED-031,492,0,7,123
2025-12-29,SKU-BED-032,255,680,28,851
2025-12-29,SKU-BED-033,294,336,21,420
2025-12-29,SKU-BED-034,105,0,7,88
2025-12-29,SKU-BED-035,1108,0,21,277
2025-12-29,SKU-BED-036,722,0,28,602
2025-12-29,SKU-BED-037,1376,0,14,344
2025-12-29,SKU-BED-038,465,532,28,665
2025-12-29,SKU-BED-039,151,173,7,217
2025-12-29,SKU-BED-040,173,463,21,579
2025-12-29,SKU-FUR-041,507,0,21,423
2025-12-29,SKU-FUR-042,181,484,21,605
2025-12-29,SKU-FUR-043,812,0,14,325
2025-12-29,SKU-FUR-044,327,374,28,468
2025-12-29,SKU-FUR-045,124,0,7,104
2025-12-29,SKU-FUR-046,132,352,14,440
2025-12-29,SKU-FUR-047,32,87,7,109
2025-12-29,SKU-FUR-048,193,221,14,277
2025-12-29,SKU-FUR-049,132,151,7,189
2025-12-29,SKU-FUR-050,142,380,21,476
2025-12-29,SKU-FUR-051,105,280,14,350
2025-12-29,SKU-FUR-052,1912,0,28,478
2025-12-29,SKU-FUR-053,584,0,7,146
2025-12-29,SKU-FUR-054,1880,0,28,470
2025-12-29,SKU-FUR-055,360,0,7,144
2025-12-29,SKU-FUR-056,1468,0,21,367
2025-12-29,SKU-FUR-057,797,0,21,319
2025-12-29,SKU-FUR-058,65,175,14,219
2025-12-29,SKU-FUR-059,97,260,14,326
2025-12-29,SKU-FUR-060,2528,0,21,632
2025-12-29,SKU-FUR-061,1876,0,21,469
2025-12-29,SKU-FUR-062,314,359,21,449
2025-12-29,SKU-FUR-063,456,0,28,380
2025-12-29,SKU-FUR-064,217,248,21,310
2025-12-29,SKU-FUR-065,367,420,28,525
2025-12-29,SKU-FUR-066,187,500,28,625
2025-12-29,SKU-FUR-067,93,248,21,310
2025-12-29,SKU-FUR-068,128,342,21,428
2025-12-29,SKU-FUR-069,164,437,21,547
2025-12-29,SKU-FUR-070,1656,0,21,414
2025-12-29,SKU-FUR-071,162,0,7,65
2025-12-29,SKU-FUR-072,1796,0,28,449
2025-12-29,SKU-FUR-073,182,208,14,261
2025-12-29,SKU-FUR-074,257,0,7,103
2025-12-29,SKU-FUR-075,837,0,28,698
2025-12-29,SKU-FUR-076,622,0,14,249
2025-12-29,SKU-FUR-077,217,248,14,311
2025-12-29,SKU-FUR-078,602,0,14,241
2025-12-29,SKU-FUR-079,276,736,28,921
2025-12-29,SKU-FUR-080,1165,0,21,466
2025-12-29,SKU-DEC-081,305,0,7,122
2025-12-29,SKU-DEC-082,667,0,28,556
2025-12-29,SKU-DEC-083,857,0,21,343
2025-12-29,SKU-DEC-084,284,324,28,406
2025-12-29,SKU-DEC-085,257,294,14,368
2025-12-29,SKU-DEC-086,81,92,7,116
2025-12-29,SKU-DEC-087,394,450,21,563
2025-12-29,SKU-DEC-088,311,356,14,445
2025-12-29,SKU-DEC-089,107,285,14,357
2025-12-29,SKU-DEC-090,266,304,28,380
2025-12-29,SKU-DEC-091,56,149,7,187
2025-12-29,SKU-DEC-092,393,0,21,328
2025-12-29,SKU-DEC-093,1620,0,28,648
2025-12-29,SKU-DEC-094,1524,0,14,381
2025-12-29,SKU-DEC-095,146,391,21,489
2025-12-29,SKU-DEC-096,158,181,7,227
2025-12-29,SKU-DEC-097,1012,0,14,405
2025-12-29,SKU-DEC-098,135,360,28,451
2025-12-29,SKU-DEC-099,147,0,7,123
2025-12-29,SKU-DEC-100,272,0,14,227
2025-12-29,SKU-DEC-101,2180,0,21,545
2025-12-29,SKU-DEC-102,336,0,7,84
2025-12-29,SKU-DEC-103,169,0,14,141
2025-12-29,SKU-DEC-104,43,115,14,144
2025-12-29,SKU-DEC-105,840,0,21,336
2025-12-29,SKU-DEC-106,796,0,21,664
2025-12-29,SKU-DEC-107,475,544,28,680
2025-12-29,SKU-DEC-108,132,151,7,189
2025-12-29,SKU-DEC-109,800,0,28,320
2025-12-29,SKU-DEC-110,136,156,21,195
2025-12-29,SKU-DEC-111,1107,0,28,443
2025-12-29,SKU-DEC-112,1075,0,21,430
2025-12-29,SKU-DEC-113,251,288,21,360
2025-12-29,SKU-DEC-114,2250,0,28,900
2025-12-29,SKU-DEC-115,1684,0,28,421
2025-12-29,SKU-DEC-116,62,165,7,207
2025-12-29,SKU-DEC-117,196,0,14,164
2025-12-29,SKU-DEC-118,44,117,14,147
2025-12-29,SKU-DEC-119,1090,0,21,436
2025-12-29,SKU-DEC-120,797,0,14,319
2025-12-29,SKU-LIG-121,53,142,7,178
2025-12-29,SKU-LIG-122,105,0,7,88
2025-12-29,SKU-LIG-123,139,159,7,199
2025-12-29,SKU-LIG-124,1066,0,28,889
2025-12-29,SKU-LIG-125,370,0,28,309
2025-12-29,SKU-LIG-126,146,167,14,209
2025-12-29,SKU-LIG-127,752,0,28,627
2025-12-29,SKU-LIG-128,1060,0,14,265
2025-12-29,SKU-LIG-129,782,0,28,652
2025-12-29,SKU-LIG-130,199,0,7,166
2025-12-29,SKU-LIG-131,3092,0,28,773
2025-12-29,SKU-LIG-132,456,0,21,380
2025-12-29,SKU-LIG-133,1034,0,28,862
2025-12-29,SKU-LIG-134,67,180,14,225
2025-12-29,SKU-LIG-135,145,388,21,485
2025-12-29,SKU-LIG-136,324,0,14,270
2025-12-29,SKU-LIG-137,570,0,21,475
2025-12-29,SKU-LIG-138,182,0,7,73
2025-12-29,SKU-LIG-139,2242,0,28,897
2025-12-29,SKU-LIG-140,397,0,14,159
2025-12-29,SKU-LIG-141,229,611,28,764
2025-12-29,SKU-LIG-142,672,0,7,168
2025-12-29,SKU-LIG-143,1288,0,21,322
2025-12-29,SKU-LIG-144,91,244,28,306
2025-12-29,SKU-LIG-145,123,0,7,103
2025-12-29,SKU-LIG-146,435,497,28,622
2025-12-29,SKU-LIG-147,107,285,28,357
2025-12-29,SKU-LIG-148,524,0,7,131
2025-12-29,SKU-LIG-149,53,142,7,178
2025-12-29,SKU-LIG-150,396,453,28,567
2025-12-29,SKU-LIG-151,191,218,28,273
2025-12-29,SKU-LIG-152,835,0,21,334
2025-12-29,SKU-LIG-153,77,88,7,110
2025-12-29,SKU-LIG-154,746,0,21,622
2025-12-29,SKU-LIG-155,88,0,7,74
2025-12-29,SKU-LIG-156,244,0,14,204
2025-12-29,SKU-LIG-157,74,85,7,107
2025-12-29,SKU-LIG-158,273,312,14,391
2025-12-29,SKU-LIG-159,2592,0,28,648
2025-12-29,SKU-LIG-160,950,0,28,792
2025-12-29,SKU-SMA-161,480,0,14,192
2025-12-29,SKU-SMA-162,1316,0,28,329
2025-12-29,SKU-SMA-163,211,241,21,302
2025-12-29,SKU-SMA-164,105,281,28,352
2025-12-29,SKU-SMA-165,128,0,7,107
2025-12-29,SKU-SMA-166,103,0,7,86
2025-12-29,SKU-SMA-167,1168,0,28,292
2025-12-29,SKU-SMA-168,117,313,14,392
2025-12-29,SKU-SMA-169,1627,0,28,651
2025-12-29,SKU-SMA-170,2416,0,21,604
2025-12-29,SKU-SMA-171,151,173,7,217
2025-12-29,SKU-SMA-172,163,0,7,136
2025-12-29,SKU-SMA-173,169,0,7,141
2025-12-29,SKU-SMA-174,410,0,21,342
2025-12-29,SKU-SMA-175,156,417,28,522
2025-12-29,SKU-SMA-176,151,173,14,217
2025-12-29,SKU-SMA-177,138,368,21,461
2025-12-29,SKU-SMA-178,1092,0,14,273
2025-12-29,SKU-SMA-179,588,0,21,490
2025-12-29,SKU-SMA-180,594,679,28,849
2025-12-29,SKU-SMA-181,521,596,28,745
2025-12-29,SKU-SMA-182,229,262,14,328
2025-12-29,SKU-SMA-183,93,107,14,134
2025-12-29,SKU-SMA-184,760,0,21,304
2025-12-29,SKU-SMA-185,633,0,21,528
2025-12-29,SKU-SMA-186,186,497,21,622
2025-12-29,SKU-SMA-187,2584,0,28,646
2025-12-29,SKU-SMA-188,79,212,28,265
2025-12-29,SKU-SMA-189,1435,0,21,574
2025-12-29,SKU-SMA-190,1002,0,14,401
2025-12-29,SKU-SMA-191,47,127,7,159
2025-12-29,SKU-SMA-192,229,0,7,191
2025-12-29,SKU-SMA-193,736,0,14,184
2025-12-29,SKU-SMA-194,720,0,28,600
2025-12-29,SKU-SMA-195,685,0,14,274
2025-12-29,SKU-SMA-196,1316,0,21,329
2025-12-29,SKU-SMA-197,69,184,7,230
2025-12-29,SKU-SMA-198,326,0,14,272
2025-12-29,SKU-SMA-199,718,0,21,599
2025-12-29,SKU-SMA-200,1692,0,21,677
